iteration,user_id,chosen_arm_index,model_name,reward,exploration_reward,accuracy_proxy,novelty_score,serendipity_score,alphas,betas,means,success_rates,temperature,exploration_rate
0,328,0,KBRS_Hybrid,0.5,1.0,0.0,1.0,0.0,[2.01 2.  ],[3.01 2.  ],[0.40039841 0.5       ],[0. 0.],0.995,0.0
1,283,0,KBRS_Hybrid,0.5,1.0,0.0,1.0,0.0,[2.02 2.  ],[4.02 2.  ],[0.33443709 0.5       ],[0. 0.],0.990025,0.0
2,227,1,Popularity_Baseline,0.5,1.0,0.0,0.1,0.0,[2.02 2.01],[4.02 3.01],[0.33443709 0.40039841],[0. 0.],0.985074875,0.3333333333333333
3,46,0,KBRS_Hybrid,0.5,1.0,0.0,1.0,0.0,[2.03 2.01],[5.03 3.01],[0.28753541 0.40039841],[0. 0.],0.9801495006250001,0.25
4,552,1,Popularity_Baseline,0.5,1.0,0.0,0.6,0.0,[2.03 2.02],[5.03 4.02],[0.28753541 0.33443709],[0. 0.],0.9752487531218751,0.4
5,182,1,Popularity_Baseline,0.0,0.0,0.0,0.0,0.0,[2.03 2.03],[5.03 5.03],[0.28753541 0.28753541],[0. 0.],0.9703725093562657,0.5
6,288,1,Popularity_Baseline,0.0,0.0,0.0,0.0,0.0,[2.03 2.04],[5.03 6.04],[0.28753541 0.25247525],[0. 0.],0.9655206468094844,0.42857142857142855
7,503,1,Popularity_Baseline,0.5,1.0,0.0,0.3,0.0,[2.03 2.05],[5.03 7.05],[0.28753541 0.22527473],[0. 0.],0.960693043575437,0.375
8,413,0,KBRS_Hybrid,0.5,1.0,0.0,1.0,0.0,[2.04 2.05],[6.04 7.05],[0.25247525 0.22527473],[0. 0.],0.9558895783575597,0.4444444444444444
9,82,1,Popularity_Baseline,0.5,1.0,0.0,0.4,0.0,[2.04 2.06],[6.04 8.06],[0.25247525 0.20355731],[0. 0.],0.9511101304657719,0.4
10,283,0,KBRS_Hybrid,0.5,1.0,0.0,0.0,0.0,[2.05 2.06],[7.05 8.06],[0.22527473 0.20355731],[0. 0.],0.946354579813443,0.45454545454545453
11,164,1,Popularity_Baseline,0.5,1.0,0.0,0.7,0.0,[2.05 2.07],[7.05 9.07],[0.22527473 0.18581688],[0. 0.],0.9416228069143757,0.4166666666666667
12,96,0,KBRS_Hybrid,0.5,1.0,0.0,1.0,0.0,[2.06 2.07],[8.06 9.07],[0.20355731 0.18581688],[0. 0.],0.9369146928798039,0.46153846153846156
13,551,0,KBRS_Hybrid,0.5,1.0,0.0,1.0,0.0,[2.07 2.07],[9.07 9.07],[0.18581688 0.18581688],[0. 0.],0.9322301194154049,0.5
14,566,0,KBRS_Hybrid,0.5,1.0,0.0,1.0,0.0,[2.08 2.07],[10.08  9.07],[0.17105263 0.18581688],[0. 0.],0.9275689688183278,0.4666666666666667
15,441,0,KBRS_Hybrid,0.5,1.0,0.0,1.0,0.0,[2.09 2.07],[11.09  9.07],[0.1585736  0.18581688],[0. 0.],0.9229311239742362,0.4375
16,429,0,KBRS_Hybrid,0.5,1.0,0.0,1.0,0.0,[2.1  2.07],[12.1   9.07],[0.14788732 0.18581688],[0. 0.],0.918316468354365,0.4117647058823529
17,100,1,Popularity_Baseline,0.5,1.0,0.0,0.8,0.0,[2.1  2.08],[12.1  10.08],[0.14788732 0.17105263],[0. 0.],0.9137248860125932,0.4444444444444444
18,11,1,Popularity_Baseline,0.5,1.0,0.0,0.4,0.0,[2.1  2.09],[12.1  11.09],[0.14788732 0.1585736 ],[0. 0.],0.9091562615825302,0.47368421052631576
19,280,1,Popularity_Baseline,0.5,1.0,0.0,0.9,0.0,[2.1 2.1],[12.1 12.1],[0.14788732 0.14788732],[0. 0.],0.9046104802746175,0.5
20,71,0,KBRS_Hybrid,0.5,1.0,0.0,1.0,0.0,[2.11 2.1 ],[13.11 12.1 ],[0.13863338 0.14788732],[0. 0.],0.9000874278732445,0.47619047619047616
21,467,0,KBRS_Hybrid,0.5,1.0,0.0,1.0,0.0,[2.12 2.1 ],[14.12 12.1 ],[0.13054187 0.14788732],[0. 0.],0.8955869907338783,0.45454545454545453
22,229,1,Popularity_Baseline,0.5,1.0,0.0,0.2,0.0,[2.12 2.11],[14.12 13.11],[0.13054187 0.13863338],[0. 0.],0.8911090557802088,0.4782608695652174
23,146,0,KBRS_Hybrid,0.5,1.0,0.0,1.0,0.0,[2.13 2.11],[15.13 13.11],[0.12340672 0.13863338],[0. 0.],0.8866535105013078,0.4583333333333333
24,74,0,KBRS_Hybrid,0.5,1.0,0.0,1.0,0.0,[2.14 2.11],[16.14 13.11],[0.11706783 0.13863338],[0. 0.],0.8822202429488013,0.44
25,433,1,Popularity_Baseline,0.5,1.0,0.0,0.5,0.0,[2.14 2.12],[16.14 14.12],[0.11706783 0.13054187],[0. 0.],0.8778091417340573,0.46153846153846156
26,97,0,KBRS_Hybrid,0.5,1.0,0.0,1.0,0.0,[2.15 2.12],[17.15 14.12],[0.11139896 0.13054187],[0. 0.],0.8734200960253871,0.4444444444444444
27,260,0,KBRS_Hybrid,0.5,1.0,0.0,1.0,0.0,[2.16 2.12],[18.16 14.12],[0.10629921 0.13054187],[0. 0.],0.8690529955452602,0.42857142857142855
28,270,0,KBRS_Hybrid,0.5,1.0,0.0,1.0,0.0,[2.17 2.12],[19.17 14.12],[0.10168697 0.13054187],[0. 0.],0.8647077305675338,0.41379310344827586
29,374,1,Popularity_Baseline,0.5,1.0,0.0,0.5,0.0,[2.17 2.13],[19.17 15.13],[0.10168697 0.12340672],[0. 0.],0.8603841919146962,0.43333333333333335
30,51,0,KBRS_Hybrid,0.5,1.0,0.0,1.0,0.0,[2.18 2.13],[20.18 15.13],[0.09749553 0.12340672],[0. 0.],0.8560822709551227,0.41935483870967744
31,217,0,KBRS_Hybrid,0.5,1.0,0.0,1.0,0.0,[2.19 2.13],[21.19 15.13],[0.0936698  0.12340672],[0. 0.],0.851801859600347,0.40625
32,176,0,KBRS_Hybrid,0.5,1.0,0.0,1.0,0.0,[2.2  2.13],[22.2  15.13],[0.09016393 0.12340672],[0. 0.],0.8475428503023453,0.3939393939393939
33,27,1,Popularity_Baseline,0.5,1.0,0.0,0.7,0.0,[2.2  2.14],[22.2  16.14],[0.09016393 0.11706783],[0. 0.],0.8433051360508336,0.4117647058823529
34,451,0,KBRS_Hybrid,0.5,1.0,0.0,1.0,0.0,[2.21 2.14],[23.21 16.14],[0.08693942 0.11706783],[0. 0.],0.8390886103705794,0.4
35,185,1,Popularity_Baseline,0.5,1.0,0.0,1.0,0.0,[2.21 2.15],[23.21 17.15],[0.08693942 0.11139896],[0. 0.],0.8348931673187264,0.4166666666666667
36,128,1,Popularity_Baseline,0.5,1.0,0.0,0.7,0.0,[2.21 2.16],[23.21 18.16],[0.08693942 0.10629921],[0. 0.],0.8307187014821328,0.43243243243243246
37,396,0,KBRS_Hybrid,0.5,1.0,0.0,1.0,0.0,[2.22 2.16],[24.22 18.16],[0.08396369 0.10629921],[0. 0.],0.8265651079747222,0.42105263157894735
38,29,0,KBRS_Hybrid,0.5,1.0,0.0,1.0,0.0,[2.23 2.16],[25.23 18.16],[0.08120903 0.10629921],[0. 0.],0.8224322824348486,0.41025641025641024
39,493,1,Popularity_Baseline,0.5,1.0,0.0,0.6,0.0,[2.23 2.17],[25.23 19.17],[0.08120903 0.10168697],[0. 0.],0.8183201210226743,0.425
40,178,0,KBRS_Hybrid,0.5,1.0,0.0,1.0,0.0,[2.24 2.17],[26.24 19.17],[0.07865169 0.10168697],[0. 0.],0.8142285204175609,0.4146341463414634
41,98,0,KBRS_Hybrid,0.5,1.0,0.0,1.0,0.0,[2.25 2.17],[27.25 19.17],[0.07627119 0.10168697],[0. 0.],0.810157377815473,0.40476190476190477
42,147,1,Popularity_Baseline,0.5,1.0,0.0,1.0,0.0,[2.25 2.18],[27.25 20.18],[0.07627119 0.09749553],[0. 0.],0.8061065909263957,0.4186046511627907
43,21,1,Popularity_Baseline,0.5,1.0,0.0,0.4,0.0,[2.25 2.19],[27.25 21.19],[0.07627119 0.0936698 ],[0. 0.],0.8020760579717637,0.4318181818181818
44,567,1,Popularity_Baseline,0.5,1.0,0.0,0.7,0.0,[2.25 2.2 ],[27.25 22.2 ],[0.07627119 0.09016393],[0. 0.],0.798065677681905,0.4444444444444444
45,532,0,KBRS_Hybrid,0.5,1.0,0.0,1.0,0.0,[2.26 2.2 ],[28.26 22.2 ],[0.0740498  0.09016393],[0. 0.],0.7940753492934954,0.43478260869565216
46,250,1,Popularity_Baseline,0.5,1.0,0.0,0.9,0.0,[2.26 2.21],[28.26 23.21],[0.0740498  0.08693942],[0. 0.],0.7901049725470279,0.44680851063829785
47,194,0,KBRS_Hybrid,0.5,1.0,0.0,1.0,0.0,[2.27 2.21],[29.27 23.21],[0.0719721  0.08693942],[0. 0.],0.7861544476842928,0.4375
48,505,0,KBRS_Hybrid,0.5,1.0,0.0,1.0,0.0,[2.28 2.21],[30.28 23.21],[0.07002457 0.08693942],[0. 0.],0.7822236754458713,0.42857142857142855
49,137,0,KBRS_Hybrid,0.5,1.0,0.0,1.0,0.0,[2.29 2.21],[31.29 23.21],[0.06819535 0.08693942],[0. 0.],0.778312557068642,0.42
50,360,1,Popularity_Baseline,0.5,1.0,0.0,1.0,0.0,[2.29 2.22],[31.29 24.22],[0.06819535 0.08396369],[0. 0.],0.7744209942832988,0.43137254901960786
51,96,1,Popularity_Baseline,0.5,1.0,0.0,0.3,0.0,[2.29 2.23],[31.29 25.23],[0.06819535 0.08120903],[0. 0.],0.7705488893118823,0.4423076923076923
52,580,1,Popularity_Baseline,0.0,0.0,0.0,0.0,0.0,[2.29 2.24],[31.29 26.24],[0.06819535 0.07865169],[0. 0.],0.7666961448653229,0.4528301886792453
53,327,0,KBRS_Hybrid,0.5,1.0,0.0,1.0,0.0,[2.3  2.24],[32.3  26.24],[0.06647399 0.07865169],[0. 0.],0.7628626641409962,0.4444444444444444
54,378,0,KBRS_Hybrid,0.5,1.0,0.0,1.0,0.0,[2.31 2.24],[33.31 26.24],[0.06485121 0.07865169],[0. 0.],0.7590483508202912,0.43636363636363634
55,188,0,KBRS_Hybrid,0.5,1.0,0.0,1.0,0.0,[2.32 2.24],[34.32 26.24],[0.06331878 0.07865169],[0. 0.],0.7552531090661897,0.42857142857142855
56,405,0,KBRS_Hybrid,0.5,1.0,0.0,1.0,0.0,[2.33 2.24],[35.33 26.24],[0.06186936 0.07865169],[0. 0.],0.7514768435208588,0.42105263157894735
57,524,0,KBRS_Hybrid,0.5,1.0,0.0,1.0,0.0,[2.34 2.24],[36.34 26.24],[0.06049638 0.07865169],[0. 0.],0.7477194593032545,0.41379310344827586
58,465,1,Popularity_Baseline,0.5,1.0,0.0,0.6,0.0,[2.34 2.25],[36.34 27.25],[0.06049638 0.07627119],[0. 0.],0.7439808620067382,0.423728813559322
59,83,1,Popularity_Baseline,0.5,1.0,0.0,0.6,0.0,[2.34 2.26],[36.34 28.26],[0.06049638 0.0740498 ],[0. 0.],0.7402609576967045,0.43333333333333335
60,592,1,Popularity_Baseline,0.5,1.0,0.0,0.3,0.0,[2.34 2.27],[36.34 29.27],[0.06049638 0.0719721 ],[0. 0.],0.736559652908221,0.4426229508196721
61,371,0,KBRS_Hybrid,0.5,1.0,0.0,1.0,0.0,[2.35 2.27],[37.35 29.27],[0.05919395 0.0719721 ],[0. 0.],0.7328768546436799,0.43548387096774194
62,168,0,KBRS_Hybrid,0.5,1.0,0.0,1.0,0.0,[2.36 2.27],[38.36 29.27],[0.05795678 0.0719721 ],[0. 0.],0.7292124703704616,0.42857142857142855
63,160,1,Popularity_Baseline,0.5,1.0,0.0,0.1,0.0,[2.36 2.28],[38.36 30.28],[0.05795678 0.07002457],[0. 0.],0.7255664080186093,0.4375
64,479,0,KBRS_Hybrid,0.5,1.0,0.0,1.0,0.0,[2.37 2.28],[39.37 30.28],[0.05678007 0.07002457],[0. 0.],0.7219385759785162,0.4307692307692308
65,395,0,KBRS_Hybrid,0.5,1.0,0.0,1.0,0.0,[2.38 2.28],[40.38 30.28],[0.05565949 0.07002457],[0. 0.],0.7183288830986236,0.42424242424242425
66,434,0,KBRS_Hybrid,0.5,1.0,0.0,1.0,0.0,[2.39 2.28],[41.39 30.28],[0.05459114 0.07002457],[0. 0.],0.7147372386831305,0.417910447761194
67,94,1,Popularity_Baseline,0.5,1.0,0.0,0.3,0.0,[2.39 2.29],[41.39 31.29],[0.05459114 0.06819535],[0. 0.],0.7111635524897149,0.4264705882352941
68,354,1,Popularity_Baseline,0.5,1.0,0.0,0.1,0.0,[2.39 2.3 ],[41.39 32.3 ],[0.05459114 0.06647399],[0. 0.],0.7076077347272662,0.43478260869565216
69,250,1,Popularity_Baseline,0.5,1.0,0.0,0.0,0.0,[2.39 2.31],[41.39 33.31],[0.05459114 0.06485121],[0. 0.],0.7040696960536299,0.44285714285714284
70,540,0,KBRS_Hybrid,0.5,1.0,0.0,1.0,0.0,[2.4  2.31],[42.4  33.31],[0.05357143 0.06485121],[0. 0.],0.7005493475733617,0.43661971830985913
71,512,1,Popularity_Baseline,0.5,1.0,0.0,0.2,0.0,[2.4  2.32],[42.4  34.32],[0.05357143 0.06331878],[0. 0.],0.697046600835495,0.4444444444444444
72,157,1,Popularity_Baseline,0.5,1.0,0.0,0.9,0.0,[2.4  2.33],[42.4  35.33],[0.05357143 0.06186936],[0. 0.],0.6935613678313175,0.4520547945205479
73,69,0,KBRS_Hybrid,0.5,1.0,0.0,1.0,0.0,[2.41 2.33],[43.41 35.33],[0.05259712 0.06186936],[0. 0.],0.6900935609921609,0.44594594594594594
74,362,0,KBRS_Hybrid,0.5,1.0,0.0,1.0,0.0,[2.42 2.33],[44.42 35.33],[0.05166524 0.06186936],[0. 0.],0.6866430931872001,0.44
75,28,1,Popularity_Baseline,0.0,0.0,0.0,0.0,0.0,[2.42 2.34],[44.42 36.34],[0.05166524 0.06049638],[0. 0.],0.6832098777212641,0.4473684210526316
76,223,1,Popularity_Baseline,0.5,1.0,0.0,0.3,0.0,[2.42 2.35],[44.42 37.35],[0.05166524 0.05919395],[0. 0.],0.6797938283326578,0.45454545454545453
77,535,0,KBRS_Hybrid,0.5,1.0,0.0,1.0,0.0,[2.43 2.35],[45.43 37.35],[0.05077309 0.05919395],[0. 0.],0.6763948591909945,0.44871794871794873
78,80,1,Popularity_Baseline,0.5,1.0,0.0,0.7,0.0,[2.43 2.36],[45.43 38.36],[0.05077309 0.05795678],[0. 0.],0.6730128848950395,0.45569620253164556
79,141,0,KBRS_Hybrid,0.5,1.0,0.0,1.0,0.0,[2.44 2.36],[46.44 38.36],[0.04991817 0.05795678],[0. 0.],0.6696478204705644,0.45
80,37,1,Popularity_Baseline,0.5,1.0,0.0,0.6,0.0,[2.44 2.37],[46.44 39.37],[0.04991817 0.05678007],[0. 0.],0.6662995813682115,0.4567901234567901
81,560,0,KBRS_Hybrid,0.5,1.0,0.0,1.0,0.0,[2.45 2.37],[47.45 39.37],[0.0490982  0.05678007],[0. 0.],0.6629680834613705,0.45121951219512196
82,490,1,Popularity_Baseline,0.5,1.0,0.0,0.6,0.0,[2.45 2.38],[47.45 40.38],[0.0490982  0.05565949],[0. 0.],0.6596532430440636,0.4578313253012048
83,180,1,Popularity_Baseline,0.5,1.0,0.0,0.8,0.0,[2.45 2.39],[47.45 41.39],[0.0490982  0.05459114],[0. 0.],0.6563549768288433,0.4642857142857143
84,124,0,KBRS_Hybrid,0.5,1.0,0.0,1.0,0.0,[2.46 2.39],[48.46 41.39],[0.04831108 0.05459114],[0. 0.],0.653073201944699,0.4588235294117647
85,363,1,Popularity_Baseline,0.5,1.0,0.0,0.6,0.0,[2.46 2.4 ],[48.46 42.4 ],[0.04831108 0.05357143],[0. 0.],0.6498078359349755,0.46511627906976744
86,378,1,Popularity_Baseline,0.5,1.0,0.0,0.7,0.0,[2.46 2.41],[48.46 43.41],[0.04831108 0.05259712],[0. 0.],0.6465587967553006,0.47126436781609193
87,347,1,Popularity_Baseline,0.5,1.0,0.0,0.6,0.0,[2.46 2.42],[48.46 44.42],[0.04831108 0.05166524],[0. 0.],0.6433260027715241,0.4772727272727273
88,40,1,Popularity_Baseline,0.5,1.0,0.0,0.7,0.0,[2.46 2.43],[48.46 45.43],[0.04831108 0.05077309],[0. 0.],0.6401093727576664,0.48314606741573035
89,511,1,Popularity_Baseline,0.5,1.0,0.0,0.6,0.0,[2.46 2.44],[48.46 46.44],[0.04831108 0.04991817],[0. 0.],0.6369088258938781,0.4888888888888889
90,135,0,KBRS_Hybrid,0.5,1.0,0.0,1.0,0.0,[2.47 2.44],[49.47 46.44],[0.04755487 0.04991817],[0. 0.],0.6337242817644086,0.4835164835164835
91,89,0,KBRS_Hybrid,0.5,1.0,0.0,1.0,0.0,[2.48 2.44],[50.48 46.44],[0.04682779 0.04991817],[0. 0.],0.6305556603555866,0.4782608695652174
92,14,0,KBRS_Hybrid,0.5,1.0,0.0,1.0,0.0,[2.49 2.44],[51.49 46.44],[0.0461282  0.04991817],[0. 0.],0.6274028820538087,0.4731182795698925
93,246,1,Popularity_Baseline,0.5,1.0,0.0,0.5,0.0,[2.49 2.45],[51.49 47.45],[0.0461282 0.0490982],[0. 0.],0.6242658676435396,0.4787234042553192
94,9,1,Popularity_Baseline,0.5,1.0,0.0,1.0,0.0,[2.49 2.46],[51.49 48.46],[0.0461282  0.04831108],[0. 0.],0.6211445383053219,0.4842105263157895
95,534,1,Popularity_Baseline,0.5,1.0,0.0,0.5,0.0,[2.49 2.47],[51.49 49.47],[0.0461282  0.04755487],[0. 0.],0.6180388156137953,0.4895833333333333
96,555,0,KBRS_Hybrid,1.0,1.0,1.0,1.0,0.0,[3.5  2.47],[51.5  49.47],[0.06363636 0.04755487],[0.02 0.  ],0.6149486215357263,0.4845360824742268
97,204,0,KBRS_Hybrid,1.0,1.0,1.0,1.0,0.0,[4.51 2.47],[51.51 49.47],[0.08050696 0.04755487],[0.03921569 0.        ],0.6118738784280476,0.47959183673469385
98,233,0,KBRS_Hybrid,1.0,1.0,1.0,1.0,0.0,[5.52 2.47],[51.52 49.47],[0.09677419 0.04755487],[0.05769231 0.        ],0.6088145090359074,0.47474747474747475
99,107,0,KBRS_Hybrid,1.0,1.0,1.0,1.0,0.0,[6.53 2.47],[51.53 49.47],[0.11246986 0.04755487],[0.0754717 0.       ],0.6057704364907278,0.47
100,132,0,KBRS_Hybrid,1.0,1.0,1.0,1.0,0.0,[7.54 2.47],[51.54 49.47],[0.12762356 0.04755487],[0.09259259 0.        ],0.6027415843082742,0.46534653465346537
101,16,0,KBRS_Hybrid,1.0,1.0,1.0,1.0,0.0,[8.55 2.47],[51.55 49.47],[0.1422629  0.04755487],[0.10909091 0.        ],0.5997278763867329,0.46078431372549017
102,235,0,KBRS_Hybrid,1.0,1.0,1.0,1.0,0.0,[9.56 2.47],[51.56 49.47],[0.15641361 0.04755487],[0.125 0.   ],0.5967292370047992,0.4563106796116505
103,322,0,KBRS_Hybrid,1.0,1.0,1.0,1.0,0.0,[10.57  2.47],[51.57 49.47],[0.17009977 0.04755487],[0.14035088 0.        ],0.5937455908197752,0.4519230769230769
104,324,0,KBRS_Hybrid,1.0,1.0,1.0,1.0,0.0,[11.58  2.47],[51.58 49.47],[0.18334389 0.04755487],[0.15517241 0.        ],0.5907768628656763,0.44761904761904764
105,544,0,KBRS_Hybrid,1.0,1.0,1.0,1.0,0.0,[12.59  2.47],[51.59 49.47],[0.19616703 0.04755487],[0.16949153 0.        ],0.5878229785513479,0.44339622641509435
106,331,0,KBRS_Hybrid,1.0,1.0,1.0,1.0,0.0,[13.6   2.47],[51.6  49.47],[0.20858896 0.04755487],[0.18333333 0.        ],0.5848838636585911,0.4392523364485981
107,302,0,KBRS_Hybrid,1.0,1.0,1.0,1.0,0.0,[14.61  2.47],[51.61 49.47],[0.22062821 0.04755487],[0.19672131 0.        ],0.5819594443402982,0.4351851851851852
108,485,0,KBRS_Hybrid,1.0,1.0,1.0,1.0,0.0,[15.62  2.47],[51.62 49.47],[0.2323022  0.04755487],[0.20967742 0.        ],0.5790496471185967,0.43119266055045874
109,97,0,KBRS_Hybrid,1.0,1.0,1.0,0.0,0.0,[16.63  2.47],[51.63 49.47],[0.24362731 0.04755487],[0.22222222 0.        ],0.5761543988830038,0.42727272727272725
110,131,0,KBRS_Hybrid,1.0,1.0,1.0,1.0,0.0,[17.64  2.47],[51.64 49.47],[0.25461894 0.04755487],[0.234375 0.      ],0.5732736268885887,0.42342342342342343
111,298,0,KBRS_Hybrid,1.0,1.0,1.0,1.0,0.0,[18.65  2.47],[51.65 49.47],[0.26529161 0.04755487],[0.24615385 0.        ],0.5704072587541458,0.41964285714285715
112,102,0,KBRS_Hybrid,1.0,1.0,1.0,1.0,0.0,[19.66  2.47],[51.66 49.47],[0.275659   0.04755487],[0.25757576 0.        ],0.567555222460375,0.415929203539823
113,274,0,KBRS_Hybrid,1.0,1.0,1.0,1.0,0.0,[20.67  2.47],[51.67 49.47],[0.28573403 0.04755487],[0.26865672 0.        ],0.5647174463480732,0.41228070175438597
114,145,0,KBRS_Hybrid,1.0,1.0,1.0,1.0,0.0,[21.68  2.47],[51.68 49.47],[0.2955289  0.04755487],[0.27941176 0.        ],0.5618938591163328,0.40869565217391307
115,306,0,KBRS_Hybrid,1.0,1.0,1.0,1.0,0.0,[22.69  2.47],[51.69 49.47],[0.30505512 0.04755487],[0.28985507 0.        ],0.5590843898207511,0.4051724137931034
116,211,0,KBRS_Hybrid,1.0,1.0,1.0,1.0,0.0,[23.7   2.47],[51.7  49.47],[0.31432361 0.04755487],[0.3 0. ],0.5562889678716474,0.4017094017094017
117,526,0,KBRS_Hybrid,1.0,1.0,1.0,1.0,0.0,[24.71  2.47],[51.71 49.47],[0.32334467 0.04755487],[0.30985915 0.        ],0.5535075230322891,0.3983050847457627
118,570,0,KBRS_Hybrid,1.0,1.0,1.0,1.0,0.0,[25.72  2.47],[51.72 49.47],[0.3321281  0.04755487],[0.31944444 0.        ],0.5507399854171277,0.3949579831932773
119,527,0,KBRS_Hybrid,1.0,1.0,1.0,1.0,0.0,[26.73  2.47],[51.73 49.47],[0.34068315 0.04755487],[0.32876712 0.        ],0.547986285490042,0.39166666666666666
120,349,0,KBRS_Hybrid,1.0,1.0,1.0,1.0,0.0,[27.74  2.47],[51.74 49.47],[0.34901862 0.04755487],[0.33783784 0.        ],0.5452463540625918,0.3884297520661157
121,218,0,KBRS_Hybrid,1.0,1.0,1.0,1.0,0.0,[28.75  2.47],[51.75 49.47],[0.35714286 0.04755487],[0.34666667 0.        ],0.5425201222922789,0.38524590163934425
122,588,0,KBRS_Hybrid,1.0,1.0,1.0,1.0,0.0,[29.76  2.47],[51.76 49.47],[0.36506379 0.04755487],[0.35526316 0.        ],0.5398075216808175,0.3821138211382114
123,401,0,KBRS_Hybrid,1.0,1.0,1.0,1.0,0.0,[30.77  2.47],[51.77 49.47],[0.37278895 0.04755487],[0.36363636 0.        ],0.5371084840724134,0.3790322580645161
124,231,0,KBRS_Hybrid,1.0,1.0,1.0,1.0,0.0,[31.78  2.47],[51.78 49.47],[0.38032551 0.04755487],[0.37179487 0.        ],0.5344229416520513,0.376
125,388,0,KBRS_Hybrid,1.0,1.0,1.0,1.0,0.0,[32.79  2.47],[51.79 49.47],[0.3876803  0.04755487],[0.37974684 0.        ],0.531750826943791,0.373015873015873
126,426,0,KBRS_Hybrid,1.0,1.0,1.0,1.0,0.0,[33.8   2.47],[51.8  49.47],[0.39485981 0.04755487],[0.3875 0.    ],0.5290920728090721,0.3700787401574803
127,593,0,KBRS_Hybrid,1.0,1.0,1.0,1.0,0.0,[34.81  2.47],[51.81 49.47],[0.40187024 0.04755487],[0.39506173 0.        ],0.5264466124450268,0.3671875
128,15,0,KBRS_Hybrid,1.0,1.0,1.0,1.0,0.0,[35.82  2.47],[51.82 49.47],[0.40871748 0.04755487],[0.40243902 0.        ],0.5238143793828016,0.3643410852713178
129,307,0,KBRS_Hybrid,1.0,1.0,1.0,1.0,0.0,[36.83  2.47],[51.83 49.47],[0.41540717 0.04755487],[0.40963855 0.        ],0.5211953074858876,0.36153846153846153
130,342,0,KBRS_Hybrid,1.0,1.0,1.0,1.0,0.0,[37.84  2.47],[51.84 49.47],[0.42194469 0.04755487],[0.41666667 0.        ],0.5185893309484582,0.35877862595419846
131,357,0,KBRS_Hybrid,1.0,1.0,1.0,1.0,0.0,[38.85  2.47],[51.85 49.47],[0.42833517 0.04755487],[0.42352941 0.        ],0.5159963842937159,0.3560606060606061
132,373,0,KBRS_Hybrid,1.0,1.0,1.0,1.0,0.0,[39.86  2.47],[51.86 49.47],[0.43458352 0.04755487],[0.43023256 0.        ],0.5134164023722473,0.3533834586466165
133,300,0,KBRS_Hybrid,1.0,1.0,1.0,1.0,0.0,[40.87  2.47],[51.87 49.47],[0.44069441 0.04755487],[0.43678161 0.        ],0.510849320360386,0.35074626865671643
134,144,0,KBRS_Hybrid,1.0,1.0,1.0,1.0,0.0,[41.88  2.47],[51.88 49.47],[0.44667235 0.04755487],[0.44318182 0.        ],0.5082950737585841,0.34814814814814815
135,334,0,KBRS_Hybrid,1.0,1.0,1.0,1.0,0.0,[42.89  2.47],[51.89 49.47],[0.45252163 0.04755487],[0.4494382 0.       ],0.5057535983897912,0.34558823529411764
136,557,0,KBRS_Hybrid,1.0,1.0,1.0,1.0,0.0,[43.9   2.47],[51.9  49.47],[0.45824635 0.04755487],[0.45555556 0.        ],0.5032248303978422,0.34306569343065696
137,269,0,KBRS_Hybrid,1.0,1.0,1.0,1.0,0.0,[44.91  2.47],[51.91 49.47],[0.46385044 0.04755487],[0.46153846 0.        ],0.500708706245853,0.34057971014492755
138,388,0,KBRS_Hybrid,1.0,1.0,1.0,0.0,0.0,[45.92  2.47],[51.92 49.47],[0.46933769 0.04755487],[0.4673913 0.       ],0.4982051627146237,0.3381294964028777
139,358,0,KBRS_Hybrid,1.0,1.0,1.0,1.0,0.0,[46.93  2.47],[51.93 49.47],[0.47471171 0.04755487],[0.47311828 0.        ],0.49571413690105054,0.3357142857142857
140,322,0,KBRS_Hybrid,1.0,1.0,1.0,0.0,0.0,[47.94  2.47],[51.94 49.47],[0.47997597 0.04755487],[0.4787234 0.       ],0.4932355662165453,0.3333333333333333
141,92,0,KBRS_Hybrid,1.0,1.0,1.0,1.0,0.0,[48.95  2.47],[51.95 49.47],[0.4851338  0.04755487],[0.48421053 0.        ],0.4907693883854626,0.33098591549295775
142,497,0,KBRS_Hybrid,1.0,1.0,1.0,1.0,0.0,[49.96  2.47],[51.96 49.47],[0.49018838 0.04755487],[0.48958333 0.        ],0.4883155414435353,0.32867132867132864
143,395,0,KBRS_Hybrid,1.0,1.0,1.0,0.0,0.0,[50.97  2.47],[51.97 49.47],[0.4951428  0.04755487],[0.49484536 0.        ],0.4858739637363176,0.3263888888888889
144,42,0,KBRS_Hybrid,1.0,1.0,1.0,1.0,0.0,[51.98  2.47],[51.98 49.47],[0.5        0.04755487],[0.5 0. ],0.483444593917636,0.32413793103448274
145,456,0,KBRS_Hybrid,1.0,1.0,1.0,1.0,0.0,[52.99  2.47],[51.99 49.47],[0.50476281 0.04755487],[0.50505051 0.        ],0.4810273709480478,0.3219178082191781
146,545,0,KBRS_Hybrid,1.0,1.0,1.0,1.0,0.0,[54.    2.47],[52.   49.47],[0.50943396 0.04755487],[0.51 0.  ],0.47862223409330756,0.3197278911564626
147,325,0,KBRS_Hybrid,1.0,1.0,1.0,1.0,0.0,[55.01  2.47],[52.01 49.47],[0.51401607 0.04755487],[0.51485149 0.        ],0.47622912292284103,0.31756756756756754
148,299,0,KBRS_Hybrid,1.0,1.0,1.0,1.0,0.0,[56.02  2.47],[52.02 49.47],[0.51851166 0.04755487],[0.51960784 0.        ],0.4738479773082268,0.31543624161073824
149,131,0,KBRS_Hybrid,1.0,1.0,1.0,0.0,0.0,[57.03  2.47],[52.03 49.47],[0.52292316 0.04755487],[0.52427184 0.        ],0.47147873742168567,0.31333333333333335
150,563,0,KBRS_Hybrid,1.0,1.0,1.0,1.0,0.0,[58.04  2.47],[52.04 49.47],[0.52725291 0.04755487],[0.52884615 0.        ],0.46912134373457726,0.31125827814569534
151,485,0,KBRS_Hybrid,1.0,1.0,1.0,0.0,0.0,[59.05  2.47],[52.05 49.47],[0.53150315 0.04755487],[0.53333333 0.        ],0.46677573701590436,0.3092105263157895
152,91,0,KBRS_Hybrid,1.0,1.0,1.0,1.0,0.0,[60.06  2.47],[52.06 49.47],[0.53567606 0.04755487],[0.53773585 0.        ],0.46444185833082485,0.30718954248366015
153,185,0,KBRS_Hybrid,1.0,1.0,1.0,1.0,0.0,[61.07  2.47],[52.07 49.47],[0.53977373 0.04755487],[0.54205607 0.        ],0.46211964903917074,0.3051948051948052
154,194,0,KBRS_Hybrid,1.0,1.0,1.0,0.0,0.0,[62.08  2.47],[52.08 49.47],[0.54379818 0.04755487],[0.5462963 0.       ],0.4598090507939749,0.3032258064516129
155,474,0,KBRS_Hybrid,1.0,1.0,1.0,1.0,0.0,[63.09  2.47],[52.09 49.47],[0.54775135 0.04755487],[0.55045872 0.        ],0.457510005540005,0.30128205128205127
156,399,0,KBRS_Hybrid,1.0,1.0,1.0,1.0,0.0,[64.1   2.47],[52.1  49.47],[0.55163511 0.04755487],[0.55454545 0.        ],0.45522245551230495,0.29936305732484075
157,349,0,KBRS_Hybrid,1.0,1.0,1.0,0.0,0.0,[65.11  2.47],[52.11 49.47],[0.55545129 0.04755487],[0.55855856 0.        ],0.4529463432347434,0.2974683544303797
158,199,0,KBRS_Hybrid,1.0,1.0,1.0,1.0,0.0,[66.12  2.47],[52.12 49.47],[0.55920162 0.04755487],[0.5625 0.    ],0.4506816115185697,0.29559748427672955
159,221,0,KBRS_Hybrid,1.0,1.0,1.0,1.0,0.0,[67.13  2.47],[52.13 49.47],[0.56288781 0.04755487],[0.56637168 0.        ],0.4484282034609769,0.29375
160,365,0,KBRS_Hybrid,1.0,1.0,1.0,1.0,0.0,[68.14  2.47],[52.14 49.47],[0.56651147 0.04755487],[0.57017544 0.        ],0.446186062443672,0.2919254658385093
161,550,0,KBRS_Hybrid,1.0,1.0,1.0,1.0,0.0,[69.15  2.47],[52.15 49.47],[0.5700742  0.04755487],[0.57391304 0.        ],0.4439551321314536,0.29012345679012347
162,36,0,KBRS_Hybrid,1.0,1.0,1.0,1.0,0.0,[70.16  2.47],[52.16 49.47],[0.5735775  0.04755487],[0.57758621 0.        ],0.4417353564707963,0.2883435582822086
163,188,0,KBRS_Hybrid,1.0,1.0,1.0,0.0,0.0,[71.17  2.47],[52.17 49.47],[0.57702286 0.04755487],[0.58119658 0.        ],0.43952667968844233,0.2865853658536585
164,1,0,KBRS_Hybrid,1.0,1.0,1.0,1.0,0.0,[72.18  2.47],[52.18 49.47],[0.58041171 0.04755487],[0.58474576 0.        ],0.43732904629000013,0.28484848484848485
165,6,0,KBRS_Hybrid,1.0,1.0,1.0,1.0,0.0,[73.19  2.47],[52.19 49.47],[0.58374541 0.04755487],[0.58823529 0.        ],0.4351424010585501,0.28313253012048195
166,217,0,KBRS_Hybrid,1.0,1.0,1.0,0.0,0.0,[74.2   2.47],[52.2  49.47],[0.58702532 0.04755487],[0.59166667 0.        ],0.43296668905325736,0.281437125748503
167,205,0,KBRS_Hybrid,1.0,1.0,1.0,1.0,0.0,[75.21  2.47],[52.21 49.47],[0.59025271 0.04755487],[0.59504132 0.        ],0.43080185560799106,0.27976190476190477
168,538,0,KBRS_Hybrid,1.0,1.0,1.0,1.0,0.0,[76.22  2.47],[52.22 49.47],[0.59342884 0.04755487],[0.59836066 0.        ],0.4286478463299511,0.2781065088757396
169,563,0,KBRS_Hybrid,1.0,1.0,1.0,0.0,0.0,[77.23  2.47],[52.23 49.47],[0.59655492 0.04755487],[0.60162602 0.        ],0.42650460709830135,0.27647058823529413
170,104,0,KBRS_Hybrid,1.0,1.0,1.0,1.0,0.0,[78.24  2.47],[52.24 49.47],[0.59963213 0.04755487],[0.60483871 0.        ],0.42437208406280985,0.27485380116959063
171,326,0,KBRS_Hybrid,1.0,1.0,1.0,1.0,0.0,[79.25  2.47],[52.25 49.47],[0.6026616  0.04755487],[0.608 0.   ],0.4222502236424958,0.27325581395348836
172,103,0,KBRS_Hybrid,1.0,1.0,1.0,1.0,0.0,[80.26  2.47],[52.26 49.47],[0.60564443 0.04755487],[0.61111111 0.        ],0.42013897252428334,0.27167630057803466
173,295,0,KBRS_Hybrid,1.0,1.0,1.0,1.0,0.0,[81.27  2.47],[52.27 49.47],[0.6085817  0.04755487],[0.61417323 0.        ],0.4180382776616619,0.27011494252873564
174,237,0,KBRS_Hybrid,1.0,1.0,1.0,1.0,0.0,[82.28  2.47],[52.28 49.47],[0.61147444 0.04755487],[0.6171875 0.       ],0.4159480862733536,0.26857142857142857
175,183,0,KBRS_Hybrid,1.0,1.0,1.0,1.0,0.0,[83.29  2.47],[52.29 49.47],[0.61432365 0.04755487],[0.62015504 0.        ],0.41386834584198684,0.26704545454545453
176,246,0,KBRS_Hybrid,1.0,1.0,1.0,1.0,0.0,[84.3   2.47],[52.3  49.47],[0.61713031 0.04755487],[0.62307692 0.        ],0.4117990041127769,0.2655367231638418
177,544,0,KBRS_Hybrid,1.0,1.0,1.0,0.0,0.0,[85.31  2.47],[52.31 49.47],[0.61989536 0.04755487],[0.6259542 0.       ],0.40974000909221303,0.2640449438202247
178,50,0,KBRS_Hybrid,1.0,1.0,1.0,1.0,0.0,[86.32  2.47],[52.32 49.47],[0.62261973 0.04755487],[0.62878788 0.        ],0.40769130904675194,0.26256983240223464
179,484,0,KBRS_Hybrid,1.0,1.0,1.0,1.0,0.0,[87.33  2.47],[52.33 49.47],[0.62530431 0.04755487],[0.63157895 0.        ],0.40565285250151817,0.2611111111111111
180,102,0,KBRS_Hybrid,1.0,1.0,1.0,0.0,0.0,[88.34  2.47],[52.34 49.47],[0.62794996 0.04755487],[0.63432836 0.        ],0.4036245882390106,0.2596685082872928
181,346,0,KBRS_Hybrid,1.0,1.0,1.0,1.0,0.0,[89.35  2.47],[52.35 49.47],[0.63055752 0.04755487],[0.63703704 0.        ],0.4016064652978155,0.25824175824175827
182,291,0,KBRS_Hybrid,1.0,1.0,1.0,1.0,0.0,[90.36  2.47],[52.36 49.47],[0.6331278  0.04755487],[0.63970588 0.        ],0.3995984329713264,0.2568306010928962
183,284,0,KBRS_Hybrid,1.0,1.0,1.0,1.0,0.0,[91.37  2.47],[52.37 49.47],[0.63566161 0.04755487],[0.64233577 0.        ],0.3976004408064698,0.2554347826086957
184,61,0,KBRS_Hybrid,1.0,1.0,1.0,1.0,0.0,[92.38  2.47],[52.38 49.47],[0.63815971 0.04755487],[0.64492754 0.        ],0.39561243860243744,0.25405405405405407
185,409,0,KBRS_Hybrid,1.0,1.0,1.0,1.0,0.0,[93.39  2.47],[52.39 49.47],[0.64062286 0.04755487],[0.64748201 0.        ],0.3936343764094253,0.25268817204301075
186,605,0,KBRS_Hybrid,1.0,1.0,1.0,1.0,0.0,[94.4   2.47],[52.4  49.47],[0.64305177 0.04755487],[0.65 0.  ],0.39166620452737816,0.25133689839572193
187,468,0,KBRS_Hybrid,1.0,1.0,1.0,1.0,0.0,[95.41  2.47],[52.41 49.47],[0.64544717 0.04755487],[0.65248227 0.        ],0.3897078735047413,0.25
188,338,0,KBRS_Hybrid,1.0,1.0,1.0,1.0,0.0,[96.42  2.47],[52.42 49.47],[0.64780973 0.04755487],[0.65492958 0.        ],0.3877593341372176,0.24867724867724866
189,262,0,KBRS_Hybrid,1.0,1.0,1.0,1.0,0.0,[97.43  2.47],[52.43 49.47],[0.65014013 0.04755487],[0.65734266 0.        ],0.3858205374665315,0.24736842105263157
190,343,0,KBRS_Hybrid,1.0,1.0,1.0,1.0,0.0,[98.44  2.47],[52.44 49.47],[0.65243902 0.04755487],[0.65972222 0.        ],0.38389143477919885,0.24607329842931938
191,427,0,KBRS_Hybrid,1.0,1.0,1.0,1.0,0.0,[99.45  2.47],[52.45 49.47],[0.65470704 0.04755487],[0.66206897 0.        ],0.3819719776053028,0.24479166666666666
192,182,0,KBRS_Hybrid,1.0,1.0,1.0,1.0,0.0,[100.46   2.47],[52.46 49.47],[0.65694481 0.04755487],[0.66438356 0.        ],0.3800621177172763,0.24352331606217617
193,430,0,KBRS_Hybrid,1.0,1.0,1.0,1.0,0.0,[101.47   2.47],[52.47 49.47],[0.65915292 0.04755487],[0.66666667 0.        ],0.37816180712868996,0.2422680412371134
194,3,0,KBRS_Hybrid,1.0,1.0,1.0,1.0,0.0,[102.48   2.47],[52.48 49.47],[0.66133196 0.04755487],[0.66891892 0.        ],0.37627099809304654,0.24102564102564103
195,300,0,KBRS_Hybrid,1.0,1.0,1.0,0.0,0.0,[103.49   2.47],[52.49 49.47],[0.6634825  0.04755487],[0.67114094 0.        ],0.3743896431025813,0.23979591836734693
196,482,0,KBRS_Hybrid,1.0,1.0,1.0,1.0,0.0,[104.5    2.47],[52.5  49.47],[0.6656051  0.04755487],[0.67333333 0.        ],0.37251769488706843,0.23857868020304568
197,346,0,KBRS_Hybrid,1.0,1.0,1.0,0.0,0.0,[105.51   2.47],[52.51 49.47],[0.66770029 0.04755487],[0.67549669 0.        ],0.3706551064126331,0.23737373737373738
198,520,0,KBRS_Hybrid,1.0,1.0,1.0,1.0,0.0,[106.52   2.47],[52.52 49.47],[0.66976861 0.04755487],[0.67763158 0.        ],0.36880183088056995,0.23618090452261306
199,434,0,KBRS_Hybrid,1.0,1.0,1.0,0.0,0.0,[107.53   2.47],[52.53 49.47],[0.67181057 0.04755487],[0.67973856 0.        ],0.3669578217261671,0.235
200,117,0,KBRS_Hybrid,1.0,1.0,1.0,1.0,0.0,[108.54   2.47],[52.54 49.47],[0.67382667 0.04755487],[0.68181818 0.        ],0.36512303261753626,0.23383084577114427
201,602,0,KBRS_Hybrid,1.0,1.0,1.0,1.0,0.0,[109.55   2.47],[52.55 49.47],[0.6758174  0.04755487],[0.68387097 0.        ],0.3632974174544486,0.23267326732673269
202,464,0,KBRS_Hybrid,1.0,1.0,1.0,1.0,0.0,[110.56   2.47],[52.56 49.47],[0.67778323 0.04755487],[0.68589744 0.        ],0.3614809303671764,0.2315270935960591
203,542,0,KBRS_Hybrid,1.0,1.0,1.0,1.0,0.0,[111.57   2.47],[52.57 49.47],[0.67972463 0.04755487],[0.68789809 0.        ],0.3596735257153405,0.23039215686274508
204,325,0,KBRS_Hybrid,1.0,1.0,1.0,0.0,0.0,[112.58   2.47],[52.58 49.47],[0.68164204 0.04755487],[0.68987342 0.        ],0.3578751580867638,0.22926829268292684
205,416,0,KBRS_Hybrid,1.0,1.0,1.0,1.0,0.0,[113.59   2.47],[52.59 49.47],[0.68353592 0.04755487],[0.6918239 0.       ],0.35608578229633,0.22815533980582525
206,307,0,KBRS_Hybrid,1.0,1.0,1.0,0.0,0.0,[114.6    2.47],[52.6  49.47],[0.6854067  0.04755487],[0.69375 0.     ],0.3543053533848483,0.22705314009661837
207,361,0,KBRS_Hybrid,1.0,1.0,1.0,1.0,0.0,[115.61   2.47],[52.61 49.47],[0.68725479 0.04755487],[0.69565217 0.        ],0.35253382661792404,0.22596153846153846
208,76,0,KBRS_Hybrid,1.0,1.0,1.0,1.0,0.0,[116.62   2.47],[52.62 49.47],[0.6890806  0.04755487],[0.69753086 0.        ],0.3507711574848344,0.22488038277511962
209,414,0,KBRS_Hybrid,1.0,1.0,1.0,1.0,0.0,[117.63   2.47],[52.63 49.47],[0.69088453 0.04755487],[0.6993865 0.       ],0.34901730169741024,0.22380952380952382
210,62,0,KBRS_Hybrid,1.0,1.0,1.0,1.0,0.0,[118.64   2.47],[52.64 49.47],[0.69266698 0.04755487],[0.70121951 0.        ],0.3472722151889232,0.22274881516587677
211,153,0,KBRS_Hybrid,1.0,1.0,1.0,1.0,0.0,[119.65   2.47],[52.65 49.47],[0.69442832 0.04755487],[0.7030303 0.       ],0.3455358541129786,0.22169811320754718
212,329,0,KBRS_Hybrid,1.0,1.0,1.0,1.0,0.0,[120.66   2.47],[52.66 49.47],[0.69616894 0.04755487],[0.70481928 0.        ],0.3438081748424137,0.22065727699530516
213,603,0,KBRS_Hybrid,1.0,1.0,1.0,1.0,0.0,[121.67   2.47],[52.67 49.47],[0.69788918 0.04755487],[0.70658683 0.        ],0.3420891339682016,0.21962616822429906
214,409,0,KBRS_Hybrid,1.0,1.0,1.0,0.0,0.0,[122.68   2.47],[52.68 49.47],[0.69958942 0.04755487],[0.70833333 0.        ],0.3403786882983606,0.2186046511627907
215,253,0,KBRS_Hybrid,1.0,1.0,1.0,1.0,0.0,[123.69   2.47],[52.69 49.47],[0.70126999 0.04755487],[0.71005917 0.        ],0.3386767948568688,0.2175925925925926
216,470,0,KBRS_Hybrid,1.0,1.0,1.0,1.0,0.0,[124.7    2.47],[52.7  49.47],[0.70293123 0.04755487],[0.71176471 0.        ],0.33698341088258443,0.21658986175115208
217,388,0,KBRS_Hybrid,1.0,1.0,1.0,0.0,0.0,[125.71   2.47],[52.71 49.47],[0.70457348 0.04755487],[0.71345029 0.        ],0.3352984938281715,0.21559633027522937
218,365,0,KBRS_Hybrid,1.0,1.0,1.0,0.0,0.0,[126.72   2.47],[52.72 49.47],[0.70619706 0.04755487],[0.71511628 0.        ],0.33362200135903064,0.2146118721461187
219,579,0,KBRS_Hybrid,1.0,1.0,1.0,1.0,0.0,[127.73   2.47],[52.73 49.47],[0.70780228 0.04755487],[0.71676301 0.        ],0.33195389135223546,0.21363636363636362
220,395,0,KBRS_Hybrid,1.0,1.0,1.0,0.0,0.0,[128.74   2.47],[52.74 49.47],[0.70938946 0.04755487],[0.7183908 0.       ],0.3302941218954743,0.21266968325791855
221,583,0,KBRS_Hybrid,1.0,1.0,1.0,1.0,0.0,[129.75   2.47],[52.75 49.47],[0.7109589  0.04755487],[0.72 0.  ],0.32864265128599696,0.21171171171171171
222,105,0,KBRS_Hybrid,1.0,1.0,1.0,1.0,0.0,[130.76   2.47],[52.76 49.47],[0.7125109  0.04755487],[0.72159091 0.        ],0.326999438029567,0.21076233183856502
223,58,0,KBRS_Hybrid,1.0,1.0,1.0,1.0,0.0,[131.77   2.47],[52.77 49.47],[0.71404574 0.04755487],[0.72316384 0.        ],0.3253644408394192,0.20982142857142858
224,440,0,KBRS_Hybrid,1.0,1.0,1.0,1.0,0.0,[132.78   2.47],[52.78 49.47],[0.7155637  0.04755487],[0.7247191 0.       ],0.3237376186352221,0.2088888888888889
225,39,0,KBRS_Hybrid,1.0,1.0,1.0,1.0,0.0,[133.79   2.47],[52.79 49.47],[0.71706507 0.04755487],[0.72625698 0.        ],0.322118930542046,0.2079646017699115
226,604,0,KBRS_Hybrid,1.0,1.0,1.0,1.0,0.0,[134.8    2.47],[52.8  49.47],[0.71855011 0.04755487],[0.72777778 0.        ],0.32050833588933575,0.20704845814977973
227,60,0,KBRS_Hybrid,1.0,1.0,1.0,1.0,0.0,[135.81   2.47],[52.81 49.47],[0.72001909 0.04755487],[0.72928177 0.        ],0.31890579420988907,0.20614035087719298
228,577,0,KBRS_Hybrid,1.0,1.0,1.0,1.0,0.0,[136.82   2.47],[52.82 49.47],[0.72147226 0.04755487],[0.73076923 0.        ],0.3173112652388396,0.2052401746724891
229,5,0,KBRS_Hybrid,1.0,1.0,1.0,1.0,0.0,[137.83   2.47],[52.83 49.47],[0.72290989 0.04755487],[0.73224044 0.        ],0.3157247089126454,0.20434782608695654
230,562,0,KBRS_Hybrid,1.0,1.0,1.0,1.0,0.0,[138.84   2.47],[52.84 49.47],[0.72433222 0.04755487],[0.73369565 0.        ],0.3141460853680822,0.20346320346320346
231,491,0,KBRS_Hybrid,1.0,1.0,1.0,1.0,0.0,[139.85   2.47],[52.85 49.47],[0.72573949 0.04755487],[0.73513514 0.        ],0.3125753549412418,0.2025862068965517
232,247,0,KBRS_Hybrid,1.0,1.0,1.0,1.0,0.0,[140.86   2.47],[52.86 49.47],[0.72713194 0.04755487],[0.73655914 0.        ],0.31101247816653554,0.2017167381974249
233,383,0,KBRS_Hybrid,1.0,1.0,1.0,1.0,0.0,[141.87   2.47],[52.87 49.47],[0.72850981 0.04755487],[0.73796791 0.        ],0.30945741577570285,0.20085470085470086
234,549,0,KBRS_Hybrid,1.0,1.0,1.0,1.0,0.0,[142.88   2.47],[52.88 49.47],[0.72987331 0.04755487],[0.7393617 0.       ],0.3079101286968243,0.2
235,579,0,KBRS_Hybrid,1.0,1.0,1.0,0.0,0.0,[143.89   2.47],[52.89 49.47],[0.73122269 0.04755487],[0.74074074 0.        ],0.3063705780533402,0.19915254237288135
236,579,0,KBRS_Hybrid,1.0,1.0,1.0,0.0,0.0,[144.9    2.47],[52.9  49.47],[0.73255814 0.04755487],[0.74210526 0.        ],0.30483872516307353,0.19831223628691982
237,435,0,KBRS_Hybrid,1.0,1.0,1.0,1.0,0.0,[145.91   2.47],[52.91 49.47],[0.73387989 0.04755487],[0.7434555 0.       ],0.3033145315372582,0.19747899159663865
238,372,0,KBRS_Hybrid,1.0,1.0,1.0,1.0,0.0,[146.92   2.47],[52.92 49.47],[0.73518815 0.04755487],[0.74479167 0.        ],0.3017979588795719,0.19665271966527198
239,173,0,KBRS_Hybrid,1.0,1.0,1.0,1.0,0.0,[147.93   2.47],[52.93 49.47],[0.73648312 0.04755487],[0.74611399 0.        ],0.30028896908517405,0.19583333333333333
240,70,0,KBRS_Hybrid,1.0,1.0,1.0,1.0,0.0,[148.94   2.47],[52.94 49.47],[0.73776501 0.04755487],[0.74742268 0.        ],0.2987875242397482,0.1950207468879668
241,146,0,KBRS_Hybrid,1.0,1.0,1.0,0.0,0.0,[149.95   2.47],[52.95 49.47],[0.73903401 0.04755487],[0.74871795 0.        ],0.29729358661854943,0.19421487603305784
242,307,0,KBRS_Hybrid,1.0,1.0,1.0,0.0,0.0,[150.96   2.47],[52.96 49.47],[0.74029031 0.04755487],[0.75 0.  ],0.29580711868545667,0.1934156378600823
243,313,0,KBRS_Hybrid,1.0,1.0,1.0,1.0,0.0,[151.97   2.47],[52.97 49.47],[0.74153411 0.04755487],[0.75126904 0.        ],0.2943280830920294,0.19262295081967212
244,162,0,KBRS_Hybrid,1.0,1.0,1.0,1.0,0.0,[152.98   2.47],[52.98 49.47],[0.74276559 0.04755487],[0.75252525 0.        ],0.29285644267656924,0.19183673469387755
245,122,0,KBRS_Hybrid,1.0,1.0,1.0,1.0,0.0,[153.99   2.47],[52.99 49.47],[0.74398493 0.04755487],[0.75376884 0.        ],0.2913921604631864,0.1910569105691057
246,213,0,KBRS_Hybrid,1.0,1.0,1.0,1.0,0.0,[155.     2.47],[53.   49.47],[0.74519231 0.04755487],[0.755 0.   ],0.28993519966087045,0.1902834008097166
247,86,0,KBRS_Hybrid,1.0,1.0,1.0,1.0,0.0,[156.01   2.47],[53.01 49.47],[0.74638791 0.04755487],[0.75621891 0.        ],0.2884855236625661,0.18951612903225806
248,383,0,KBRS_Hybrid,1.0,1.0,1.0,0.0,0.0,[157.02   2.47],[53.02 49.47],[0.74757189 0.04755487],[0.75742574 0.        ],0.28704309604425327,0.18875502008032127
249,200,0,KBRS_Hybrid,1.0,1.0,1.0,1.0,0.0,[158.03   2.47],[53.03 49.47],[0.74874443 0.04755487],[0.75862069 0.        ],0.285607880564032,0.188
250,30,0,KBRS_Hybrid,1.0,1.0,1.0,1.0,0.0,[159.04   2.47],[53.04 49.47],[0.7499057  0.04755487],[0.75980392 0.        ],0.28417984116121187,0.18725099601593626
251,93,0,KBRS_Hybrid,1.0,1.0,1.0,1.0,0.0,[160.05   2.47],[53.05 49.47],[0.75105584 0.04755487],[0.76097561 0.        ],0.2827589419554058,0.1865079365079365
252,86,0,KBRS_Hybrid,1.0,1.0,1.0,0.0,0.0,[161.06   2.47],[53.06 49.47],[0.75219503 0.04755487],[0.76213592 0.        ],0.28134514724562876,0.1857707509881423
253,63,0,KBRS_Hybrid,1.0,1.0,1.0,1.0,0.0,[162.07   2.47],[53.07 49.47],[0.75332342 0.04755487],[0.76328502 0.        ],0.2799384215094006,0.18503937007874016
254,603,0,KBRS_Hybrid,1.0,1.0,1.0,0.0,0.0,[163.08   2.47],[53.08 49.47],[0.75444115 0.04755487],[0.76442308 0.        ],0.27853872940185365,0.1843137254901961
255,524,0,KBRS_Hybrid,1.0,1.0,1.0,0.0,0.0,[164.09   2.47],[53.09 49.47],[0.75554839 0.04755487],[0.76555024 0.        ],0.27714603575484437,0.18359375
256,257,0,KBRS_Hybrid,1.0,1.0,1.0,1.0,0.0,[165.1    2.47],[53.1  49.47],[0.75664528 0.04755487],[0.76666667 0.        ],0.2757603055760701,0.1828793774319066
257,171,0,KBRS_Hybrid,1.0,1.0,1.0,1.0,0.0,[166.11   2.47],[53.11 49.47],[0.75773196 0.04755487],[0.76777251 0.        ],0.2743815040481898,0.1821705426356589
258,237,0,KBRS_Hybrid,1.0,1.0,1.0,0.0,0.0,[167.12   2.47],[53.12 49.47],[0.75880857 0.04755487],[0.76886792 0.        ],0.2730095965279488,0.18146718146718147
259,186,0,KBRS_Hybrid,1.0,1.0,1.0,1.0,0.0,[168.13   2.47],[53.13 49.47],[0.75987526 0.04755487],[0.76995305 0.        ],0.27164454854530906,0.18076923076923077
260,480,0,KBRS_Hybrid,1.0,1.0,1.0,1.0,0.0,[169.14   2.47],[53.14 49.47],[0.76093216 0.04755487],[0.77102804 0.        ],0.2702863258025825,0.18007662835249041
261,382,0,KBRS_Hybrid,1.0,1.0,1.0,1.0,0.0,[170.15   2.47],[53.15 49.47],[0.7619794  0.04755487],[0.77209302 0.        ],0.2689348941735696,0.17938931297709923
262,387,0,KBRS_Hybrid,1.0,1.0,1.0,1.0,0.0,[171.16   2.47],[53.16 49.47],[0.76301712 0.04755487],[0.77314815 0.        ],0.26759021970270175,0.17870722433460076
263,435,0,KBRS_Hybrid,1.0,1.0,1.0,0.0,0.0,[172.17   2.47],[53.17 49.47],[0.76404544 0.04755487],[0.77419355 0.        ],0.2662522686041882,0.17803030303030304
264,563,0,KBRS_Hybrid,1.0,1.0,1.0,0.0,0.0,[173.18   2.47],[53.18 49.47],[0.7650645  0.04755487],[0.77522936 0.        ],0.2649210072611673,0.17735849056603772
265,402,0,KBRS_Hybrid,1.0,1.0,1.0,1.0,0.0,[174.19   2.47],[53.19 49.47],[0.76607441 0.04755487],[0.77625571 0.        ],0.26359640222486147,0.17669172932330826
266,174,0,KBRS_Hybrid,1.0,1.0,1.0,1.0,0.0,[175.2    2.47],[53.2  49.47],[0.76707531 0.04755487],[0.77727273 0.        ],0.26227842021373715,0.1760299625468165
267,388,0,KBRS_Hybrid,1.0,1.0,1.0,0.0,0.0,[176.21   2.47],[53.21 49.47],[0.7680673  0.04755487],[0.77828054 0.        ],0.2609670281126685,0.17537313432835822
268,62,0,KBRS_Hybrid,1.0,1.0,1.0,0.0,0.0,[177.22   2.47],[53.22 49.47],[0.76905051 0.04755487],[0.77927928 0.        ],0.25966219297210513,0.17472118959107807
269,166,0,KBRS_Hybrid,1.0,1.0,1.0,1.0,0.0,[178.23   2.47],[53.23 49.47],[0.77002506 0.04755487],[0.78026906 0.        ],0.2583638820072446,0.17407407407407408
270,296,0,KBRS_Hybrid,1.0,1.0,1.0,1.0,0.0,[179.24   2.47],[53.24 49.47],[0.77099105 0.04755487],[0.78125 0.     ],0.2570720625972084,0.17343173431734318
271,16,0,KBRS_Hybrid,1.0,1.0,1.0,0.0,0.0,[180.25   2.47],[53.25 49.47],[0.77194861 0.04755487],[0.78222222 0.        ],0.25578670228422234,0.17279411764705882
272,41,0,KBRS_Hybrid,1.0,1.0,1.0,1.0,0.0,[181.26   2.47],[53.26 49.47],[0.77289783 0.04755487],[0.78318584 0.        ],0.25450776877280124,0.17216117216117216
273,259,0,KBRS_Hybrid,1.0,1.0,1.0,1.0,0.0,[182.27   2.47],[53.27 49.47],[0.77383884 0.04755487],[0.78414097 0.        ],0.2532352299289372,0.17153284671532848
274,130,0,KBRS_Hybrid,1.0,1.0,1.0,1.0,0.0,[183.28   2.47],[53.28 49.47],[0.77477173 0.04755487],[0.78508772 0.        ],0.2519690537792925,0.1709090909090909
275,190,0,KBRS_Hybrid,1.0,1.0,1.0,1.0,0.0,[184.29   2.47],[53.29 49.47],[0.77569661 0.04755487],[0.7860262 0.       ],0.2507092085103961,0.17028985507246377
276,61,0,KBRS_Hybrid,1.0,1.0,1.0,0.0,0.0,[185.3    2.47],[53.3  49.47],[0.77661358 0.04755487],[0.78695652 0.        ],0.2494556624678441,0.16967509025270758
277,424,0,KBRS_Hybrid,1.0,1.0,1.0,1.0,0.0,[186.31   2.47],[53.31 49.47],[0.77752274 0.04755487],[0.78787879 0.        ],0.24820838415550486,0.16906474820143885
278,187,0,KBRS_Hybrid,1.0,1.0,1.0,1.0,0.0,[187.32   2.47],[53.32 49.47],[0.7784242  0.04755487],[0.7887931 0.       ],0.24696734223472733,0.16845878136200718
279,263,0,KBRS_Hybrid,1.0,1.0,1.0,1.0,0.0,[188.33   2.47],[53.33 49.47],[0.77931805 0.04755487],[0.78969957 0.        ],0.2457325055235537,0.16785714285714284
280,167,0,KBRS_Hybrid,1.0,1.0,1.0,1.0,0.0,[189.34   2.47],[53.34 49.47],[0.78020438 0.04755487],[0.79059829 0.        ],0.24450384299593592,0.16725978647686832
281,522,0,KBRS_Hybrid,1.0,1.0,1.0,1.0,0.0,[190.35   2.47],[53.35 49.47],[0.7810833  0.04755487],[0.79148936 0.        ],0.24328132378095624,0.16666666666666666
282,31,0,KBRS_Hybrid,1.0,1.0,1.0,1.0,0.0,[191.36   2.47],[53.36 49.47],[0.78195489 0.04755487],[0.79237288 0.        ],0.24206491716205145,0.16607773851590105
283,33,0,KBRS_Hybrid,1.0,1.0,1.0,1.0,0.0,[192.37   2.47],[53.37 49.47],[0.78281924 0.04755487],[0.79324895 0.        ],0.2408545925762412,0.16549295774647887
284,272,0,KBRS_Hybrid,1.0,1.0,1.0,1.0,0.0,[193.38   2.47],[53.38 49.47],[0.78367645 0.04755487],[0.79411765 0.        ],0.23965031961336,0.1649122807017544
285,279,0,KBRS_Hybrid,1.0,1.0,1.0,1.0,0.0,[194.39   2.47],[53.39 49.47],[0.7845266  0.04755487],[0.79497908 0.        ],0.2384520680152932,0.16433566433566432
286,254,0,KBRS_Hybrid,1.0,1.0,1.0,1.0,0.0,[195.4    2.47],[53.4  49.47],[0.78536977 0.04755487],[0.79583333 0.        ],0.23725980767521673,0.16376306620209058
287,1,0,KBRS_Hybrid,1.0,1.0,1.0,0.0,0.0,[196.41   2.47],[53.41 49.47],[0.78620607 0.04755487],[0.7966805 0.       ],0.23607350863684065,0.16319444444444445
288,358,0,KBRS_Hybrid,1.0,1.0,1.0,0.0,0.0,[197.42   2.47],[53.42 49.47],[0.78703556 0.04755487],[0.79752066 0.        ],0.23489314109365644,0.16262975778546712
289,394,0,KBRS_Hybrid,1.0,1.0,1.0,1.0,0.0,[198.43   2.47],[53.43 49.47],[0.78785833 0.04755487],[0.79835391 0.        ],0.23371867538818816,0.16206896551724137
290,564,0,KBRS_Hybrid,1.0,1.0,1.0,1.0,0.0,[199.44   2.47],[53.44 49.47],[0.78867447 0.04755487],[0.79918033 0.        ],0.23255008201124722,0.16151202749140894
291,505,0,KBRS_Hybrid,1.0,1.0,1.0,0.0,0.0,[200.45   2.47],[53.45 49.47],[0.78948405 0.04755487],[0.8 0. ],0.231387331601191,0.16095890410958905
292,53,0,KBRS_Hybrid,1.0,1.0,1.0,1.0,0.0,[201.46   2.47],[53.46 49.47],[0.79028715 0.04755487],[0.80081301 0.        ],0.23023039494318503,0.16040955631399317
293,382,0,KBRS_Hybrid,1.0,1.0,1.0,0.0,0.0,[202.47   2.47],[53.47 49.47],[0.79108385 0.04755487],[0.80161943 0.        ],0.2290792429684691,0.1598639455782313
294,443,0,KBRS_Hybrid,1.0,1.0,1.0,1.0,0.0,[203.48   2.47],[53.48 49.47],[0.79187422 0.04755487],[0.80241935 0.        ],0.22793384675362674,0.15932203389830507
295,56,0,KBRS_Hybrid,1.0,1.0,1.0,1.0,0.0,[204.49   2.47],[53.49 49.47],[0.79265835 0.04755487],[0.80321285 0.        ],0.22679417751985861,0.15878378378378377
296,369,0,KBRS_Hybrid,1.0,1.0,1.0,1.0,0.0,[205.5    2.47],[53.5  49.47],[0.79343629 0.04755487],[0.804 0.   ],0.22566020663225933,0.15824915824915825
297,162,0,KBRS_Hybrid,1.0,1.0,1.0,0.0,0.0,[206.51   2.47],[53.51 49.47],[0.79420814 0.04755487],[0.80478088 0.        ],0.22453190559909803,0.15771812080536912
298,63,0,KBRS_Hybrid,1.0,1.0,1.0,0.0,0.0,[207.52   2.47],[53.52 49.47],[0.79497395 0.04755487],[0.80555556 0.        ],0.22340924607110255,0.15719063545150502
299,163,0,KBRS_Hybrid,1.0,1.0,1.0,1.0,0.0,[208.53   2.47],[53.53 49.47],[0.7957338  0.04755487],[0.80632411 0.        ],0.22229219984074702,0.15666666666666668
300,468,0,KBRS_Hybrid,1.0,1.0,1.0,0.0,0.0,[209.54   2.47],[53.54 49.47],[0.79648776 0.04755487],[0.80708661 0.        ],0.2211807388415433,0.15614617940199335
301,267,0,KBRS_Hybrid,1.0,1.0,1.0,1.0,0.0,[210.55   2.47],[53.55 49.47],[0.7972359  0.04755487],[0.80784314 0.        ],0.22007483514733558,0.15562913907284767
302,180,0,KBRS_Hybrid,1.0,1.0,1.0,1.0,0.0,[211.56   2.47],[53.56 49.47],[0.79797827 0.04755487],[0.80859375 0.        ],0.2189744609715989,0.1551155115511551
303,392,0,KBRS_Hybrid,1.0,1.0,1.0,1.0,0.0,[212.57   2.47],[53.57 49.47],[0.79871496 0.04755487],[0.80933852 0.        ],0.2178795886667409,0.15460526315789475
304,533,0,KBRS_Hybrid,1.0,1.0,1.0,1.0,0.0,[213.58   2.47],[53.58 49.47],[0.79944602 0.04755487],[0.81007752 0.        ],0.2167901907234072,0.1540983606557377
305,587,0,KBRS_Hybrid,1.0,1.0,1.0,1.0,0.0,[214.59   2.47],[53.59 49.47],[0.80017153 0.04755487],[0.81081081 0.        ],0.21570623976979014,0.15359477124183007
306,370,0,KBRS_Hybrid,1.0,1.0,1.0,1.0,0.0,[215.6    2.47],[53.6  49.47],[0.80089153 0.04755487],[0.81153846 0.        ],0.21462770857094118,0.15309446254071662
307,413,0,KBRS_Hybrid,1.0,1.0,1.0,0.0,0.0,[216.61   2.47],[53.61 49.47],[0.8016061  0.04755487],[0.81226054 0.        ],0.21355457002808648,0.1525974025974026
308,575,0,KBRS_Hybrid,1.0,1.0,1.0,1.0,0.0,[217.62   2.47],[53.62 49.47],[0.80231529 0.04755487],[0.8129771 0.       ],0.21248679717794605,0.15210355987055016
309,309,0,KBRS_Hybrid,1.0,1.0,1.0,1.0,0.0,[218.63   2.47],[53.63 49.47],[0.80301917 0.04755487],[0.81368821 0.        ],0.21142436319205632,0.15161290322580645
310,182,0,KBRS_Hybrid,1.0,1.0,1.0,0.0,0.0,[219.64   2.47],[53.64 49.47],[0.8037178  0.04755487],[0.81439394 0.        ],0.21036724137609603,0.15112540192926044
311,225,0,KBRS_Hybrid,1.0,1.0,1.0,1.0,0.0,[220.65   2.47],[53.65 49.47],[0.80441123 0.04755487],[0.81509434 0.        ],0.20931540516921554,0.15064102564102563
312,505,0,KBRS_Hybrid,1.0,1.0,1.0,0.0,0.0,[221.66   2.47],[53.66 49.47],[0.80509952 0.04755487],[0.81578947 0.        ],0.20826882814336947,0.1501597444089457
313,388,0,KBRS_Hybrid,1.0,1.0,1.0,0.0,0.0,[222.67   2.47],[53.67 49.47],[0.80578273 0.04755487],[0.8164794 0.       ],0.20722748400265262,0.14968152866242038
314,344,0,KBRS_Hybrid,1.0,1.0,1.0,1.0,0.0,[223.68   2.47],[53.68 49.47],[0.80646092 0.04755487],[0.81716418 0.        ],0.20619134658263935,0.1492063492063492
315,34,0,KBRS_Hybrid,1.0,1.0,1.0,1.0,0.0,[224.69   2.47],[53.69 49.47],[0.80713413 0.04755487],[0.81784387 0.        ],0.20516038984972615,0.14873417721518986
316,45,0,KBRS_Hybrid,1.0,1.0,1.0,1.0,0.0,[225.7    2.47],[53.7  49.47],[0.80780243 0.04755487],[0.81851852 0.        ],0.2041345879004775,0.14826498422712933
317,225,0,KBRS_Hybrid,1.0,1.0,1.0,0.0,0.0,[226.71   2.47],[53.71 49.47],[0.80846587 0.04755487],[0.81918819 0.        ],0.2031139149609751,0.14779874213836477
318,102,0,KBRS_Hybrid,1.0,1.0,1.0,0.0,0.0,[227.72   2.47],[53.72 49.47],[0.8091245  0.04755487],[0.81985294 0.        ],0.20209834538617025,0.14733542319749215
319,90,0,KBRS_Hybrid,1.0,1.0,1.0,1.0,0.0,[228.73   2.47],[53.73 49.47],[0.80977838 0.04755487],[0.82051282 0.        ],0.2010878536592394,0.146875
320,44,0,KBRS_Hybrid,1.0,1.0,1.0,1.0,0.0,[229.74   2.47],[53.74 49.47],[0.81042754 0.04755487],[0.82116788 0.        ],0.2000824143909432,0.14641744548286603
321,389,0,KBRS_Hybrid,1.0,1.0,1.0,1.0,0.0,[230.75   2.47],[53.75 49.47],[0.81107206 0.04755487],[0.82181818 0.        ],0.19908200231898848,0.14596273291925466
322,32,0,KBRS_Hybrid,1.0,1.0,1.0,1.0,0.0,[231.76   2.47],[53.76 49.47],[0.81171196 0.04755487],[0.82246377 0.        ],0.19808659230739353,0.14551083591331268
323,550,0,KBRS_Hybrid,1.0,1.0,1.0,0.0,0.0,[232.77   2.47],[53.77 49.47],[0.81234732 0.04755487],[0.82310469 0.        ],0.19709615934585656,0.14506172839506173
324,272,0,KBRS_Hybrid,1.0,1.0,1.0,0.0,0.0,[233.78   2.47],[53.78 49.47],[0.81297816 0.04755487],[0.82374101 0.        ],0.19611067854912728,0.14461538461538462
325,449,0,KBRS_Hybrid,1.0,1.0,1.0,1.0,0.0,[234.79   2.47],[53.79 49.47],[0.81360455 0.04755487],[0.82437276 0.        ],0.19513012515638165,0.1441717791411043
326,406,0,KBRS_Hybrid,1.0,1.0,1.0,1.0,0.0,[235.8    2.47],[53.8  49.47],[0.81422652 0.04755487],[0.825 0.   ],0.19415447453059972,0.1437308868501529
327,3,0,KBRS_Hybrid,1.0,1.0,1.0,0.0,0.0,[236.81   2.47],[53.81 49.47],[0.81484413 0.04755487],[0.82562278 0.        ],0.19318370215794672,0.14329268292682926
328,89,0,KBRS_Hybrid,1.0,1.0,1.0,0.0,0.0,[237.82   2.47],[53.82 49.47],[0.81545741 0.04755487],[0.82624113 0.        ],0.192217783647157,0.14285714285714285
329,589,0,KBRS_Hybrid,1.0,1.0,1.0,1.0,0.0,[238.83   2.47],[53.83 49.47],[0.81606643 0.04755487],[0.82685512 0.        ],0.1912566947289212,0.14242424242424243
330,432,0,KBRS_Hybrid,1.0,1.0,1.0,1.0,0.0,[239.84   2.47],[53.84 49.47],[0.81667121 0.04755487],[0.82746479 0.        ],0.1903004112552766,0.1419939577039275
331,390,0,KBRS_Hybrid,1.0,1.0,1.0,1.0,0.0,[240.85   2.47],[53.85 49.47],[0.8172718  0.04755487],[0.82807018 0.        ],0.18934890919900021,0.14156626506024098
332,259,0,KBRS_Hybrid,1.0,1.0,1.0,0.0,0.0,[241.86   2.47],[53.86 49.47],[0.81786825 0.04755487],[0.82867133 0.        ],0.18840216465300522,0.14114114114114115
333,192,0,KBRS_Hybrid,1.0,1.0,1.0,1.0,0.0,[242.87   2.47],[53.87 49.47],[0.81846061 0.04755487],[0.82926829 0.        ],0.18746015382974018,0.1407185628742515
334,353,0,KBRS_Hybrid,1.0,1.0,1.0,1.0,0.0,[243.88   2.47],[53.88 49.47],[0.8190489  0.04755487],[0.82986111 0.        ],0.1865228530605915,0.14029850746268657
335,432,0,KBRS_Hybrid,1.0,1.0,1.0,0.0,0.0,[244.89   2.47],[53.89 49.47],[0.81963317 0.04755487],[0.83044983 0.        ],0.18559023879528855,0.13988095238095238
336,182,0,KBRS_Hybrid,1.0,1.0,1.0,0.0,0.0,[245.9    2.47],[53.9  49.47],[0.82021348 0.04755487],[0.83103448 0.        ],0.1846622876013121,0.1394658753709199
337,128,0,KBRS_Hybrid,1.0,1.0,1.0,1.0,0.0,[246.91   2.47],[53.91 49.47],[0.82078984 0.04755487],[0.83161512 0.        ],0.18373897616330553,0.1390532544378698
338,119,0,KBRS_Hybrid,1.0,1.0,1.0,1.0,0.0,[247.92   2.47],[53.92 49.47],[0.82136231 0.04755487],[0.83219178 0.        ],0.182820281282489,0.13864306784660768
339,363,0,KBRS_Hybrid,1.0,1.0,1.0,1.0,0.0,[248.93   2.47],[53.93 49.47],[0.82193093 0.04755487],[0.83276451 0.        ],0.18190617987607657,0.13823529411764707
340,528,0,KBRS_Hybrid,1.0,1.0,1.0,1.0,0.0,[249.94   2.47],[53.94 49.47],[0.82249572 0.04755487],[0.83333333 0.        ],0.18099664897669618,0.1378299120234604
341,322,0,KBRS_Hybrid,1.0,1.0,1.0,0.0,0.0,[250.95   2.47],[53.95 49.47],[0.82305674 0.04755487],[0.83389831 0.        ],0.1800916657318127,0.13742690058479531
342,247,0,KBRS_Hybrid,1.0,1.0,1.0,0.0,0.0,[251.96   2.47],[53.96 49.47],[0.82361402 0.04755487],[0.83445946 0.        ],0.17919120740315364,0.13702623906705538
343,598,0,KBRS_Hybrid,1.0,1.0,1.0,1.0,0.0,[252.97   2.47],[53.97 49.47],[0.82416759 0.04755487],[0.83501684 0.        ],0.17829525136613786,0.13662790697674418
344,23,0,KBRS_Hybrid,1.0,1.0,1.0,1.0,0.0,[253.98   2.47],[53.98 49.47],[0.8247175  0.04755487],[0.83557047 0.        ],0.17740377510930716,0.13623188405797101
345,176,0,KBRS_Hybrid,1.0,1.0,1.0,0.0,0.0,[254.99   2.47],[53.99 49.47],[0.82526377 0.04755487],[0.8361204 0.       ],0.17651675623376062,0.13583815028901733
346,222,0,KBRS_Hybrid,1.0,1.0,1.0,1.0,0.0,[256.     2.47],[54.   49.47],[0.82580645 0.04755487],[0.83666667 0.        ],0.1756341724525918,0.13544668587896252
347,374,0,KBRS_Hybrid,1.0,1.0,1.0,1.0,0.0,[257.01   2.47],[54.01 49.47],[0.82634557 0.04755487],[0.8372093 0.       ],0.17475600159032884,0.13505747126436782
348,176,0,KBRS_Hybrid,1.0,1.0,1.0,0.0,0.0,[258.02   2.47],[54.02 49.47],[0.82688117 0.04755487],[0.83774834 0.        ],0.17388222158237718,0.1346704871060172
349,235,0,KBRS_Hybrid,1.0,1.0,1.0,0.0,0.0,[259.03   2.47],[54.03 49.47],[0.82741328 0.04755487],[0.83828383 0.        ],0.1730128104744653,0.13428571428571429
350,270,0,KBRS_Hybrid,1.0,1.0,1.0,0.0,0.0,[260.04   2.47],[54.04 49.47],[0.82794193 0.04755487],[0.83881579 0.        ],0.17214774642209296,0.1339031339031339
351,14,0,KBRS_Hybrid,1.0,1.0,1.0,0.0,0.0,[261.05   2.47],[54.05 49.47],[0.82846715 0.04755487],[0.83934426 0.        ],0.1712870076899825,0.13352272727272727
352,405,0,KBRS_Hybrid,1.0,1.0,1.0,0.0,0.0,[262.06   2.47],[54.06 49.47],[0.82898899 0.04755487],[0.83986928 0.        ],0.17043057265153258,0.13314447592067988
353,477,0,KBRS_Hybrid,1.0,1.0,1.0,1.0,0.0,[263.07   2.47],[54.07 49.47],[0.82950747 0.04755487],[0.84039088 0.        ],0.16957841978827493,0.1327683615819209
354,262,0,KBRS_Hybrid,1.0,1.0,1.0,0.0,0.0,[264.08   2.47],[54.08 49.47],[0.83002263 0.04755487],[0.84090909 0.        ],0.16873052768933355,0.1323943661971831
355,111,0,KBRS_Hybrid,1.0,1.0,1.0,1.0,0.0,[265.09   2.47],[54.09 49.47],[0.83053449 0.04755487],[0.84142395 0.        ],0.1678868750508869,0.13202247191011235
356,144,0,KBRS_Hybrid,1.0,1.0,1.0,0.0,0.0,[266.1    2.47],[54.1  49.47],[0.8310431  0.04755487],[0.84193548 0.        ],0.16704744067563246,0.13165266106442577
357,473,0,KBRS_Hybrid,1.0,1.0,1.0,1.0,0.0,[267.11   2.47],[54.11 49.47],[0.83154847 0.04755487],[0.84244373 0.        ],0.1662122034722543,0.13128491620111732
358,397,0,KBRS_Hybrid,1.0,1.0,1.0,1.0,0.0,[268.12   2.47],[54.12 49.47],[0.83205065 0.04755487],[0.84294872 0.        ],0.16538114245489302,0.1309192200557103
359,124,0,KBRS_Hybrid,1.0,1.0,1.0,0.0,0.0,[269.13   2.47],[54.13 49.47],[0.83254965 0.04755487],[0.84345048 0.        ],0.16455423674261854,0.13055555555555556
360,332,0,KBRS_Hybrid,1.0,1.0,1.0,1.0,0.0,[270.14   2.47],[54.14 49.47],[0.83304552 0.04755487],[0.84394904 0.        ],0.16373146555890544,0.13019390581717452
361,333,0,KBRS_Hybrid,1.0,1.0,1.0,1.0,0.0,[271.15   2.47],[54.15 49.47],[0.83353827 0.04755487],[0.84444444 0.        ],0.16291280823111093,0.1298342541436464
362,608,0,KBRS_Hybrid,1.0,1.0,1.0,1.0,0.0,[272.16   2.47],[54.16 49.47],[0.83402795 0.04755487],[0.84493671 0.        ],0.16209824418995536,0.12947658402203857
363,165,0,KBRS_Hybrid,1.0,1.0,1.0,1.0,0.0,[273.17   2.47],[54.17 49.47],[0.83451457 0.04755487],[0.84542587 0.        ],0.16128775296900558,0.12912087912087913
364,236,0,KBRS_Hybrid,1.0,1.0,1.0,1.0,0.0,[274.18   2.47],[54.18 49.47],[0.83499817 0.04755487],[0.84591195 0.        ],0.16048131420416054,0.12876712328767123
365,130,0,KBRS_Hybrid,1.0,1.0,1.0,0.0,0.0,[275.19   2.47],[54.19 49.47],[0.83547878 0.04755487],[0.84639498 0.        ],0.15967890763313974,0.1284153005464481
366,168,0,KBRS_Hybrid,1.0,1.0,1.0,0.0,0.0,[276.2    2.47],[54.2  49.47],[0.83595642 0.04755487],[0.846875 0.      ],0.15888051309497406,0.12806539509536785
367,439,0,KBRS_Hybrid,1.0,1.0,1.0,1.0,0.0,[277.21   2.47],[54.21 49.47],[0.83643111 0.04755487],[0.84735202 0.        ],0.1580861105294992,0.12771739130434784
368,159,0,KBRS_Hybrid,1.0,1.0,1.0,1.0,0.0,[278.22   2.47],[54.22 49.47],[0.8369029  0.04755487],[0.84782609 0.        ],0.1572956799768517,0.12737127371273713
369,33,0,KBRS_Hybrid,1.0,1.0,1.0,0.0,0.0,[279.23   2.47],[54.23 49.47],[0.8373718  0.04755487],[0.84829721 0.        ],0.15650920157696743,0.12702702702702703
370,261,0,KBRS_Hybrid,1.0,1.0,1.0,1.0,0.0,[280.24   2.47],[54.24 49.47],[0.83783784 0.04755487],[0.84876543 0.        ],0.1557266555690826,0.12668463611859837
371,356,0,KBRS_Hybrid,1.0,1.0,1.0,1.0,0.0,[281.25   2.47],[54.25 49.47],[0.83830104 0.04755487],[0.84923077 0.        ],0.1549480222912372,0.12634408602150538
372,92,0,KBRS_Hybrid,1.0,1.0,1.0,0.0,0.0,[282.26   2.47],[54.26 49.47],[0.83876144 0.04755487],[0.84969325 0.        ],0.15417328217978102,0.1260053619302949
373,160,0,KBRS_Hybrid,1.0,1.0,1.0,1.0,0.0,[283.27   2.47],[54.27 49.47],[0.83921906 0.04755487],[0.85015291 0.        ],0.1534024157688821,0.12566844919786097
374,597,0,KBRS_Hybrid,1.0,1.0,1.0,1.0,0.0,[284.28   2.47],[54.28 49.47],[0.83967391 0.04755487],[0.85060976 0.        ],0.1526354036900377,0.12533333333333332
375,577,0,KBRS_Hybrid,1.0,1.0,1.0,0.0,0.0,[285.29   2.47],[54.29 49.47],[0.84012604 0.04755487],[0.85106383 0.        ],0.1518722266715875,0.125
376,161,0,KBRS_Hybrid,1.0,1.0,1.0,1.0,0.0,[286.3    2.47],[54.3  49.47],[0.84057546 0.04755487],[0.85151515 0.        ],0.15111286553822956,0.1246684350132626
377,530,0,KBRS_Hybrid,1.0,1.0,1.0,1.0,0.0,[287.31   2.47],[54.31 49.47],[0.84102219 0.04755487],[0.85196375 0.        ],0.15035730121053842,0.12433862433862433
378,198,0,KBRS_Hybrid,1.0,1.0,1.0,1.0,0.0,[288.32   2.47],[54.32 49.47],[0.84146626 0.04755487],[0.85240964 0.        ],0.14960551470448571,0.12401055408970976
379,472,0,KBRS_Hybrid,1.0,1.0,1.0,1.0,0.0,[289.33   2.47],[54.33 49.47],[0.8419077  0.04755487],[0.85285285 0.        ],0.14885748713096328,0.12368421052631579
380,566,0,KBRS_Hybrid,1.0,1.0,1.0,0.0,0.0,[290.34   2.47],[54.34 49.47],[0.84234652 0.04755487],[0.85329341 0.        ],0.14811319969530845,0.12335958005249344
381,108,0,KBRS_Hybrid,1.0,1.0,1.0,1.0,0.0,[291.35   2.47],[54.35 49.47],[0.84278276 0.04755487],[0.85373134 0.        ],0.1473726336968319,0.12303664921465969
382,556,0,KBRS_Hybrid,1.0,1.0,1.0,1.0,0.0,[292.36   2.47],[54.36 49.47],[0.84321643 0.04755487],[0.85416667 0.        ],0.14663577052834775,0.1227154046997389
383,141,0,KBRS_Hybrid,1.0,1.0,1.0,0.0,0.0,[293.37   2.47],[54.37 49.47],[0.84364755 0.04755487],[0.85459941 0.        ],0.14590259167570602,0.12239583333333333
384,189,0,KBRS_Hybrid,1.0,1.0,1.0,1.0,0.0,[294.38   2.47],[54.38 49.47],[0.84407616 0.04755487],[0.85502959 0.        ],0.1451730787173275,0.12207792207792208
385,218,0,KBRS_Hybrid,1.0,1.0,1.0,0.0,0.0,[295.39   2.47],[54.39 49.47],[0.84450226 0.04755487],[0.85545723 0.        ],0.14444721332374086,0.12176165803108809
386,527,0,KBRS_Hybrid,1.0,1.0,1.0,0.0,0.0,[296.4    2.47],[54.4  49.47],[0.84492588 0.04755487],[0.85588235 0.        ],0.14372497725712216,0.12144702842377261
387,336,0,KBRS_Hybrid,1.0,1.0,1.0,1.0,0.0,[297.41   2.47],[54.41 49.47],[0.84534705 0.04755487],[0.85630499 0.        ],0.14300635237083656,0.1211340206185567
388,78,0,KBRS_Hybrid,1.0,1.0,1.0,1.0,0.0,[298.42   2.47],[54.42 49.47],[0.84576579 0.04755487],[0.85672515 0.        ],0.14229132060898236,0.12082262210796915
389,524,0,KBRS_Hybrid,1.0,1.0,1.0,0.0,0.0,[299.43   2.47],[54.43 49.47],[0.84618211 0.04755487],[0.85714286 0.        ],0.14157986400593744,0.12051282051282051
390,425,0,KBRS_Hybrid,1.0,1.0,1.0,1.0,0.0,[300.44   2.47],[54.44 49.47],[0.84659603 0.04755487],[0.85755814 0.        ],0.14087196468590776,0.12020460358056266
391,608,0,KBRS_Hybrid,1.0,1.0,1.0,0.0,0.0,[301.45   2.47],[54.45 49.47],[0.84700759 0.04755487],[0.85797101 0.        ],0.14016760486247823,0.11989795918367346
392,218,0,KBRS_Hybrid,1.0,1.0,1.0,0.0,0.0,[302.46   2.47],[54.46 49.47],[0.84741679 0.04755487],[0.8583815 0.       ],0.13946676683816583,0.11959287531806616
393,331,0,KBRS_Hybrid,1.0,1.0,1.0,0.0,0.0,[303.47   2.47],[54.47 49.47],[0.84782366 0.04755487],[0.85878963 0.        ],0.138769433003975,0.11928934010152284
394,21,0,KBRS_Hybrid,1.0,1.0,1.0,1.0,0.0,[304.48   2.47],[54.48 49.47],[0.84822821 0.04755487],[0.8591954 0.       ],0.13807558583895513,0.1189873417721519
395,1,0,KBRS_Hybrid,1.0,1.0,1.0,0.0,0.0,[305.49   2.47],[54.49 49.47],[0.84863048 0.04755487],[0.85959885 0.        ],0.13738520790976036,0.11868686868686869
396,393,0,KBRS_Hybrid,1.0,1.0,1.0,1.0,0.0,[306.5    2.47],[54.5  49.47],[0.84903047 0.04755487],[0.86 0.  ],0.13669828187021155,0.11838790931989925
397,26,0,KBRS_Hybrid,1.0,1.0,1.0,1.0,0.0,[307.51   2.47],[54.51 49.47],[0.84942821 0.04755487],[0.86039886 0.        ],0.13601479046086049,0.11809045226130653
398,585,0,KBRS_Hybrid,1.0,1.0,1.0,1.0,0.0,[308.52   2.47],[54.52 49.47],[0.84982371 0.04755487],[0.86079545 0.        ],0.1353347165085562,0.11779448621553884
399,237,0,KBRS_Hybrid,1.0,1.0,1.0,0.0,0.0,[309.53   2.47],[54.53 49.47],[0.850217   0.04755487],[0.8611898 0.       ],0.1346580429260134,0.1175
400,68,0,KBRS_Hybrid,1.0,1.0,1.0,1.0,0.0,[310.54   2.47],[54.54 49.47],[0.85060809 0.04755487],[0.86158192 0.        ],0.13398475271138335,0.1172069825436409
401,318,0,KBRS_Hybrid,1.0,1.0,1.0,1.0,0.0,[311.55   2.47],[54.55 49.47],[0.850997   0.04755487],[0.86197183 0.        ],0.13331482894782642,0.11691542288557213
402,382,0,KBRS_Hybrid,1.0,1.0,1.0,0.0,0.0,[312.56   2.47],[54.56 49.47],[0.85138374 0.04755487],[0.86235955 0.        ],0.13264825480308728,0.11662531017369727
403,444,0,KBRS_Hybrid,1.0,1.0,1.0,1.0,0.0,[313.57   2.47],[54.57 49.47],[0.85176835 0.04755487],[0.8627451 0.       ],0.13198501352907185,0.11633663366336634
404,399,0,KBRS_Hybrid,1.0,1.0,1.0,0.0,0.0,[314.58   2.47],[54.58 49.47],[0.85215083 0.04755487],[0.86312849 0.        ],0.1313250884614265,0.11604938271604938
405,588,0,KBRS_Hybrid,1.0,1.0,1.0,0.0,0.0,[315.59   2.47],[54.59 49.47],[0.8525312  0.04755487],[0.86350975 0.        ],0.13066846301911936,0.11576354679802955
406,231,0,KBRS_Hybrid,1.0,1.0,1.0,0.0,0.0,[316.6    2.47],[54.6  49.47],[0.85290948 0.04755487],[0.86388889 0.        ],0.13001512070402377,0.11547911547911548
407,379,0,KBRS_Hybrid,1.0,1.0,1.0,1.0,0.0,[317.61   2.47],[54.61 49.47],[0.85328569 0.04755487],[0.86426593 0.        ],0.12936504510050365,0.11519607843137254
408,144,0,KBRS_Hybrid,1.0,1.0,1.0,0.0,0.0,[318.62   2.47],[54.62 49.47],[0.85365984 0.04755487],[0.86464088 0.        ],0.12871821987500112,0.11491442542787286
409,94,0,KBRS_Hybrid,1.0,1.0,1.0,1.0,0.0,[319.63   2.47],[54.63 49.47],[0.85403196 0.04755487],[0.86501377 0.        ],0.12807462877562611,0.11463414634146342
410,130,0,KBRS_Hybrid,1.0,1.0,1.0,0.0,0.0,[320.64   2.47],[54.64 49.47],[0.85440205 0.04755487],[0.86538462 0.        ],0.12743425563174798,0.11435523114355231
411,435,0,KBRS_Hybrid,1.0,1.0,1.0,0.0,0.0,[321.65   2.47],[54.65 49.47],[0.85477013 0.04755487],[0.86575342 0.        ],0.12679708435358925,0.11407766990291263
412,461,0,KBRS_Hybrid,1.0,1.0,1.0,1.0,0.0,[322.66   2.47],[54.66 49.47],[0.85513622 0.04755487],[0.86612022 0.        ],0.1261630989318213,0.11380145278450363
413,179,0,KBRS_Hybrid,1.0,1.0,1.0,1.0,0.0,[323.67   2.47],[54.67 49.47],[0.85550034 0.04755487],[0.86648501 0.        ],0.1255322834371622,0.11352657004830918
414,321,0,KBRS_Hybrid,1.0,1.0,1.0,1.0,0.0,[324.68   2.47],[54.68 49.47],[0.85586251 0.04755487],[0.86684783 0.        ],0.12490462201997637,0.11325301204819277
415,482,0,KBRS_Hybrid,1.0,1.0,1.0,0.0,0.0,[325.69   2.47],[54.69 49.47],[0.85622272 0.04755487],[0.86720867 0.        ],0.1242800989098765,0.11298076923076923
416,232,0,KBRS_Hybrid,1.0,1.0,1.0,1.0,0.0,[326.7    2.47],[54.7  49.47],[0.85658102 0.04755487],[0.86756757 0.        ],0.12365869841532712,0.11270983213429256
417,596,0,KBRS_Hybrid,1.0,1.0,1.0,1.0,0.0,[327.71   2.47],[54.71 49.47],[0.8569374  0.04755487],[0.86792453 0.        ],0.12304040492325048,0.11244019138755981
418,55,0,KBRS_Hybrid,1.0,1.0,1.0,1.0,0.0,[328.72   2.47],[54.72 49.47],[0.85729188 0.04755487],[0.86827957 0.        ],0.12242520289863423,0.11217183770883055
419,48,0,KBRS_Hybrid,1.0,1.0,1.0,1.0,0.0,[329.73   2.47],[54.73 49.47],[0.85764449 0.04755487],[0.86863271 0.        ],0.12181307688414106,0.11190476190476191
420,207,0,KBRS_Hybrid,1.0,1.0,1.0,1.0,0.0,[330.74   2.47],[54.74 49.47],[0.85799523 0.04755487],[0.86898396 0.        ],0.12120401149972035,0.11163895486935867
421,457,0,KBRS_Hybrid,1.0,1.0,1.0,1.0,0.0,[331.75   2.47],[54.75 49.47],[0.85834411 0.04755487],[0.86933333 0.        ],0.12059799144222175,0.11137440758293839
422,21,0,KBRS_Hybrid,1.0,1.0,1.0,0.0,0.0,[332.76   2.47],[54.76 49.47],[0.85869116 0.04755487],[0.86968085 0.        ],0.11999500148501063,0.1111111111111111
423,9,0,KBRS_Hybrid,1.0,1.0,1.0,1.0,0.0,[333.77   2.47],[54.77 49.47],[0.85903639 0.04755487],[0.87002653 0.        ],0.11939502647758558,0.11084905660377359
424,392,0,KBRS_Hybrid,1.0,1.0,1.0,0.0,0.0,[334.78   2.47],[54.78 49.47],[0.85937981 0.04755487],[0.87037037 0.        ],0.11879805134519765,0.11058823529411765
425,254,0,KBRS_Hybrid,1.0,1.0,1.0,0.0,0.0,[335.79   2.47],[54.79 49.47],[0.85972144 0.04755487],[0.8707124 0.       ],0.11820406108847166,0.11032863849765258
426,153,0,KBRS_Hybrid,1.0,1.0,1.0,0.0,0.0,[336.8    2.47],[54.8  49.47],[0.86006129 0.04755487],[0.87105263 0.        ],0.1176130407830293,0.11007025761124122
427,92,0,KBRS_Hybrid,1.0,1.0,1.0,0.0,0.0,[337.81   2.47],[54.81 49.47],[0.86039937 0.04755487],[0.87139108 0.        ],0.11702497557911415,0.10981308411214953
428,231,0,KBRS_Hybrid,1.0,1.0,1.0,0.0,0.0,[338.82   2.47],[54.82 49.47],[0.8607357  0.04755487],[0.87172775 0.        ],0.11643985070121858,0.10955710955710955
429,164,0,KBRS_Hybrid,1.0,1.0,1.0,1.0,0.0,[339.83   2.47],[54.83 49.47],[0.86107029 0.04755487],[0.87206266 0.        ],0.11585765144771248,0.10930232558139535
430,135,0,KBRS_Hybrid,1.0,1.0,1.0,0.0,0.0,[340.84   2.47],[54.84 49.47],[0.86140315 0.04755487],[0.87239583 0.        ],0.11527836319047392,0.10904872389791183
431,244,0,KBRS_Hybrid,1.0,1.0,1.0,1.0,0.0,[341.85   2.47],[54.85 49.47],[0.86173431 0.04755487],[0.87272727 0.        ],0.11470197137452155,0.1087962962962963
432,298,0,KBRS_Hybrid,1.0,1.0,1.0,0.0,0.0,[342.86   2.47],[54.86 49.47],[0.86206376 0.04755487],[0.87305699 0.        ],0.11412846151764894,0.10854503464203233
433,82,0,KBRS_Hybrid,1.0,1.0,1.0,1.0,0.0,[343.87   2.47],[54.87 49.47],[0.86239153 0.04755487],[0.87338501 0.        ],0.1135578192100607,0.10829493087557604
434,606,0,KBRS_Hybrid,1.0,1.0,1.0,1.0,0.0,[344.88   2.47],[54.88 49.47],[0.86271763 0.04755487],[0.87371134 0.        ],0.11299003011401039,0.10804597701149425
435,529,0,KBRS_Hybrid,1.0,1.0,1.0,1.0,0.0,[345.89   2.47],[54.89 49.47],[0.86304207 0.04755487],[0.87403599 0.        ],0.11242507996344034,0.10779816513761468
436,192,0,KBRS_Hybrid,1.0,1.0,1.0,0.0,0.0,[346.9    2.47],[54.9  49.47],[0.86336486 0.04755487],[0.87435897 0.        ],0.11186295456362313,0.10755148741418764
437,253,0,KBRS_Hybrid,1.0,1.0,1.0,0.0,0.0,[347.91   2.47],[54.91 49.47],[0.86368601 0.04755487],[0.87468031 0.        ],0.11130363979080501,0.10730593607305935
438,288,0,KBRS_Hybrid,1.0,1.0,1.0,1.0,0.0,[348.92   2.47],[54.92 49.47],[0.86400555 0.04755487],[0.875 0.   ],0.11074712159185099,0.1070615034168565
439,128,0,KBRS_Hybrid,1.0,1.0,1.0,0.0,0.0,[349.93   2.47],[54.93 49.47],[0.86432347 0.04755487],[0.87531807 0.        ],0.11019338598389174,0.10681818181818181
440,261,0,KBRS_Hybrid,1.0,1.0,1.0,0.0,0.0,[350.94   2.47],[54.94 49.47],[0.8646398  0.04755487],[0.87563452 0.        ],0.10964241905397228,0.10657596371882086
441,35,0,KBRS_Hybrid,1.0,1.0,1.0,1.0,0.0,[351.95   2.47],[54.95 49.47],[0.86495453 0.04755487],[0.87594937 0.        ],0.10909420695870241,0.10633484162895927
442,245,0,KBRS_Hybrid,1.0,1.0,1.0,1.0,0.0,[352.96   2.47],[54.96 49.47],[0.8652677  0.04755487],[0.87626263 0.        ],0.1085487359239089,0.10609480812641084
443,490,0,KBRS_Hybrid,1.0,1.0,1.0,1.0,0.0,[353.97   2.47],[54.97 49.47],[0.8655793  0.04755487],[0.87657431 0.        ],0.10800599224428936,0.10585585585585586
444,35,0,KBRS_Hybrid,1.0,1.0,1.0,0.0,0.0,[354.98   2.47],[54.98 49.47],[0.86588936 0.04755487],[0.87688442 0.        ],0.10746596228306791,0.10561797752808989
445,546,0,KBRS_Hybrid,1.0,1.0,1.0,1.0,0.0,[355.99   2.47],[54.99 49.47],[0.86619787 0.04755487],[0.87719298 0.        ],0.10692863247165257,0.10538116591928251
446,230,0,KBRS_Hybrid,1.0,1.0,1.0,1.0,0.0,[357.     2.47],[55.   49.47],[0.86650485 0.04755487],[0.8775 0.    ],0.1063939893092943,0.10514541387024609
447,88,0,KBRS_Hybrid,1.0,1.0,1.0,1.0,0.0,[358.01   2.47],[55.01 49.47],[0.86681032 0.04755487],[0.87780549 0.        ],0.10586201936274783,0.10491071428571429
448,519,0,KBRS_Hybrid,1.0,1.0,1.0,1.0,0.0,[359.02   2.47],[55.02 49.47],[0.86711429 0.04755487],[0.87810945 0.        ],0.10533270926593409,0.10467706013363029
449,512,0,KBRS_Hybrid,1.0,1.0,1.0,1.0,0.0,[360.03   2.47],[55.03 49.47],[0.86741676 0.04755487],[0.87841191 0.        ],0.10480604571960442,0.10444444444444445
450,359,0,KBRS_Hybrid,1.0,1.0,1.0,1.0,0.0,[361.04   2.47],[55.04 49.47],[0.86771775 0.04755487],[0.87871287 0.        ],0.1042820154910064,0.10421286031042129
451,57,0,KBRS_Hybrid,1.0,1.0,1.0,1.0,0.0,[362.05   2.47],[55.05 49.47],[0.86801726 0.04755487],[0.87901235 0.        ],0.10376060541355137,0.10398230088495575
452,168,0,KBRS_Hybrid,1.0,1.0,1.0,0.0,0.0,[363.06   2.47],[55.06 49.47],[0.86831532 0.04755487],[0.87931034 0.        ],0.1032418023864836,0.10375275938189846
453,287,0,KBRS_Hybrid,1.0,1.0,1.0,1.0,0.0,[364.07   2.47],[55.07 49.47],[0.86861192 0.04755487],[0.87960688 0.        ],0.10272559337455119,0.10352422907488987
454,148,0,KBRS_Hybrid,1.0,1.0,1.0,1.0,0.0,[365.08   2.47],[55.08 49.47],[0.86890708 0.04755487],[0.87990196 0.        ],0.10221196540767843,0.10329670329670329
455,93,0,KBRS_Hybrid,1.0,1.0,1.0,0.0,0.0,[366.09   2.47],[55.09 49.47],[0.86920082 0.04755487],[0.8801956 0.       ],0.10170090558064004,0.10307017543859649
456,212,0,KBRS_Hybrid,1.0,1.0,1.0,1.0,0.0,[367.1    2.47],[55.1  49.47],[0.86949313 0.04755487],[0.8804878 0.       ],0.10119240105273684,0.10284463894967177
457,34,0,KBRS_Hybrid,1.0,1.0,1.0,0.0,0.0,[368.11   2.47],[55.11 49.47],[0.86978404 0.04755487],[0.88077859 0.        ],0.10068643904747315,0.10262008733624454
458,594,0,KBRS_Hybrid,1.0,1.0,1.0,1.0,0.0,[369.12   2.47],[55.12 49.47],[0.87007354 0.04755487],[0.88106796 0.        ],0.10018300685223579,0.10239651416122005
459,327,0,KBRS_Hybrid,1.0,1.0,1.0,0.0,0.0,[370.13   2.47],[55.13 49.47],[0.87036166 0.04755487],[0.88135593 0.        ],0.1,0.10217391304347827
460,586,0,KBRS_Hybrid,1.0,1.0,1.0,1.0,0.0,[371.14   2.47],[55.14 49.47],[0.8706484  0.04755487],[0.88164251 0.        ],0.1,0.1019522776572668
461,285,0,KBRS_Hybrid,1.0,1.0,1.0,1.0,0.0,[372.15   2.47],[55.15 49.47],[0.87093377 0.04755487],[0.88192771 0.        ],0.1,0.10173160173160173
462,229,0,KBRS_Hybrid,1.0,1.0,1.0,1.0,0.0,[373.16   2.47],[55.16 49.47],[0.87121778 0.04755487],[0.88221154 0.        ],0.1,0.10151187904967603
463,236,0,KBRS_Hybrid,1.0,1.0,1.0,0.0,0.0,[374.17   2.47],[55.17 49.47],[0.87150044 0.04755487],[0.882494 0.      ],0.1,0.10129310344827586
464,55,0,KBRS_Hybrid,1.0,1.0,1.0,0.0,0.0,[375.18   2.47],[55.18 49.47],[0.87178176 0.04755487],[0.88277512 0.        ],0.1,0.1010752688172043
465,460,0,KBRS_Hybrid,1.0,1.0,1.0,1.0,0.0,[376.19   2.47],[55.19 49.47],[0.87206176 0.04755487],[0.88305489 0.        ],0.1,0.10085836909871244
466,526,0,KBRS_Hybrid,1.0,1.0,1.0,0.0,0.0,[377.2    2.47],[55.2  49.47],[0.87234043 0.04755487],[0.88333333 0.        ],0.1,0.1006423982869379
467,535,0,KBRS_Hybrid,1.0,1.0,1.0,0.0,0.0,[378.21   2.47],[55.21 49.47],[0.87261778 0.04755487],[0.88361045 0.        ],0.1,0.10042735042735043
468,596,0,KBRS_Hybrid,1.0,1.0,1.0,0.0,0.0,[379.22   2.47],[55.22 49.47],[0.87289384 0.04755487],[0.88388626 0.        ],0.1,0.10021321961620469
469,545,0,KBRS_Hybrid,1.0,1.0,1.0,0.0,0.0,[380.23   2.47],[55.23 49.47],[0.8731686  0.04755487],[0.88416076 0.        ],0.1,0.1
470,157,0,KBRS_Hybrid,1.0,1.0,1.0,1.0,0.0,[381.24   2.47],[55.24 49.47],[0.87344208 0.04755487],[0.88443396 0.        ],0.1,0.09978768577494693
471,546,0,KBRS_Hybrid,1.0,1.0,1.0,0.0,0.0,[382.25   2.47],[55.25 49.47],[0.87371429 0.04755487],[0.88470588 0.        ],0.1,0.09957627118644068
472,235,0,KBRS_Hybrid,1.0,1.0,1.0,0.0,0.0,[383.26   2.47],[55.26 49.47],[0.87398522 0.04755487],[0.88497653 0.        ],0.1,0.09936575052854123
473,258,0,KBRS_Hybrid,1.0,1.0,1.0,1.0,0.0,[384.27   2.47],[55.27 49.47],[0.8742549  0.04755487],[0.8852459 0.       ],0.1,0.09915611814345991
474,533,0,KBRS_Hybrid,1.0,1.0,1.0,0.0,0.0,[385.28   2.47],[55.28 49.47],[0.87452333 0.04755487],[0.88551402 0.        ],0.1,0.09894736842105263
475,497,0,KBRS_Hybrid,1.0,1.0,1.0,0.0,0.0,[386.29   2.47],[55.29 49.47],[0.87479052 0.04755487],[0.88578089 0.        ],0.1,0.09873949579831932
476,512,0,KBRS_Hybrid,1.0,1.0,1.0,0.0,0.0,[387.3    2.47],[55.3  49.47],[0.87505648 0.04755487],[0.88604651 0.        ],0.1,0.09853249475890985
477,423,0,KBRS_Hybrid,1.0,1.0,1.0,1.0,0.0,[388.31   2.47],[55.31 49.47],[0.87532122 0.04755487],[0.8863109 0.       ],0.1,0.09832635983263599
478,29,0,KBRS_Hybrid,1.0,1.0,1.0,0.0,0.0,[389.32   2.47],[55.32 49.47],[0.87558474 0.04755487],[0.88657407 0.        ],0.1,0.09812108559498957
479,582,0,KBRS_Hybrid,1.0,1.0,1.0,1.0,0.0,[390.33   2.47],[55.33 49.47],[0.87584706 0.04755487],[0.88683603 0.        ],0.1,0.09791666666666667
480,375,0,KBRS_Hybrid,1.0,1.0,1.0,1.0,0.0,[391.34   2.47],[55.34 49.47],[0.87610818 0.04755487],[0.88709677 0.        ],0.1,0.09771309771309772
481,337,0,KBRS_Hybrid,1.0,1.0,1.0,1.0,0.0,[392.35   2.47],[55.35 49.47],[0.8763681  0.04755487],[0.88735632 0.        ],0.1,0.0975103734439834
482,155,0,KBRS_Hybrid,1.0,1.0,1.0,1.0,0.0,[393.36   2.47],[55.36 49.47],[0.87662685 0.04755487],[0.88761468 0.        ],0.1,0.09730848861283643
483,107,0,KBRS_Hybrid,1.0,1.0,1.0,0.0,0.0,[394.37   2.47],[55.37 49.47],[0.87688442 0.04755487],[0.88787185 0.        ],0.1,0.09710743801652892
484,518,0,KBRS_Hybrid,1.0,1.0,1.0,1.0,0.0,[395.38   2.47],[55.38 49.47],[0.87714083 0.04755487],[0.88812785 0.        ],0.1,0.09690721649484536
485,231,0,KBRS_Hybrid,1.0,1.0,1.0,0.0,0.0,[396.39   2.47],[55.39 49.47],[0.87739608 0.04755487],[0.88838269 0.        ],0.1,0.09670781893004116
486,301,0,KBRS_Hybrid,1.0,1.0,1.0,1.0,0.0,[397.4    2.47],[55.4  49.47],[0.87765018 0.04755487],[0.88863636 0.        ],0.1,0.09650924024640657
487,519,0,KBRS_Hybrid,1.0,1.0,1.0,0.0,0.0,[398.41   2.47],[55.41 49.47],[0.87790313 0.04755487],[0.88888889 0.        ],0.1,0.09631147540983606
488,595,0,KBRS_Hybrid,1.0,1.0,1.0,1.0,0.0,[399.42   2.47],[55.42 49.47],[0.87815496 0.04755487],[0.88914027 0.        ],0.1,0.09611451942740286
489,19,0,KBRS_Hybrid,1.0,1.0,1.0,1.0,0.0,[400.43   2.47],[55.43 49.47],[0.87840565 0.04755487],[0.88939052 0.        ],0.1,0.09591836734693877
490,52,0,KBRS_Hybrid,1.0,1.0,1.0,1.0,0.0,[401.44   2.47],[55.44 49.47],[0.87865523 0.04755487],[0.88963964 0.        ],0.1,0.09572301425661914
491,363,0,KBRS_Hybrid,1.0,1.0,1.0,0.0,0.0,[402.45   2.47],[55.45 49.47],[0.87890369 0.04755487],[0.88988764 0.        ],0.1,0.09552845528455285
492,466,0,KBRS_Hybrid,1.0,1.0,1.0,1.0,0.0,[403.46   2.47],[55.46 49.47],[0.87915105 0.04755487],[0.89013453 0.        ],0.1,0.09533468559837728
493,168,0,KBRS_Hybrid,1.0,1.0,1.0,0.0,0.0,[404.47   2.47],[55.47 49.47],[0.87939731 0.04755487],[0.89038031 0.        ],0.1,0.0951417004048583
494,311,0,KBRS_Hybrid,1.0,1.0,1.0,1.0,0.0,[405.48   2.47],[55.48 49.47],[0.87964249 0.04755487],[0.890625 0.      ],0.1,0.09494949494949495
495,333,0,KBRS_Hybrid,1.0,1.0,1.0,0.0,0.0,[406.49   2.47],[55.49 49.47],[0.87988658 0.04755487],[0.8908686 0.       ],0.1,0.09475806451612903
496,351,0,KBRS_Hybrid,1.0,1.0,1.0,1.0,0.0,[407.5    2.47],[55.5  49.47],[0.88012959 0.04755487],[0.89111111 0.        ],0.1,0.09456740442655935
497,542,0,KBRS_Hybrid,1.0,1.0,1.0,0.0,0.0,[408.51   2.47],[55.51 49.47],[0.88037154 0.04755487],[0.89135255 0.        ],0.1,0.09437751004016064
498,460,0,KBRS_Hybrid,1.0,1.0,1.0,0.0,0.0,[409.52   2.47],[55.52 49.47],[0.88061242 0.04755487],[0.89159292 0.        ],0.1,0.09418837675350701
499,269,0,KBRS_Hybrid,1.0,1.0,1.0,0.0,0.0,[410.53   2.47],[55.53 49.47],[0.88085225 0.04755487],[0.89183223 0.        ],0.1,0.094
500,44,0,KBRS_Hybrid,1.0,1.0,1.0,0.0,0.0,[411.54   2.47],[55.54 49.47],[0.88109103 0.04755487],[0.89207048 0.        ],0.1,0.09381237524950099
501,554,0,KBRS_Hybrid,1.0,1.0,1.0,1.0,0.0,[412.55   2.47],[55.55 49.47],[0.88132878 0.04755487],[0.89230769 0.        ],0.1,0.09362549800796813
502,482,0,KBRS_Hybrid,1.0,1.0,1.0,0.0,0.0,[413.56   2.47],[55.56 49.47],[0.88156548 0.04755487],[0.89254386 0.        ],0.1,0.09343936381709742
503,271,0,KBRS_Hybrid,1.0,1.0,1.0,1.0,0.0,[414.57   2.47],[55.57 49.47],[0.88180117 0.04755487],[0.89277899 0.        ],0.1,0.09325396825396826
504,85,0,KBRS_Hybrid,1.0,1.0,1.0,1.0,0.0,[415.58   2.47],[55.58 49.47],[0.88203583 0.04755487],[0.8930131 0.       ],0.1,0.09306930693069307
505,296,0,KBRS_Hybrid,1.0,1.0,1.0,0.0,0.0,[416.59   2.47],[55.59 49.47],[0.88226947 0.04755487],[0.89324619 0.        ],0.1,0.09288537549407115
506,578,0,KBRS_Hybrid,1.0,1.0,1.0,1.0,0.0,[417.6    2.47],[55.6  49.47],[0.88250211 0.04755487],[0.89347826 0.        ],0.1,0.09270216962524655
507,124,0,KBRS_Hybrid,1.0,1.0,1.0,0.0,0.0,[418.61   2.47],[55.61 49.47],[0.88273375 0.04755487],[0.89370933 0.        ],0.1,0.09251968503937008
508,404,0,KBRS_Hybrid,1.0,1.0,1.0,1.0,0.0,[419.62   2.47],[55.62 49.47],[0.8829644  0.04755487],[0.89393939 0.        ],0.1,0.09233791748526522
509,413,0,KBRS_Hybrid,1.0,1.0,1.0,0.0,0.0,[420.63   2.47],[55.63 49.47],[0.88319405 0.04755487],[0.89416847 0.        ],0.1,0.09215686274509804
510,431,0,KBRS_Hybrid,1.0,1.0,1.0,1.0,0.0,[421.64   2.47],[55.64 49.47],[0.88342273 0.04755487],[0.89439655 0.        ],0.1,0.09197651663405088
511,328,0,KBRS_Hybrid,1.0,1.0,1.0,0.0,0.0,[422.65   2.47],[55.65 49.47],[0.88365043 0.04755487],[0.89462366 0.        ],0.1,0.091796875
512,301,0,KBRS_Hybrid,1.0,1.0,1.0,0.0,0.0,[423.66   2.47],[55.66 49.47],[0.88387716 0.04755487],[0.89484979 0.        ],0.1,0.09161793372319688
513,478,0,KBRS_Hybrid,1.0,1.0,1.0,1.0,0.0,[424.67   2.47],[55.67 49.47],[0.88410293 0.04755487],[0.89507495 0.        ],0.1,0.0914396887159533
514,276,0,KBRS_Hybrid,1.0,1.0,1.0,1.0,0.0,[425.68   2.47],[55.68 49.47],[0.88432774 0.04755487],[0.89529915 0.        ],0.1,0.0912621359223301
515,534,0,KBRS_Hybrid,1.0,1.0,1.0,1.0,0.0,[426.69   2.47],[55.69 49.47],[0.8845516  0.04755487],[0.89552239 0.        ],0.1,0.09108527131782945
516,508,0,KBRS_Hybrid,1.0,1.0,1.0,1.0,0.0,[427.7    2.47],[55.7  49.47],[0.88477451 0.04755487],[0.89574468 0.        ],0.1,0.09090909090909091
517,393,0,KBRS_Hybrid,1.0,1.0,1.0,0.0,0.0,[428.71   2.47],[55.71 49.47],[0.88499649 0.04755487],[0.89596603 0.        ],0.1,0.09073359073359073
518,541,0,KBRS_Hybrid,1.0,1.0,1.0,1.0,0.0,[429.72   2.47],[55.72 49.47],[0.88521753 0.04755487],[0.89618644 0.        ],0.1,0.0905587668593449
519,370,0,KBRS_Hybrid,1.0,1.0,1.0,0.0,0.0,[430.73   2.47],[55.73 49.47],[0.88543765 0.04755487],[0.89640592 0.        ],0.1,0.09038461538461538
520,507,0,KBRS_Hybrid,1.0,1.0,1.0,1.0,0.0,[431.74   2.47],[55.74 49.47],[0.88565685 0.04755487],[0.89662447 0.        ],0.1,0.09021113243761997
521,55,0,KBRS_Hybrid,1.0,1.0,1.0,0.0,0.0,[432.75   2.47],[55.75 49.47],[0.88587513 0.04755487],[0.89684211 0.        ],0.1,0.09003831417624521
522,404,0,KBRS_Hybrid,1.0,1.0,1.0,0.0,0.0,[433.76   2.47],[55.76 49.47],[0.8860925  0.04755487],[0.89705882 0.        ],0.1,0.08986615678776291
523,441,0,KBRS_Hybrid,1.0,1.0,1.0,0.0,0.0,[434.77   2.47],[55.77 49.47],[0.88630897 0.04755487],[0.89727463 0.        ],0.1,0.08969465648854962
524,361,0,KBRS_Hybrid,1.0,1.0,1.0,0.0,0.0,[435.78   2.47],[55.78 49.47],[0.88652453 0.04755487],[0.89748954 0.        ],0.1,0.08952380952380952
525,562,0,KBRS_Hybrid,1.0,1.0,1.0,0.0,0.0,[436.79   2.47],[55.79 49.47],[0.88673921 0.04755487],[0.89770355 0.        ],0.1,0.08935361216730038
526,145,0,KBRS_Hybrid,1.0,1.0,1.0,0.0,0.0,[437.8    2.47],[55.8  49.47],[0.886953   0.04755487],[0.89791667 0.        ],0.1,0.08918406072106262
527,184,0,KBRS_Hybrid,1.0,1.0,1.0,1.0,0.0,[438.81   2.47],[55.81 49.47],[0.88716591 0.04755487],[0.8981289 0.       ],0.1,0.08901515151515152
528,237,0,KBRS_Hybrid,1.0,1.0,1.0,0.0,0.0,[439.82   2.47],[55.82 49.47],[0.88737794 0.04755487],[0.89834025 0.        ],0.1,0.0888468809073724
529,327,0,KBRS_Hybrid,1.0,1.0,1.0,0.0,0.0,[440.83   2.47],[55.83 49.47],[0.8875891  0.04755487],[0.89855072 0.        ],0.1,0.08867924528301886
530,139,0,KBRS_Hybrid,1.0,1.0,1.0,1.0,0.0,[441.84   2.47],[55.84 49.47],[0.88779939 0.04755487],[0.89876033 0.        ],0.1,0.08851224105461393
531,168,0,KBRS_Hybrid,1.0,1.0,1.0,0.0,0.0,[442.85   2.47],[55.85 49.47],[0.88800882 0.04755487],[0.89896907 0.        ],0.1,0.08834586466165413
532,210,0,KBRS_Hybrid,1.0,1.0,1.0,1.0,0.0,[443.86   2.47],[55.86 49.47],[0.8882174  0.04755487],[0.89917695 0.        ],0.1,0.08818011257035648
533,392,0,KBRS_Hybrid,1.0,1.0,1.0,0.0,0.0,[444.87   2.47],[55.87 49.47],[0.88842513 0.04755487],[0.89938398 0.        ],0.1,0.08801498127340825
534,505,0,KBRS_Hybrid,1.0,1.0,1.0,0.0,0.0,[445.88   2.47],[55.88 49.47],[0.88863202 0.04755487],[0.89959016 0.        ],0.1,0.08785046728971962
535,131,0,KBRS_Hybrid,1.0,1.0,1.0,0.0,0.0,[446.89   2.47],[55.89 49.47],[0.88883806 0.04755487],[0.8997955 0.       ],0.1,0.08768656716417911
536,191,0,KBRS_Hybrid,1.0,1.0,1.0,1.0,0.0,[447.9    2.47],[55.9  49.47],[0.88904327 0.04755487],[0.9 0. ],0.1,0.08752327746741155
537,405,0,KBRS_Hybrid,1.0,1.0,1.0,0.0,0.0,[448.91   2.47],[55.91 49.47],[0.88924765 0.04755487],[0.90020367 0.        ],0.1,0.08736059479553904
538,123,0,KBRS_Hybrid,1.0,1.0,1.0,1.0,0.0,[449.92   2.47],[55.92 49.47],[0.88945121 0.04755487],[0.9004065 0.       ],0.1,0.08719851576994433
539,176,0,KBRS_Hybrid,1.0,1.0,1.0,0.0,0.0,[450.93   2.47],[55.93 49.47],[0.88965395 0.04755487],[0.90060852 0.        ],0.1,0.08703703703703704
540,192,0,KBRS_Hybrid,1.0,1.0,1.0,0.0,0.0,[451.94   2.47],[55.94 49.47],[0.88985587 0.04755487],[0.90080972 0.        ],0.1,0.08687615526802218
541,507,0,KBRS_Hybrid,1.0,1.0,1.0,0.0,0.0,[452.95   2.47],[55.95 49.47],[0.89005699 0.04755487],[0.9010101 0.       ],0.1,0.08671586715867159
542,568,0,KBRS_Hybrid,1.0,1.0,1.0,1.0,0.0,[453.96   2.47],[55.96 49.47],[0.8902573  0.04755487],[0.90120968 0.        ],0.1,0.0865561694290976
543,547,0,KBRS_Hybrid,1.0,1.0,1.0,1.0,0.0,[454.97   2.47],[55.97 49.47],[0.89045681 0.04755487],[0.90140845 0.        ],0.1,0.08639705882352941
544,12,0,KBRS_Hybrid,1.0,1.0,1.0,1.0,0.0,[455.98   2.47],[55.98 49.47],[0.89065552 0.04755487],[0.90160643 0.        ],0.1,0.08623853211009175
545,117,0,KBRS_Hybrid,1.0,1.0,1.0,0.0,0.0,[456.99   2.47],[55.99 49.47],[0.89085344 0.04755487],[0.90180361 0.        ],0.1,0.08608058608058608
546,453,0,KBRS_Hybrid,1.0,1.0,1.0,1.0,0.0,[458.     2.47],[56.   49.47],[0.89105058 0.04755487],[0.902 0.   ],0.1,0.08592321755027423
547,353,0,KBRS_Hybrid,1.0,1.0,1.0,0.0,0.0,[459.01   2.47],[56.01 49.47],[0.89124694 0.04755487],[0.90219561 0.        ],0.1,0.08576642335766424
548,584,0,KBRS_Hybrid,1.0,1.0,1.0,1.0,0.0,[460.02   2.47],[56.02 49.47],[0.89144252 0.04755487],[0.90239044 0.        ],0.1,0.08561020036429873
549,588,0,KBRS_Hybrid,1.0,1.0,1.0,0.0,0.0,[461.03   2.47],[56.03 49.47],[0.89163733 0.04755487],[0.90258449 0.        ],0.1,0.08545454545454545
550,294,0,KBRS_Hybrid,1.0,1.0,1.0,1.0,0.0,[462.04   2.47],[56.04 49.47],[0.89183138 0.04755487],[0.90277778 0.        ],0.1,0.0852994555353902
551,597,0,KBRS_Hybrid,1.0,1.0,1.0,0.0,0.0,[463.05   2.47],[56.05 49.47],[0.89202466 0.04755487],[0.9029703 0.       ],0.1,0.08514492753623189
552,116,0,KBRS_Hybrid,1.0,1.0,1.0,1.0,0.0,[464.06   2.47],[56.06 49.47],[0.89221718 0.04755487],[0.90316206 0.        ],0.1,0.08499095840867993
553,334,0,KBRS_Hybrid,1.0,1.0,1.0,0.0,0.0,[465.07   2.47],[56.07 49.47],[0.89240895 0.04755487],[0.90335306 0.        ],0.1,0.08483754512635379
554,11,0,KBRS_Hybrid,1.0,1.0,1.0,1.0,0.0,[466.08   2.47],[56.08 49.47],[0.89259997 0.04755487],[0.90354331 0.        ],0.1,0.08468468468468468
555,81,0,KBRS_Hybrid,1.0,1.0,1.0,1.0,0.0,[467.09   2.47],[56.09 49.47],[0.89279024 0.04755487],[0.90373281 0.        ],0.1,0.08453237410071943
556,336,0,KBRS_Hybrid,1.0,1.0,1.0,0.0,0.0,[468.1    2.47],[56.1  49.47],[0.89297978 0.04755487],[0.90392157 0.        ],0.1,0.0843806104129264
557,351,0,KBRS_Hybrid,1.0,1.0,1.0,0.0,0.0,[469.11   2.47],[56.11 49.47],[0.89316858 0.04755487],[0.90410959 0.        ],0.1,0.08422939068100359
558,371,0,KBRS_Hybrid,1.0,1.0,1.0,0.0,0.0,[470.12   2.47],[56.12 49.47],[0.89335664 0.04755487],[0.90429688 0.        ],0.1,0.08407871198568873
559,276,0,KBRS_Hybrid,1.0,1.0,1.0,0.0,0.0,[471.13   2.47],[56.13 49.47],[0.89354398 0.04755487],[0.90448343 0.        ],0.1,0.08392857142857142
560,512,0,KBRS_Hybrid,1.0,1.0,1.0,0.0,0.0,[472.14   2.47],[56.14 49.47],[0.8937306  0.04755487],[0.90466926 0.        ],0.1,0.08377896613190731
561,330,0,KBRS_Hybrid,1.0,1.0,1.0,1.0,0.0,[473.15   2.47],[56.15 49.47],[0.89391649 0.04755487],[0.90485437 0.        ],0.1,0.08362989323843416
562,312,0,KBRS_Hybrid,1.0,1.0,1.0,1.0,0.0,[474.16   2.47],[56.16 49.47],[0.89410167 0.04755487],[0.90503876 0.        ],0.1,0.08348134991119005
563,376,0,KBRS_Hybrid,1.0,1.0,1.0,1.0,0.0,[475.17   2.47],[56.17 49.47],[0.89428614 0.04755487],[0.90522244 0.        ],0.1,0.08333333333333333
564,294,0,KBRS_Hybrid,1.0,1.0,1.0,0.0,0.0,[476.18   2.47],[56.18 49.47],[0.89446991 0.04755487],[0.90540541 0.        ],0.1,0.0831858407079646
565,495,0,KBRS_Hybrid,1.0,1.0,1.0,1.0,0.0,[477.19   2.47],[56.19 49.47],[0.89465297 0.04755487],[0.90558767 0.        ],0.1,0.08303886925795052
566,541,0,KBRS_Hybrid,1.0,1.0,1.0,0.0,0.0,[478.2    2.47],[56.2  49.47],[0.89483533 0.04755487],[0.90576923 0.        ],0.1,0.08289241622574955
567,8,0,KBRS_Hybrid,1.0,1.0,1.0,1.0,0.0,[479.21   2.47],[56.21 49.47],[0.895017   0.04755487],[0.9059501 0.       ],0.1,0.08274647887323944
568,107,0,KBRS_Hybrid,1.0,1.0,1.0,0.0,0.0,[480.22   2.47],[56.22 49.47],[0.89519797 0.04755487],[0.90613027 0.        ],0.1,0.08260105448154657
569,170,0,KBRS_Hybrid,1.0,1.0,1.0,1.0,0.0,[481.23   2.47],[56.23 49.47],[0.89537826 0.04755487],[0.90630975 0.        ],0.1,0.0824561403508772
570,392,0,KBRS_Hybrid,1.0,1.0,1.0,0.0,0.0,[482.24   2.47],[56.24 49.47],[0.89555787 0.04755487],[0.90648855 0.        ],0.1,0.08231173380035026
571,503,0,KBRS_Hybrid,1.0,1.0,1.0,1.0,0.0,[483.25   2.47],[56.25 49.47],[0.89573679 0.04755487],[0.90666667 0.        ],0.1,0.08216783216783216
572,414,0,KBRS_Hybrid,1.0,1.0,1.0,0.0,0.0,[484.26   2.47],[56.26 49.47],[0.89591504 0.04755487],[0.90684411 0.        ],0.1,0.08202443280977312
573,358,0,KBRS_Hybrid,1.0,1.0,1.0,0.0,0.0,[485.27   2.47],[56.27 49.47],[0.89609262 0.04755487],[0.90702087 0.        ],0.1,0.08188153310104529
574,341,0,KBRS_Hybrid,1.0,1.0,1.0,1.0,0.0,[486.28   2.47],[56.28 49.47],[0.89626954 0.04755487],[0.90719697 0.        ],0.1,0.0817391304347826
575,517,0,KBRS_Hybrid,1.0,1.0,1.0,1.0,0.0,[487.29   2.47],[56.29 49.47],[0.89644579 0.04755487],[0.9073724 0.       ],0.1,0.08159722222222222
576,477,0,KBRS_Hybrid,1.0,1.0,1.0,0.0,0.0,[488.3    2.47],[56.3  49.47],[0.89662137 0.04755487],[0.90754717 0.        ],0.1,0.08145580589254767
577,139,0,KBRS_Hybrid,1.0,1.0,1.0,0.0,0.0,[489.31   2.47],[56.31 49.47],[0.89679631 0.04755487],[0.90772128 0.        ],0.1,0.08131487889273356
578,80,0,KBRS_Hybrid,1.0,1.0,1.0,1.0,0.0,[490.32   2.47],[56.32 49.47],[0.89697058 0.04755487],[0.90789474 0.        ],0.1,0.08117443868739206
579,459,0,KBRS_Hybrid,1.0,1.0,1.0,1.0,0.0,[491.33   2.47],[56.33 49.47],[0.89714421 0.04755487],[0.90806754 0.        ],0.1,0.08103448275862069
580,272,0,KBRS_Hybrid,1.0,1.0,1.0,0.0,0.0,[492.34   2.47],[56.34 49.47],[0.8973172  0.04755487],[0.9082397 0.       ],0.1,0.08089500860585198
581,573,0,KBRS_Hybrid,1.0,1.0,1.0,1.0,0.0,[493.35   2.47],[56.35 49.47],[0.89748954 0.04755487],[0.90841121 0.        ],0.1,0.08075601374570447
582,411,0,KBRS_Hybrid,1.0,1.0,1.0,1.0,0.0,[494.36   2.47],[56.36 49.47],[0.89766124 0.04755487],[0.90858209 0.        ],0.1,0.08061749571183534
583,18,0,KBRS_Hybrid,1.0,1.0,1.0,1.0,0.0,[495.37   2.47],[56.37 49.47],[0.89783231 0.04755487],[0.90875233 0.        ],0.1,0.08047945205479452
584,108,0,KBRS_Hybrid,1.0,1.0,1.0,0.0,0.0,[496.38   2.47],[56.38 49.47],[0.89800275 0.04755487],[0.90892193 0.        ],0.1,0.08034188034188035
585,404,0,KBRS_Hybrid,1.0,1.0,1.0,0.0,0.0,[497.39   2.47],[56.39 49.47],[0.89817256 0.04755487],[0.90909091 0.        ],0.1,0.08020477815699659
586,557,0,KBRS_Hybrid,1.0,1.0,1.0,0.0,0.0,[498.4    2.47],[56.4  49.47],[0.89834174 0.04755487],[0.90925926 0.        ],0.1,0.08006814310051108
587,75,0,KBRS_Hybrid,1.0,1.0,1.0,1.0,0.0,[499.41   2.47],[56.41 49.47],[0.89851031 0.04755487],[0.90942699 0.        ],0.1,0.07993197278911565
588,527,0,KBRS_Hybrid,1.0,1.0,1.0,0.0,0.0,[500.42   2.47],[56.42 49.47],[0.89867826 0.04755487],[0.9095941 0.       ],0.1,0.07979626485568761
589,65,0,KBRS_Hybrid,1.0,1.0,1.0,1.0,0.0,[501.43   2.47],[56.43 49.47],[0.89884559 0.04755487],[0.90976059 0.        ],0.1,0.07966101694915254
590,605,0,KBRS_Hybrid,1.0,1.0,1.0,0.0,0.0,[502.44   2.47],[56.44 49.47],[0.89901231 0.04755487],[0.90992647 0.        ],0.1,0.07952622673434856
591,135,0,KBRS_Hybrid,1.0,1.0,1.0,0.0,0.0,[503.45   2.47],[56.45 49.47],[0.89917842 0.04755487],[0.91009174 0.        ],0.1,0.07939189189189189
592,259,0,KBRS_Hybrid,1.0,1.0,1.0,0.0,0.0,[504.46   2.47],[56.46 49.47],[0.89934393 0.04755487],[0.91025641 0.        ],0.1,0.07925801011804384
593,610,0,KBRS_Hybrid,1.0,1.0,1.0,1.0,0.0,[505.47   2.47],[56.47 49.47],[0.89950884 0.04755487],[0.91042048 0.        ],0.1,0.07912457912457913
594,420,0,KBRS_Hybrid,1.0,1.0,1.0,1.0,0.0,[506.48   2.47],[56.48 49.47],[0.89967316 0.04755487],[0.91058394 0.        ],0.1,0.07899159663865546
595,163,0,KBRS_Hybrid,1.0,1.0,1.0,0.0,0.0,[507.49   2.47],[56.49 49.47],[0.89983687 0.04755487],[0.91074681 0.        ],0.1,0.07885906040268456
596,592,0,KBRS_Hybrid,1.0,1.0,1.0,1.0,0.0,[508.5    2.47],[56.5  49.47],[0.9        0.04755487],[0.91090909 0.        ],0.1,0.07872696817420435
597,583,0,KBRS_Hybrid,1.0,1.0,1.0,0.0,0.0,[509.51   2.47],[56.51 49.47],[0.90016254 0.04755487],[0.91107078 0.        ],0.1,0.07859531772575251
598,132,0,KBRS_Hybrid,1.0,1.0,1.0,0.0,0.0,[510.52   2.47],[56.52 49.47],[0.90032449 0.04755487],[0.91123188 0.        ],0.1,0.07846410684474124
599,374,0,KBRS_Hybrid,1.0,1.0,1.0,0.0,0.0,[511.53   2.47],[56.53 49.47],[0.90048586 0.04755487],[0.91139241 0.        ],0.1,0.07833333333333334
600,73,0,KBRS_Hybrid,1.0,1.0,1.0,1.0,0.0,[512.54   2.47],[56.54 49.47],[0.90064666 0.04755487],[0.91155235 0.        ],0.1,0.07820299500831947
601,47,0,KBRS_Hybrid,1.0,1.0,1.0,1.0,0.0,[513.55   2.47],[56.55 49.47],[0.90080688 0.04755487],[0.91171171 0.        ],0.1,0.07807308970099668
602,17,0,KBRS_Hybrid,1.0,1.0,1.0,1.0,0.0,[514.56   2.47],[56.56 49.47],[0.90096652 0.04755487],[0.9118705 0.       ],0.1,0.0779436152570481
603,311,0,KBRS_Hybrid,1.0,1.0,1.0,0.0,0.0,[515.57   2.47],[56.57 49.47],[0.9011256  0.04755487],[0.91202873 0.        ],0.1,0.07781456953642384
604,1,0,KBRS_Hybrid,1.0,1.0,1.0,0.0,0.0,[516.58   2.47],[56.58 49.47],[0.90128411 0.04755487],[0.91218638 0.        ],0.1,0.07768595041322314
605,167,0,KBRS_Hybrid,1.0,1.0,1.0,0.0,0.0,[517.59   2.47],[56.59 49.47],[0.90144206 0.04755487],[0.91234347 0.        ],0.1,0.07755775577557755
606,316,0,KBRS_Hybrid,1.0,1.0,1.0,1.0,0.0,[518.6    2.47],[56.6  49.47],[0.90159944 0.04755487],[0.9125 0.    ],0.1,0.07742998352553541
607,541,0,KBRS_Hybrid,1.0,1.0,1.0,0.0,0.0,[519.61   2.47],[56.61 49.47],[0.90175627 0.04755487],[0.91265597 0.        ],0.1,0.07730263157894737
608,216,0,KBRS_Hybrid,1.0,1.0,1.0,1.0,0.0,[520.62   2.47],[56.62 49.47],[0.90191255 0.04755487],[0.91281139 0.        ],0.1,0.07717569786535304
609,22,0,KBRS_Hybrid,1.0,1.0,1.0,1.0,0.0,[521.63   2.47],[56.63 49.47],[0.90206827 0.04755487],[0.91296625 0.        ],0.1,0.07704918032786885
610,485,0,KBRS_Hybrid,1.0,1.0,1.0,0.0,0.0,[522.64   2.47],[56.64 49.47],[0.90222345 0.04755487],[0.91312057 0.        ],0.1,0.07692307692307693
611,497,0,KBRS_Hybrid,1.0,1.0,1.0,0.0,0.0,[523.65   2.47],[56.65 49.47],[0.90237808 0.04755487],[0.91327434 0.        ],0.1,0.07679738562091504
612,436,0,KBRS_Hybrid,1.0,1.0,1.0,1.0,0.0,[524.66   2.47],[56.66 49.47],[0.90253217 0.04755487],[0.91342756 0.        ],0.1,0.0766721044045677
613,527,0,KBRS_Hybrid,1.0,1.0,1.0,0.0,0.0,[525.67   2.47],[56.67 49.47],[0.90268572 0.04755487],[0.91358025 0.        ],0.1,0.07654723127035831
614,323,0,KBRS_Hybrid,1.0,1.0,1.0,1.0,0.0,[526.68   2.47],[56.68 49.47],[0.90283873 0.04755487],[0.91373239 0.        ],0.1,0.07642276422764227
615,270,0,KBRS_Hybrid,1.0,1.0,1.0,0.0,0.0,[527.69   2.47],[56.69 49.47],[0.9029912  0.04755487],[0.91388401 0.        ],0.1,0.0762987012987013
616,175,0,KBRS_Hybrid,1.0,1.0,1.0,1.0,0.0,[528.7    2.47],[56.7  49.47],[0.90314315 0.04755487],[0.91403509 0.        ],0.1,0.07617504051863858
617,378,0,KBRS_Hybrid,1.0,1.0,1.0,0.0,0.0,[529.71   2.47],[56.71 49.47],[0.90329457 0.04755487],[0.91418564 0.        ],0.1,0.07605177993527508
618,205,0,KBRS_Hybrid,1.0,1.0,1.0,0.0,0.0,[530.72   2.47],[56.72 49.47],[0.90344546 0.04755487],[0.91433566 0.        ],0.1,0.07592891760904685
619,458,0,KBRS_Hybrid,1.0,1.0,1.0,1.0,0.0,[531.73   2.47],[56.73 49.47],[0.90359583 0.04755487],[0.91448517 0.        ],0.1,0.07580645161290323
620,178,0,KBRS_Hybrid,1.0,1.0,1.0,0.0,0.0,[532.74   2.47],[56.74 49.47],[0.90374567 0.04755487],[0.91463415 0.        ],0.1,0.07568438003220612
621,143,0,KBRS_Hybrid,1.0,1.0,1.0,1.0,0.0,[533.75   2.47],[56.75 49.47],[0.903895   0.04755487],[0.91478261 0.        ],0.1,0.07556270096463022
622,245,0,KBRS_Hybrid,1.0,1.0,1.0,0.0,0.0,[534.76   2.47],[56.76 49.47],[0.90404382 0.04755487],[0.91493056 0.        ],0.1,0.0754414125200642
623,414,0,KBRS_Hybrid,1.0,1.0,1.0,0.0,0.0,[535.77   2.47],[56.77 49.47],[0.90419212 0.04755487],[0.91507799 0.        ],0.1,0.07532051282051282
624,380,0,KBRS_Hybrid,1.0,1.0,1.0,1.0,0.0,[536.78   2.47],[56.78 49.47],[0.90433992 0.04755487],[0.91522491 0.        ],0.1,0.0752
625,306,0,KBRS_Hybrid,1.0,1.0,1.0,0.0,0.0,[537.79   2.47],[56.79 49.47],[0.9044872  0.04755487],[0.91537133 0.        ],0.1,0.07507987220447285
626,147,0,KBRS_Hybrid,1.0,1.0,1.0,1.0,0.0,[538.8    2.47],[56.8  49.47],[0.90463398 0.04755487],[0.91551724 0.        ],0.1,0.07496012759170653
627,174,0,KBRS_Hybrid,1.0,1.0,1.0,0.0,0.0,[539.81   2.47],[56.81 49.47],[0.90478026 0.04755487],[0.91566265 0.        ],0.1,0.07484076433121019
628,534,0,KBRS_Hybrid,1.0,1.0,1.0,0.0,0.0,[540.82   2.47],[56.82 49.47],[0.90492604 0.04755487],[0.91580756 0.        ],0.1,0.07472178060413355
629,334,0,KBRS_Hybrid,1.0,1.0,1.0,0.0,0.0,[541.83   2.47],[56.83 49.47],[0.90507133 0.04755487],[0.91595197 0.        ],0.1,0.0746031746031746
630,151,0,KBRS_Hybrid,1.0,1.0,1.0,1.0,0.0,[542.84   2.47],[56.84 49.47],[0.90521612 0.04755487],[0.91609589 0.        ],0.1,0.07448494453248812
631,577,0,KBRS_Hybrid,1.0,1.0,1.0,0.0,0.0,[543.85   2.47],[56.85 49.47],[0.90536041 0.04755487],[0.91623932 0.        ],0.1,0.07436708860759493
632,197,0,KBRS_Hybrid,1.0,1.0,1.0,1.0,0.0,[544.86   2.47],[56.86 49.47],[0.90550422 0.04755487],[0.91638225 0.        ],0.1,0.07424960505529225
633,24,0,KBRS_Hybrid,1.0,1.0,1.0,1.0,0.0,[545.87   2.47],[56.87 49.47],[0.90564754 0.04755487],[0.9165247 0.       ],0.1,0.07413249211356467
634,472,0,KBRS_Hybrid,1.0,1.0,1.0,0.0,0.0,[546.88   2.47],[56.88 49.47],[0.90579038 0.04755487],[0.91666667 0.        ],0.1,0.07401574803149606
635,150,0,KBRS_Hybrid,1.0,1.0,1.0,1.0,0.0,[547.89   2.47],[56.89 49.47],[0.90593274 0.04755487],[0.91680815 0.        ],0.1,0.07389937106918239
636,362,0,KBRS_Hybrid,1.0,1.0,1.0,0.0,0.0,[548.9    2.47],[56.9  49.47],[0.90607461 0.04755487],[0.91694915 0.        ],0.1,0.07378335949764521
637,83,0,KBRS_Hybrid,1.0,1.0,1.0,1.0,0.0,[549.91   2.47],[56.91 49.47],[0.90621601 0.04755487],[0.91708968 0.        ],0.1,0.07366771159874608
638,402,0,KBRS_Hybrid,1.0,1.0,1.0,0.0,0.0,[550.92   2.47],[56.92 49.47],[0.90635694 0.04755487],[0.91722973 0.        ],0.1,0.07355242566510173
639,490,0,KBRS_Hybrid,1.0,1.0,1.0,0.0,0.0,[551.93   2.47],[56.93 49.47],[0.90649739 0.04755487],[0.91736931 0.        ],0.1,0.0734375
640,169,0,KBRS_Hybrid,1.0,1.0,1.0,1.0,0.0,[552.94   2.47],[56.94 49.47],[0.90663737 0.04755487],[0.91750842 0.        ],0.1,0.07332293291731669
641,568,0,KBRS_Hybrid,1.0,1.0,1.0,0.0,0.0,[553.95   2.47],[56.95 49.47],[0.90677689 0.04755487],[0.91764706 0.        ],0.1,0.07320872274143302
642,594,0,KBRS_Hybrid,1.0,1.0,1.0,0.0,0.0,[554.96   2.47],[56.96 49.47],[0.90691594 0.04755487],[0.91778523 0.        ],0.1,0.07309486780715396
643,272,0,KBRS_Hybrid,1.0,1.0,1.0,0.0,0.0,[555.97   2.47],[56.97 49.47],[0.90705452 0.04755487],[0.91792295 0.        ],0.1,0.07298136645962733
644,486,0,KBRS_Hybrid,1.0,1.0,1.0,1.0,0.0,[556.98   2.47],[56.98 49.47],[0.90719265 0.04755487],[0.9180602 0.       ],0.1,0.07286821705426356
645,43,0,KBRS_Hybrid,1.0,1.0,1.0,1.0,0.0,[557.99   2.47],[56.99 49.47],[0.90733032 0.04755487],[0.91819699 0.        ],0.1,0.07275541795665634
646,198,0,KBRS_Hybrid,1.0,1.0,1.0,0.0,0.0,[559.     2.47],[57.   49.47],[0.90746753 0.04755487],[0.91833333 0.        ],0.1,0.07264296754250386
647,569,0,KBRS_Hybrid,1.0,1.0,1.0,1.0,0.0,[560.01   2.47],[57.01 49.47],[0.90760429 0.04755487],[0.91846922 0.        ],0.1,0.07253086419753087
648,377,0,KBRS_Hybrid,1.0,1.0,1.0,1.0,0.0,[561.02   2.47],[57.02 49.47],[0.9077406  0.04755487],[0.91860465 0.        ],0.1,0.0724191063174114
649,170,0,KBRS_Hybrid,1.0,1.0,1.0,0.0,0.0,[562.03   2.47],[57.03 49.47],[0.90787646 0.04755487],[0.91873964 0.        ],0.1,0.07230769230769231
650,266,0,KBRS_Hybrid,1.0,1.0,1.0,1.0,0.0,[563.04   2.47],[57.04 49.47],[0.90801187 0.04755487],[0.91887417 0.        ],0.1,0.07219662058371736
651,449,0,KBRS_Hybrid,1.0,1.0,1.0,0.0,0.0,[564.05   2.47],[57.05 49.47],[0.90814684 0.04755487],[0.91900826 0.        ],0.1,0.07208588957055215
652,350,0,KBRS_Hybrid,1.0,1.0,1.0,1.0,0.0,[565.06   2.47],[57.06 49.47],[0.90828136 0.04755487],[0.91914191 0.        ],0.1,0.07197549770290965
653,477,0,KBRS_Hybrid,1.0,1.0,1.0,0.0,0.0,[566.07   2.47],[57.07 49.47],[0.90841544 0.04755487],[0.91927512 0.        ],0.1,0.07186544342507645
654,22,0,KBRS_Hybrid,1.0,1.0,1.0,0.0,0.0,[567.08   2.47],[57.08 49.47],[0.90854909 0.04755487],[0.91940789 0.        ],0.1,0.0717557251908397
655,396,0,KBRS_Hybrid,1.0,1.0,1.0,0.0,0.0,[568.09   2.47],[57.09 49.47],[0.9086823  0.04755487],[0.91954023 0.        ],0.1,0.07164634146341463
656,148,0,KBRS_Hybrid,1.0,1.0,1.0,0.0,0.0,[569.1    2.47],[57.1  49.47],[0.90881508 0.04755487],[0.91967213 0.        ],0.1,0.0715372907153729
657,500,0,KBRS_Hybrid,1.0,1.0,1.0,1.0,0.0,[570.11   2.47],[57.11 49.47],[0.90894742 0.04755487],[0.9198036 0.       ],0.1,0.07142857142857142
658,148,0,KBRS_Hybrid,1.0,1.0,1.0,0.0,0.0,[571.12   2.47],[57.12 49.47],[0.90907933 0.04755487],[0.91993464 0.        ],0.1,0.07132018209408195
659,448,0,KBRS_Hybrid,1.0,1.0,1.0,1.0,0.0,[572.13   2.47],[57.13 49.47],[0.90921082 0.04755487],[0.92006525 0.        ],0.1,0.07121212121212121
660,504,0,KBRS_Hybrid,1.0,1.0,1.0,1.0,0.0,[573.14   2.47],[57.14 49.47],[0.90934188 0.04755487],[0.92019544 0.        ],0.1,0.07110438729198185
661,123,0,KBRS_Hybrid,1.0,1.0,1.0,0.0,0.0,[574.15   2.47],[57.15 49.47],[0.90947252 0.04755487],[0.9203252 0.       ],0.1,0.07099697885196375
662,221,0,KBRS_Hybrid,1.0,1.0,1.0,0.0,0.0,[575.16   2.47],[57.16 49.47],[0.90960273 0.04755487],[0.92045455 0.        ],0.1,0.07088989441930618
663,138,0,KBRS_Hybrid,1.0,1.0,1.0,1.0,0.0,[576.17   2.47],[57.17 49.47],[0.90973253 0.04755487],[0.92058347 0.        ],0.1,0.07078313253012049
664,165,0,KBRS_Hybrid,1.0,1.0,1.0,0.0,0.0,[577.18   2.47],[57.18 49.47],[0.90986191 0.04755487],[0.92071197 0.        ],0.1,0.07067669172932331
665,231,0,KBRS_Hybrid,1.0,1.0,1.0,0.0,0.0,[578.19   2.47],[57.19 49.47],[0.90999087 0.04755487],[0.92084006 0.        ],0.1,0.07057057057057058
666,295,0,KBRS_Hybrid,1.0,1.0,1.0,0.0,0.0,[579.2    2.47],[57.2  49.47],[0.91011942 0.04755487],[0.92096774 0.        ],0.1,0.0704647676161919
667,101,0,KBRS_Hybrid,1.0,1.0,1.0,1.0,0.0,[580.21   2.47],[57.21 49.47],[0.91024756 0.04755487],[0.92109501 0.        ],0.1,0.07035928143712575
668,210,0,KBRS_Hybrid,1.0,1.0,1.0,0.0,0.0,[581.22   2.47],[57.22 49.47],[0.91037529 0.04755487],[0.92122186 0.        ],0.1,0.07025411061285501
669,15,0,KBRS_Hybrid,1.0,1.0,1.0,0.0,0.0,[582.23   2.47],[57.23 49.47],[0.91050261 0.04755487],[0.92134831 0.        ],0.1,0.07014925373134329
670,551,0,KBRS_Hybrid,1.0,1.0,1.0,0.0,0.0,[583.24   2.47],[57.24 49.47],[0.91062953 0.04755487],[0.92147436 0.        ],0.1,0.07004470938897168
671,183,0,KBRS_Hybrid,1.0,1.0,1.0,0.0,0.0,[584.25   2.47],[57.25 49.47],[0.91075604 0.04755487],[0.9216 0.    ],0.1,0.06994047619047619
672,303,0,KBRS_Hybrid,1.0,1.0,1.0,1.0,0.0,[585.26   2.47],[57.26 49.47],[0.91088215 0.04755487],[0.92172524 0.        ],0.1,0.06983655274888559
673,269,0,KBRS_Hybrid,1.0,1.0,1.0,0.0,0.0,[586.27   2.47],[57.27 49.47],[0.91100786 0.04755487],[0.92185008 0.        ],0.1,0.06973293768545995
674,568,0,KBRS_Hybrid,1.0,1.0,1.0,0.0,0.0,[587.28   2.47],[57.28 49.47],[0.91113318 0.04755487],[0.92197452 0.        ],0.1,0.06962962962962962
675,68,0,KBRS_Hybrid,1.0,1.0,1.0,0.0,0.0,[588.29   2.47],[57.29 49.47],[0.91125809 0.04755487],[0.92209857 0.        ],0.1,0.0695266272189349
676,605,0,KBRS_Hybrid,1.0,1.0,1.0,0.0,0.0,[589.3    2.47],[57.3  49.47],[0.91138262 0.04755487],[0.92222222 0.        ],0.1,0.06942392909896603
677,113,0,KBRS_Hybrid,1.0,1.0,1.0,1.0,0.0,[590.31   2.47],[57.31 49.47],[0.91150675 0.04755487],[0.92234548 0.        ],0.1,0.06932153392330384
678,46,0,KBRS_Hybrid,1.0,1.0,1.0,0.0,0.0,[591.32   2.47],[57.32 49.47],[0.91163049 0.04755487],[0.92246835 0.        ],0.1,0.06921944035346098
679,564,0,KBRS_Hybrid,1.0,1.0,1.0,0.0,0.0,[592.33   2.47],[57.33 49.47],[0.91175384 0.04755487],[0.92259084 0.        ],0.1,0.06911764705882353
680,104,0,KBRS_Hybrid,1.0,1.0,1.0,0.0,0.0,[593.34   2.47],[57.34 49.47],[0.91187681 0.04755487],[0.92271293 0.        ],0.1,0.06901615271659324
681,555,0,KBRS_Hybrid,1.0,1.0,1.0,0.0,0.0,[594.35   2.47],[57.35 49.47],[0.91199939 0.04755487],[0.92283465 0.        ],0.1,0.0689149560117302
682,124,0,KBRS_Hybrid,1.0,1.0,1.0,0.0,0.0,[595.36   2.47],[57.36 49.47],[0.91212158 0.04755487],[0.92295597 0.        ],0.1,0.06881405563689605
683,27,0,KBRS_Hybrid,1.0,1.0,1.0,1.0,0.0,[596.37   2.47],[57.37 49.47],[0.9122434  0.04755487],[0.92307692 0.        ],0.1,0.06871345029239766
684,395,0,KBRS_Hybrid,1.0,1.0,1.0,0.0,0.0,[597.38   2.47],[57.38 49.47],[0.91236484 0.04755487],[0.92319749 0.        ],0.1,0.06861313868613139
685,438,0,KBRS_Hybrid,1.0,1.0,1.0,1.0,0.0,[598.39   2.47],[57.39 49.47],[0.91248589 0.04755487],[0.92331768 0.        ],0.1,0.06851311953352769
686,534,0,KBRS_Hybrid,1.0,1.0,1.0,0.0,0.0,[599.4    2.47],[57.4  49.47],[0.91260658 0.04755487],[0.9234375 0.       ],0.1,0.06841339155749636
687,256,0,KBRS_Hybrid,1.0,1.0,1.0,1.0,0.0,[600.41   2.47],[57.41 49.47],[0.91272689 0.04755487],[0.92355694 0.        ],0.1,0.06831395348837209
688,426,0,KBRS_Hybrid,1.0,1.0,1.0,0.0,0.0,[601.42   2.47],[57.42 49.47],[0.91284682 0.04755487],[0.92367601 0.        ],0.1,0.06821480406386067
689,550,0,KBRS_Hybrid,1.0,1.0,1.0,0.0,0.0,[602.43   2.47],[57.43 49.47],[0.91296639 0.04755487],[0.92379471 0.        ],0.1,0.06811594202898551
690,106,0,KBRS_Hybrid,1.0,1.0,1.0,1.0,0.0,[603.44   2.47],[57.44 49.47],[0.91308558 0.04755487],[0.92391304 0.        ],0.1,0.06801736613603473
691,411,0,KBRS_Hybrid,1.0,1.0,1.0,0.0,0.0,[604.45   2.47],[57.45 49.47],[0.91320441 0.04755487],[0.92403101 0.        ],0.1,0.06791907514450866
692,202,0,KBRS_Hybrid,1.0,1.0,1.0,1.0,0.0,[605.46   2.47],[57.46 49.47],[0.91332287 0.04755487],[0.92414861 0.        ],0.1,0.06782106782106782
693,117,0,KBRS_Hybrid,1.0,1.0,1.0,0.0,0.0,[606.47   2.47],[57.47 49.47],[0.91344097 0.04755487],[0.92426584 0.        ],0.1,0.06772334293948126
694,305,0,KBRS_Hybrid,1.0,1.0,1.0,1.0,0.0,[607.48   2.47],[57.48 49.47],[0.91355871 0.04755487],[0.92438272 0.        ],0.1,0.06762589928057554
695,364,0,KBRS_Hybrid,1.0,1.0,1.0,1.0,0.0,[608.49   2.47],[57.49 49.47],[0.91367609 0.04755487],[0.92449923 0.        ],0.1,0.06752873563218391
696,296,0,KBRS_Hybrid,1.0,1.0,1.0,0.0,0.0,[609.5    2.47],[57.5  49.47],[0.9137931  0.04755487],[0.92461538 0.        ],0.1,0.06743185078909612
697,384,0,KBRS_Hybrid,1.0,1.0,1.0,1.0,0.0,[610.51   2.47],[57.51 49.47],[0.91390976 0.04755487],[0.92473118 0.        ],0.1,0.0673352435530086
698,301,0,KBRS_Hybrid,1.0,1.0,1.0,0.0,0.0,[611.52   2.47],[57.52 49.47],[0.91402607 0.04755487],[0.92484663 0.        ],0.1,0.06723891273247497
699,505,0,KBRS_Hybrid,1.0,1.0,1.0,0.0,0.0,[612.53   2.47],[57.53 49.47],[0.91414202 0.04755487],[0.92496172 0.        ],0.1,0.06714285714285714
700,534,0,KBRS_Hybrid,1.0,1.0,1.0,0.0,0.0,[613.54   2.47],[57.54 49.47],[0.91425761 0.04755487],[0.92507645 0.        ],0.1,0.06704707560627675
701,287,0,KBRS_Hybrid,1.0,1.0,1.0,0.0,0.0,[614.55   2.47],[57.55 49.47],[0.91437286 0.04755487],[0.92519084 0.        ],0.1,0.06695156695156695
702,384,0,KBRS_Hybrid,1.0,1.0,1.0,0.0,0.0,[615.56   2.47],[57.56 49.47],[0.91448776 0.04755487],[0.92530488 0.        ],0.1,0.06685633001422475
703,460,0,KBRS_Hybrid,1.0,1.0,1.0,0.0,0.0,[616.57   2.47],[57.57 49.47],[0.91460231 0.04755487],[0.92541857 0.        ],0.1,0.06676136363636363
704,7,0,KBRS_Hybrid,1.0,1.0,1.0,1.0,0.0,[617.58   2.47],[57.58 49.47],[0.91471651 0.04755487],[0.92553191 0.        ],0.1,0.06666666666666667
705,439,0,KBRS_Hybrid,1.0,1.0,1.0,0.0,0.0,[618.59   2.47],[57.59 49.47],[0.91483037 0.04755487],[0.92564492 0.        ],0.1,0.06657223796033994
706,70,0,KBRS_Hybrid,1.0,1.0,1.0,0.0,0.0,[619.6    2.47],[57.6  49.47],[0.91494389 0.04755487],[0.92575758 0.        ],0.1,0.06647807637906648
707,163,0,KBRS_Hybrid,1.0,1.0,1.0,0.0,0.0,[620.61   2.47],[57.61 49.47],[0.91505706 0.04755487],[0.92586989 0.        ],0.1,0.06638418079096045
708,165,0,KBRS_Hybrid,1.0,1.0,1.0,0.0,0.0,[621.62   2.47],[57.62 49.47],[0.9151699  0.04755487],[0.92598187 0.        ],0.1,0.06629055007052186
709,477,0,KBRS_Hybrid,1.0,1.0,1.0,0.0,0.0,[622.63   2.47],[57.63 49.47],[0.91528239 0.04755487],[0.92609351 0.        ],0.1,0.06619718309859154
710,383,0,KBRS_Hybrid,1.0,1.0,1.0,0.0,0.0,[623.64   2.47],[57.64 49.47],[0.91539455 0.04755487],[0.92620482 0.        ],0.1,0.06610407876230662
711,447,0,KBRS_Hybrid,1.0,1.0,1.0,1.0,0.0,[624.65   2.47],[57.65 49.47],[0.91550638 0.04755487],[0.92631579 0.        ],0.1,0.06601123595505617
712,605,0,KBRS_Hybrid,1.0,1.0,1.0,0.0,0.0,[625.66   2.47],[57.66 49.47],[0.91561787 0.04755487],[0.92642643 0.        ],0.1,0.06591865357643759
713,567,0,KBRS_Hybrid,1.0,1.0,1.0,1.0,0.0,[626.67   2.47],[57.67 49.47],[0.91572902 0.04755487],[0.92653673 0.        ],0.1,0.06582633053221289
714,178,0,KBRS_Hybrid,1.0,1.0,1.0,0.0,0.0,[627.68   2.47],[57.68 49.47],[0.91583985 0.04755487],[0.92664671 0.        ],0.1,0.06573426573426573
715,245,0,KBRS_Hybrid,1.0,1.0,1.0,0.0,0.0,[628.69   2.47],[57.69 49.47],[0.91595035 0.04755487],[0.92675635 0.        ],0.1,0.06564245810055866
716,538,0,KBRS_Hybrid,1.0,1.0,1.0,0.0,0.0,[629.7    2.47],[57.7  49.47],[0.91606052 0.04755487],[0.92686567 0.        ],0.1,0.06555090655509066
717,593,0,KBRS_Hybrid,1.0,1.0,1.0,0.0,0.0,[630.71   2.47],[57.71 49.47],[0.91617036 0.04755487],[0.92697466 0.        ],0.1,0.06545961002785515
718,378,0,KBRS_Hybrid,1.0,1.0,1.0,0.0,0.0,[631.72   2.47],[57.72 49.47],[0.91627988 0.04755487],[0.92708333 0.        ],0.1,0.06536856745479833
719,554,0,KBRS_Hybrid,1.0,1.0,1.0,0.0,0.0,[632.73   2.47],[57.73 49.47],[0.91638907 0.04755487],[0.92719168 0.        ],0.1,0.06527777777777778
720,519,0,KBRS_Hybrid,1.0,1.0,1.0,0.0,0.0,[633.74   2.47],[57.74 49.47],[0.91649795 0.04755487],[0.9272997 0.       ],0.1,0.0651872399445215
721,59,0,KBRS_Hybrid,1.0,1.0,1.0,1.0,0.0,[634.75   2.47],[57.75 49.47],[0.9166065  0.04755487],[0.92740741 0.        ],0.1,0.06509695290858726
722,186,0,KBRS_Hybrid,1.0,1.0,1.0,0.0,0.0,[635.76   2.47],[57.76 49.47],[0.91671473 0.04755487],[0.92751479 0.        ],0.1,0.06500691562932227
723,185,0,KBRS_Hybrid,1.0,1.0,1.0,0.0,0.0,[636.77   2.47],[57.77 49.47],[0.91682265 0.04755487],[0.92762186 0.        ],0.1,0.0649171270718232
724,411,0,KBRS_Hybrid,1.0,1.0,1.0,0.0,0.0,[637.78   2.47],[57.78 49.47],[0.91693024 0.04755487],[0.92772861 0.        ],0.1,0.06482758620689655
725,253,0,KBRS_Hybrid,1.0,1.0,1.0,0.0,0.0,[638.79   2.47],[57.79 49.47],[0.91703753 0.04755487],[0.92783505 0.        ],0.1,0.06473829201101929
726,128,0,KBRS_Hybrid,1.0,1.0,1.0,0.0,0.0,[639.8    2.47],[57.8  49.47],[0.9171445  0.04755487],[0.92794118 0.        ],0.1,0.06464924346629987
727,193,0,KBRS_Hybrid,1.0,1.0,1.0,1.0,0.0,[640.81   2.47],[57.81 49.47],[0.91725115 0.04755487],[0.92804699 0.        ],0.1,0.06456043956043957
728,123,0,KBRS_Hybrid,1.0,1.0,1.0,0.0,0.0,[641.82   2.47],[57.82 49.47],[0.9173575  0.04755487],[0.92815249 0.        ],0.1,0.0644718792866941
729,592,0,KBRS_Hybrid,1.0,1.0,1.0,0.0,0.0,[642.83   2.47],[57.83 49.47],[0.91746353 0.04755487],[0.92825769 0.        ],0.1,0.06438356164383562
730,125,0,KBRS_Hybrid,1.0,1.0,1.0,1.0,0.0,[643.84   2.47],[57.84 49.47],[0.91756926 0.04755487],[0.92836257 0.        ],0.1,0.06429548563611491
731,459,0,KBRS_Hybrid,1.0,1.0,1.0,0.0,0.0,[644.85   2.47],[57.85 49.47],[0.91767468 0.04755487],[0.92846715 0.        ],0.1,0.06420765027322405
732,472,0,KBRS_Hybrid,1.0,1.0,1.0,0.0,0.0,[645.86   2.47],[57.86 49.47],[0.9177798  0.04755487],[0.92857143 0.        ],0.1,0.06412005457025921
733,103,0,KBRS_Hybrid,1.0,1.0,1.0,0.0,0.0,[646.87   2.47],[57.87 49.47],[0.91788461 0.04755487],[0.9286754 0.       ],0.1,0.06403269754768393
734,373,0,KBRS_Hybrid,1.0,1.0,1.0,0.0,0.0,[647.88   2.47],[57.88 49.47],[0.91798912 0.04755487],[0.92877907 0.        ],0.1,0.06394557823129252
735,220,0,KBRS_Hybrid,1.0,1.0,1.0,1.0,0.0,[648.89   2.47],[57.89 49.47],[0.91809332 0.04755487],[0.92888244 0.        ],0.1,0.06385869565217392
736,2,0,KBRS_Hybrid,1.0,1.0,1.0,1.0,0.0,[649.9    2.47],[57.9  49.47],[0.91819723 0.04755487],[0.92898551 0.        ],0.1,0.06377204884667571
737,588,0,KBRS_Hybrid,1.0,1.0,1.0,0.0,0.0,[650.91   2.47],[57.91 49.47],[0.91830084 0.04755487],[0.92908828 0.        ],0.1,0.06368563685636856
738,167,0,KBRS_Hybrid,1.0,1.0,1.0,0.0,0.0,[651.92   2.47],[57.92 49.47],[0.91840415 0.04755487],[0.92919075 0.        ],0.1,0.06359945872801083
739,106,0,KBRS_Hybrid,1.0,1.0,1.0,0.0,0.0,[652.93   2.47],[57.93 49.47],[0.91850716 0.04755487],[0.92929293 0.        ],0.1,0.06351351351351352
740,431,0,KBRS_Hybrid,1.0,1.0,1.0,0.0,0.0,[653.94   2.47],[57.94 49.47],[0.91860988 0.04755487],[0.92939481 0.        ],0.1,0.06342780026990553
741,304,0,KBRS_Hybrid,1.0,1.0,1.0,1.0,0.0,[654.95   2.47],[57.95 49.47],[0.9187123  0.04755487],[0.9294964 0.       ],0.1,0.06334231805929919
742,554,0,KBRS_Hybrid,1.0,1.0,1.0,0.0,0.0,[655.96   2.47],[57.96 49.47],[0.91881443 0.04755487],[0.9295977 0.       ],0.1,0.063257065948856
743,185,0,KBRS_Hybrid,1.0,1.0,1.0,0.0,0.0,[656.97   2.47],[57.97 49.47],[0.91891627 0.04755487],[0.92969871 0.        ],0.1,0.06317204301075269
744,147,0,KBRS_Hybrid,1.0,1.0,1.0,0.0,0.0,[657.98   2.47],[57.98 49.47],[0.91901782 0.04755487],[0.92979943 0.        ],0.1,0.06308724832214765
745,250,0,KBRS_Hybrid,1.0,1.0,1.0,1.0,0.0,[658.99   2.47],[57.99 49.47],[0.91911908 0.04755487],[0.92989986 0.        ],0.1,0.06300268096514745
746,316,0,KBRS_Hybrid,1.0,1.0,1.0,0.0,0.0,[660.     2.47],[58.   49.47],[0.91922006 0.04755487],[0.93 0.  ],0.1,0.06291834002677377
747,265,0,KBRS_Hybrid,1.0,1.0,1.0,1.0,0.0,[661.01   2.47],[58.01 49.47],[0.91932074 0.04755487],[0.93009986 0.        ],0.1,0.06283422459893048
748,560,0,KBRS_Hybrid,1.0,1.0,1.0,0.0,0.0,[662.02   2.47],[58.02 49.47],[0.91942114 0.04755487],[0.93019943 0.        ],0.1,0.06275033377837116
749,238,0,KBRS_Hybrid,1.0,1.0,1.0,1.0,0.0,[663.03   2.47],[58.03 49.47],[0.91952126 0.04755487],[0.93029872 0.        ],0.1,0.06266666666666666
750,237,0,KBRS_Hybrid,1.0,1.0,1.0,0.0,0.0,[664.04   2.47],[58.04 49.47],[0.91962109 0.04755487],[0.93039773 0.        ],0.1,0.06258322237017311
751,327,0,KBRS_Hybrid,1.0,1.0,1.0,0.0,0.0,[665.05   2.47],[58.05 49.47],[0.91972065 0.04755487],[0.93049645 0.        ],0.1,0.0625
752,427,0,KBRS_Hybrid,1.0,1.0,1.0,0.0,0.0,[666.06   2.47],[58.06 49.47],[0.91981992 0.04755487],[0.9305949 0.       ],0.1,0.06241699867197875
753,306,0,KBRS_Hybrid,1.0,1.0,1.0,0.0,0.0,[667.07   2.47],[58.07 49.47],[0.91991891 0.04755487],[0.93069307 0.        ],0.1,0.0623342175066313
754,557,0,KBRS_Hybrid,1.0,1.0,1.0,0.0,0.0,[668.08   2.47],[58.08 49.47],[0.92001763 0.04755487],[0.93079096 0.        ],0.1,0.06225165562913907
755,481,0,KBRS_Hybrid,1.0,1.0,1.0,1.0,0.0,[669.09   2.47],[58.09 49.47],[0.92011606 0.04755487],[0.93088858 0.        ],0.1,0.062169312169312166
756,416,0,KBRS_Hybrid,1.0,1.0,1.0,0.0,0.0,[670.1    2.47],[58.1  49.47],[0.92021423 0.04755487],[0.93098592 0.        ],0.1,0.062087186261558784
757,322,0,KBRS_Hybrid,1.0,1.0,1.0,0.0,0.0,[671.11   2.47],[58.11 49.47],[0.92031211 0.04755487],[0.93108298 0.        ],0.1,0.06200527704485488
758,16,0,KBRS_Hybrid,1.0,1.0,1.0,0.0,0.0,[672.12   2.47],[58.12 49.47],[0.92040973 0.04755487],[0.93117978 0.        ],0.1,0.061923583662714096
759,231,0,KBRS_Hybrid,1.0,1.0,1.0,0.0,0.0,[673.13   2.47],[58.13 49.47],[0.92050707 0.04755487],[0.9312763 0.       ],0.1,0.06184210526315789
760,274,0,KBRS_Hybrid,1.0,1.0,1.0,0.0,0.0,[674.14   2.47],[58.14 49.47],[0.92060414 0.04755487],[0.93137255 0.        ],0.1,0.06176084099868594
761,198,0,KBRS_Hybrid,1.0,1.0,1.0,0.0,0.0,[675.15   2.47],[58.15 49.47],[0.92070094 0.04755487],[0.93146853 0.        ],0.1,0.06167979002624672
762,419,0,KBRS_Hybrid,1.0,1.0,1.0,1.0,0.0,[676.16   2.47],[58.16 49.47],[0.92079747 0.04755487],[0.93156425 0.        ],0.1,0.061598951507208385
763,551,0,KBRS_Hybrid,1.0,1.0,1.0,0.0,0.0,[677.17   2.47],[58.17 49.47],[0.92089374 0.04755487],[0.93165969 0.        ],0.1,0.061518324607329845
764,369,0,KBRS_Hybrid,1.0,1.0,1.0,0.0,0.0,[678.18   2.47],[58.18 49.47],[0.92098973 0.04755487],[0.93175487 0.        ],0.1,0.06143790849673202
765,199,0,KBRS_Hybrid,1.0,1.0,1.0,0.0,0.0,[679.19   2.47],[58.19 49.47],[0.92108546 0.04755487],[0.93184979 0.        ],0.1,0.06135770234986945
766,443,0,KBRS_Hybrid,1.0,1.0,1.0,0.0,0.0,[680.2    2.47],[58.2  49.47],[0.92118093 0.04755487],[0.93194444 0.        ],0.1,0.061277705345501955
767,292,0,KBRS_Hybrid,1.0,1.0,1.0,1.0,0.0,[681.21   2.47],[58.21 49.47],[0.92127614 0.04755487],[0.93203883 0.        ],0.1,0.061197916666666664
768,434,0,KBRS_Hybrid,1.0,1.0,1.0,0.0,0.0,[682.22   2.47],[58.22 49.47],[0.92137108 0.04755487],[0.93213296 0.        ],0.1,0.0611183355006502
769,490,0,KBRS_Hybrid,1.0,1.0,1.0,0.0,0.0,[683.23   2.47],[58.23 49.47],[0.92146576 0.04755487],[0.93222683 0.        ],0.1,0.06103896103896104
770,521,0,KBRS_Hybrid,1.0,1.0,1.0,1.0,0.0,[684.24   2.47],[58.24 49.47],[0.92156018 0.04755487],[0.93232044 0.        ],0.1,0.0609597924773022
771,384,0,KBRS_Hybrid,1.0,1.0,1.0,0.0,0.0,[685.25   2.47],[58.25 49.47],[0.92165434 0.04755487],[0.93241379 0.        ],0.1,0.06088082901554404
772,20,0,KBRS_Hybrid,1.0,1.0,1.0,1.0,0.0,[686.26   2.47],[58.26 49.47],[0.92174824 0.04755487],[0.93250689 0.        ],0.1,0.06080206985769728
773,475,0,KBRS_Hybrid,1.0,1.0,1.0,1.0,0.0,[687.27   2.47],[58.27 49.47],[0.92184189 0.04755487],[0.93259972 0.        ],0.1,0.060723514211886306
774,461,0,KBRS_Hybrid,1.0,1.0,1.0,0.0,0.0,[688.28   2.47],[58.28 49.47],[0.92193528 0.04755487],[0.93269231 0.        ],0.1,0.06064516129032258
775,188,0,KBRS_Hybrid,1.0,1.0,1.0,0.0,0.0,[689.29   2.47],[58.29 49.47],[0.92202841 0.04755487],[0.93278464 0.        ],0.1,0.06056701030927835
776,371,0,KBRS_Hybrid,1.0,1.0,1.0,0.0,0.0,[690.3    2.47],[58.3  49.47],[0.92212129 0.04755487],[0.93287671 0.        ],0.1,0.06048906048906049
777,177,0,KBRS_Hybrid,1.0,1.0,1.0,1.0,0.0,[691.31   2.47],[58.31 49.47],[0.92221392 0.04755487],[0.93296854 0.        ],0.1,0.060411311053984576
778,31,0,KBRS_Hybrid,1.0,1.0,1.0,0.0,0.0,[692.32   2.47],[58.32 49.47],[0.9223063  0.04755487],[0.93306011 0.        ],0.1,0.06033376123234917
779,594,0,KBRS_Hybrid,1.0,1.0,1.0,0.0,0.0,[693.33   2.47],[58.33 49.47],[0.92239842 0.04755487],[0.93315143 0.        ],0.1,0.06025641025641026
780,433,0,KBRS_Hybrid,1.0,1.0,1.0,1.0,0.0,[694.34   2.47],[58.34 49.47],[0.9224903  0.04755487],[0.93324251 0.        ],0.1,0.06017925736235595
781,82,0,KBRS_Hybrid,1.0,1.0,1.0,0.0,0.0,[695.35   2.47],[58.35 49.47],[0.92258193 0.04755487],[0.93333333 0.        ],0.1,0.06010230179028133
782,22,0,KBRS_Hybrid,1.0,1.0,1.0,0.0,0.0,[696.36   2.47],[58.36 49.47],[0.92267331 0.04755487],[0.93342391 0.        ],0.1,0.06002554278416347
783,467,0,KBRS_Hybrid,1.0,1.0,1.0,0.0,0.0,[697.37   2.47],[58.37 49.47],[0.92276444 0.04755487],[0.93351425 0.        ],0.1,0.05994897959183673
784,436,0,KBRS_Hybrid,1.0,1.0,1.0,0.0,0.0,[698.38   2.47],[58.38 49.47],[0.92285533 0.04755487],[0.93360434 0.        ],0.1,0.05987261146496815
785,528,0,KBRS_Hybrid,1.0,1.0,1.0,0.0,0.0,[699.39   2.47],[58.39 49.47],[0.92294597 0.04755487],[0.93369418 0.        ],0.1,0.05979643765903308
786,483,0,KBRS_Hybrid,1.0,1.0,1.0,1.0,0.0,[700.4    2.47],[58.4  49.47],[0.92303637 0.04755487],[0.93378378 0.        ],0.1,0.05972045743329098
787,462,0,KBRS_Hybrid,1.0,1.0,1.0,1.0,0.0,[701.41   2.47],[58.41 49.47],[0.92312653 0.04755487],[0.93387314 0.        ],0.1,0.05964467005076142
788,543,0,KBRS_Hybrid,1.0,1.0,1.0,1.0,0.0,[702.42   2.47],[58.42 49.47],[0.92321644 0.04755487],[0.93396226 0.        ],0.1,0.059569074778200254
789,440,0,KBRS_Hybrid,1.0,1.0,1.0,0.0,0.0,[703.43   2.47],[58.43 49.47],[0.92330612 0.04755487],[0.93405114 0.        ],0.1,0.05949367088607595
790,13,0,KBRS_Hybrid,1.0,1.0,1.0,1.0,0.0,[704.44   2.47],[58.44 49.47],[0.92339555 0.04755487],[0.93413978 0.        ],0.1,0.05941845764854614
791,260,0,KBRS_Hybrid,1.0,1.0,1.0,0.0,0.0,[705.45   2.47],[58.45 49.47],[0.92348475 0.04755487],[0.93422819 0.        ],0.1,0.059343434343434344
792,102,0,KBRS_Hybrid,1.0,1.0,1.0,0.0,0.0,[706.46   2.47],[58.46 49.47],[0.92357371 0.04755487],[0.93431635 0.        ],0.1,0.05926860025220681
793,130,0,KBRS_Hybrid,1.0,1.0,1.0,0.0,0.0,[707.47   2.47],[58.47 49.47],[0.92366243 0.04755487],[0.93440428 0.        ],0.1,0.05919395465994962
794,120,0,KBRS_Hybrid,1.0,1.0,1.0,1.0,0.0,[708.48   2.47],[58.48 49.47],[0.92375091 0.04755487],[0.93449198 0.        ],0.1,0.05911949685534591
795,131,0,KBRS_Hybrid,1.0,1.0,1.0,0.0,0.0,[709.49   2.47],[58.49 49.47],[0.92383916 0.04755487],[0.93457944 0.        ],0.1,0.059045226130653265
796,268,0,KBRS_Hybrid,1.0,1.0,1.0,1.0,0.0,[710.5    2.47],[58.5  49.47],[0.92392718 0.04755487],[0.93466667 0.        ],0.1,0.05897114178168131
797,101,0,KBRS_Hybrid,1.0,1.0,1.0,0.0,0.0,[711.51   2.47],[58.51 49.47],[0.92401496 0.04755487],[0.93475366 0.        ],0.1,0.05889724310776942
798,591,0,KBRS_Hybrid,1.0,1.0,1.0,1.0,0.0,[712.52   2.47],[58.52 49.47],[0.92410251 0.04755487],[0.93484043 0.        ],0.1,0.058823529411764705
799,440,0,KBRS_Hybrid,1.0,1.0,1.0,0.0,0.0,[713.53   2.47],[58.53 49.47],[0.92418983 0.04755487],[0.93492696 0.        ],0.1,0.05875
800,114,0,KBRS_Hybrid,1.0,1.0,1.0,1.0,0.0,[714.54   2.47],[58.54 49.47],[0.92427692 0.04755487],[0.93501326 0.        ],0.1,0.05867665418227216
801,420,0,KBRS_Hybrid,1.0,1.0,1.0,0.0,0.0,[715.55   2.47],[58.55 49.47],[0.92436378 0.04755487],[0.93509934 0.        ],0.1,0.05860349127182045
802,454,0,KBRS_Hybrid,1.0,1.0,1.0,1.0,0.0,[716.56   2.47],[58.56 49.47],[0.92445041 0.04755487],[0.93518519 0.        ],0.1,0.058530510585305104
803,311,0,KBRS_Hybrid,1.0,1.0,1.0,0.0,0.0,[717.57   2.47],[58.57 49.47],[0.92453681 0.04755487],[0.93527081 0.        ],0.1,0.05845771144278607
804,64,0,KBRS_Hybrid,1.0,1.0,1.0,1.0,0.0,[718.58   2.47],[58.58 49.47],[0.92462299 0.04755487],[0.9353562 0.       ],0.1,0.058385093167701865
805,333,0,KBRS_Hybrid,1.0,1.0,1.0,0.0,0.0,[719.59   2.47],[58.59 49.47],[0.92470894 0.04755487],[0.93544137 0.        ],0.1,0.05831265508684864
806,197,0,KBRS_Hybrid,1.0,1.0,1.0,0.0,0.0,[720.6    2.47],[58.6  49.47],[0.92479466 0.04755487],[0.93552632 0.        ],0.1,0.058240396530359353
807,537,0,KBRS_Hybrid,1.0,1.0,1.0,1.0,0.0,[721.61   2.47],[58.61 49.47],[0.92488016 0.04755487],[0.93561104 0.        ],0.1,0.05816831683168317
808,229,0,KBRS_Hybrid,1.0,1.0,1.0,0.0,0.0,[722.62   2.47],[58.62 49.47],[0.92496544 0.04755487],[0.93569554 0.        ],0.1,0.0580964153275649
809,350,0,KBRS_Hybrid,1.0,1.0,1.0,0.0,0.0,[723.63   2.47],[58.63 49.47],[0.92505049 0.04755487],[0.93577982 0.        ],0.1,0.05802469135802469
810,387,0,KBRS_Hybrid,1.0,1.0,1.0,0.0,0.0,[724.64   2.47],[58.64 49.47],[0.92513533 0.04755487],[0.93586387 0.        ],0.1,0.05795314426633785
811,546,0,KBRS_Hybrid,1.0,1.0,1.0,0.0,0.0,[725.65   2.47],[58.65 49.47],[0.92521994 0.04755487],[0.93594771 0.        ],0.1,0.05788177339901478
812,91,0,KBRS_Hybrid,1.0,1.0,1.0,0.0,0.0,[726.66   2.47],[58.66 49.47],[0.92530433 0.04755487],[0.93603133 0.        ],0.1,0.05781057810578106
813,20,0,KBRS_Hybrid,1.0,1.0,1.0,0.0,0.0,[727.67   2.47],[58.67 49.47],[0.92538851 0.04755487],[0.93611473 0.        ],0.1,0.05773955773955774
814,172,0,KBRS_Hybrid,1.0,1.0,1.0,1.0,0.0,[728.68   2.47],[58.68 49.47],[0.92547246 0.04755487],[0.93619792 0.        ],0.1,0.05766871165644172
815,217,0,KBRS_Hybrid,1.0,1.0,1.0,0.0,0.0,[729.69   2.47],[58.69 49.47],[0.9255562  0.04755487],[0.93628088 0.        ],0.1,0.05759803921568627
816,198,0,KBRS_Hybrid,1.0,1.0,1.0,0.0,0.0,[730.7    2.47],[58.7  49.47],[0.92563973 0.04755487],[0.93636364 0.        ],0.1,0.05752753977968176
817,583,0,KBRS_Hybrid,1.0,1.0,1.0,0.0,0.0,[731.71   2.47],[58.71 49.47],[0.92572303 0.04755487],[0.93644617 0.        ],0.1,0.05745721271393643
818,512,0,KBRS_Hybrid,1.0,1.0,1.0,0.0,0.0,[732.72   2.47],[58.72 49.47],[0.92580613 0.04755487],[0.9365285 0.       ],0.1,0.057387057387057384
819,548,0,KBRS_Hybrid,1.0,1.0,1.0,1.0,0.0,[733.73   2.47],[58.73 49.47],[0.925889   0.04755487],[0.93661061 0.        ],0.1,0.05731707317073171
820,229,0,KBRS_Hybrid,1.0,1.0,1.0,0.0,0.0,[734.74   2.47],[58.74 49.47],[0.92597167 0.04755487],[0.93669251 0.        ],0.1,0.057247259439707675
821,574,0,KBRS_Hybrid,1.0,1.0,1.0,1.0,0.0,[735.75   2.47],[58.75 49.47],[0.92605412 0.04755487],[0.93677419 0.        ],0.1,0.057177615571776155
822,366,0,KBRS_Hybrid,1.0,1.0,1.0,1.0,0.0,[736.76   2.47],[58.76 49.47],[0.92613636 0.04755487],[0.93685567 0.        ],0.1,0.05710814094775213
823,522,0,KBRS_Hybrid,1.0,1.0,1.0,0.0,0.0,[737.77   2.47],[58.77 49.47],[0.92621839 0.04755487],[0.93693694 0.        ],0.1,0.05703883495145631
824,228,0,KBRS_Hybrid,1.0,1.0,1.0,1.0,0.0,[738.78   2.47],[58.78 49.47],[0.92630022 0.04755487],[0.93701799 0.        ],0.1,0.05696969696969697
825,559,0,KBRS_Hybrid,1.0,1.0,1.0,1.0,0.0,[739.79   2.47],[58.79 49.47],[0.92638183 0.04755487],[0.93709884 0.        ],0.1,0.05690072639225181
826,210,0,KBRS_Hybrid,1.0,1.0,1.0,0.0,0.0,[740.8    2.47],[58.8  49.47],[0.92646323 0.04755487],[0.93717949 0.        ],0.1,0.056831922611850064
827,45,0,KBRS_Hybrid,1.0,1.0,1.0,0.0,0.0,[741.81   2.47],[58.81 49.47],[0.92654443 0.04755487],[0.93725992 0.        ],0.1,0.05676328502415459
828,412,0,KBRS_Hybrid,1.0,1.0,1.0,1.0,0.0,[742.82   2.47],[58.82 49.47],[0.92662542 0.04755487],[0.93734015 0.        ],0.1,0.05669481302774427
829,23,0,KBRS_Hybrid,1.0,1.0,1.0,0.0,0.0,[743.83   2.47],[58.83 49.47],[0.9267062  0.04755487],[0.93742018 0.        ],0.1,0.056626506024096385
830,60,0,KBRS_Hybrid,1.0,1.0,1.0,0.0,0.0,[744.84   2.47],[58.84 49.47],[0.92678678 0.04755487],[0.9375 0.    ],0.1,0.056558363417569195
831,9,0,KBRS_Hybrid,1.0,1.0,1.0,0.0,0.0,[745.85   2.47],[58.85 49.47],[0.92686716 0.04755487],[0.93757962 0.        ],0.1,0.056490384615384616
832,335,0,KBRS_Hybrid,1.0,1.0,1.0,1.0,0.0,[746.86   2.47],[58.86 49.47],[0.92694733 0.04755487],[0.93765903 0.        ],0.1,0.056422569027611044
833,314,0,KBRS_Hybrid,1.0,1.0,1.0,1.0,0.0,[747.87   2.47],[58.87 49.47],[0.9270273  0.04755487],[0.93773825 0.        ],0.1,0.05635491606714628
834,521,0,KBRS_Hybrid,1.0,1.0,1.0,0.0,0.0,[748.88   2.47],[58.88 49.47],[0.92710706 0.04755487],[0.93781726 0.        ],0.1,0.0562874251497006
835,515,0,KBRS_Hybrid,1.0,1.0,1.0,1.0,0.0,[749.89   2.47],[58.89 49.47],[0.92718663 0.04755487],[0.93789607 0.        ],0.1,0.056220095693779906
836,375,0,KBRS_Hybrid,1.0,1.0,1.0,0.0,0.0,[750.9    2.47],[58.9  49.47],[0.92726599 0.04755487],[0.93797468 0.        ],0.1,0.056152927120669056
837,362,0,KBRS_Hybrid,1.0,1.0,1.0,0.0,0.0,[751.91   2.47],[58.91 49.47],[0.92734516 0.04755487],[0.9380531 0.       ],0.1,0.05608591885441527
838,88,0,KBRS_Hybrid,1.0,1.0,1.0,0.0,0.0,[752.92   2.47],[58.92 49.47],[0.92742412 0.04755487],[0.93813131 0.        ],0.1,0.05601907032181168
839,525,0,KBRS_Hybrid,1.0,1.0,1.0,1.0,0.0,[753.93   2.47],[58.93 49.47],[0.92750289 0.04755487],[0.93820933 0.        ],0.1,0.055952380952380955
840,40,0,KBRS_Hybrid,1.0,1.0,1.0,1.0,0.0,[754.94   2.47],[58.94 49.47],[0.92758146 0.04755487],[0.93828715 0.        ],0.1,0.0558858501783591
841,578,0,KBRS_Hybrid,1.0,1.0,1.0,0.0,0.0,[755.95   2.47],[58.95 49.47],[0.92765984 0.04755487],[0.93836478 0.        ],0.1,0.055819477434679333
842,307,0,KBRS_Hybrid,1.0,1.0,1.0,0.0,0.0,[756.96   2.47],[58.96 49.47],[0.92773801 0.04755487],[0.93844221 0.        ],0.1,0.05575326215895611
843,120,0,KBRS_Hybrid,1.0,1.0,1.0,0.0,0.0,[757.97   2.47],[58.97 49.47],[0.927816   0.04755487],[0.93851945 0.        ],0.1,0.05568720379146919
844,253,0,KBRS_Hybrid,1.0,1.0,1.0,0.0,0.0,[758.98   2.47],[58.98 49.47],[0.92789378 0.04755487],[0.93859649 0.        ],0.1,0.05562130177514793
845,185,0,KBRS_Hybrid,1.0,1.0,1.0,0.0,0.0,[759.99   2.47],[58.99 49.47],[0.92797138 0.04755487],[0.93867334 0.        ],0.1,0.05555555555555555
846,263,0,KBRS_Hybrid,1.0,1.0,1.0,0.0,0.0,[761.     2.47],[59.   49.47],[0.92804878 0.04755487],[0.93875 0.     ],0.1,0.05548996458087367
847,14,0,KBRS_Hybrid,1.0,1.0,1.0,0.0,0.0,[762.01   2.47],[59.01 49.47],[0.92812599 0.04755487],[0.93882647 0.        ],0.1,0.055424528301886794
848,355,0,KBRS_Hybrid,1.0,1.0,1.0,1.0,0.0,[763.02   2.47],[59.02 49.47],[0.92820301 0.04755487],[0.93890274 0.        ],0.1,0.05535924617196702
849,440,0,KBRS_Hybrid,1.0,1.0,1.0,0.0,0.0,[764.03   2.47],[59.03 49.47],[0.92827983 0.04755487],[0.93897883 0.        ],0.1,0.05529411764705883
850,454,0,KBRS_Hybrid,1.0,1.0,1.0,0.0,0.0,[765.04   2.47],[59.04 49.47],[0.92835647 0.04755487],[0.93905473 0.        ],0.1,0.055229142185663924
851,26,0,KBRS_Hybrid,1.0,1.0,1.0,0.0,0.0,[766.05   2.47],[59.05 49.47],[0.92843292 0.04755487],[0.93913043 0.        ],0.1,0.05516431924882629
852,533,0,KBRS_Hybrid,1.0,1.0,1.0,0.0,0.0,[767.06   2.47],[59.06 49.47],[0.92850918 0.04755487],[0.93920596 0.        ],0.1,0.05509964830011723
853,561,0,KBRS_Hybrid,1.0,1.0,1.0,1.0,0.0,[768.07   2.47],[59.07 49.47],[0.92858525 0.04755487],[0.93928129 0.        ],0.1,0.05503512880562061
854,326,0,KBRS_Hybrid,1.0,1.0,1.0,0.0,0.0,[769.08   2.47],[59.08 49.47],[0.92866113 0.04755487],[0.93935644 0.        ],0.1,0.05497076023391813
855,407,0,KBRS_Hybrid,1.0,1.0,1.0,1.0,0.0,[770.09   2.47],[59.09 49.47],[0.92873682 0.04755487],[0.9394314 0.       ],0.1,0.054906542056074766
856,514,0,KBRS_Hybrid,1.0,1.0,1.0,1.0,0.0,[771.1    2.47],[59.1  49.47],[0.92881233 0.04755487],[0.93950617 0.        ],0.1,0.05484247374562427
857,20,0,KBRS_Hybrid,1.0,1.0,1.0,0.0,0.0,[772.11   2.47],[59.11 49.47],[0.92888766 0.04755487],[0.93958076 0.        ],0.1,0.054778554778554776
858,510,0,KBRS_Hybrid,1.0,1.0,1.0,1.0,0.0,[773.12   2.47],[59.12 49.47],[0.9289628  0.04755487],[0.93965517 0.        ],0.1,0.05471478463329453
859,469,0,KBRS_Hybrid,1.0,1.0,1.0,1.0,0.0,[774.13   2.47],[59.13 49.47],[0.92903776 0.04755487],[0.9397294 0.       ],0.1,0.05465116279069768
860,405,0,KBRS_Hybrid,1.0,1.0,1.0,0.0,0.0,[775.14   2.47],[59.14 49.47],[0.92911253 0.04755487],[0.93980344 0.        ],0.1,0.0545876887340302
861,553,0,KBRS_Hybrid,1.0,1.0,1.0,1.0,0.0,[776.15   2.47],[59.15 49.47],[0.92918712 0.04755487],[0.9398773 0.       ],0.1,0.054524361948955914
862,113,0,KBRS_Hybrid,1.0,1.0,1.0,0.0,0.0,[777.16   2.47],[59.16 49.47],[0.92926153 0.04755487],[0.93995098 0.        ],0.1,0.054461181923522596
863,516,0,KBRS_Hybrid,1.0,1.0,1.0,1.0,0.0,[778.17   2.47],[59.17 49.47],[0.92933575 0.04755487],[0.94002448 0.        ],0.1,0.05439814814814815
864,360,0,KBRS_Hybrid,1.0,1.0,1.0,1.0,0.0,[779.18   2.47],[59.18 49.47],[0.9294098  0.04755487],[0.9400978 0.       ],0.1,0.05433526011560694
865,308,0,KBRS_Hybrid,1.0,1.0,1.0,1.0,0.0,[780.19   2.47],[59.19 49.47],[0.92948367 0.04755487],[0.94017094 0.        ],0.1,0.054272517321016164
866,253,0,KBRS_Hybrid,1.0,1.0,1.0,0.0,0.0,[781.2    2.47],[59.2  49.47],[0.92955735 0.04755487],[0.9402439 0.       ],0.1,0.05420991926182238
867,492,0,KBRS_Hybrid,1.0,1.0,1.0,1.0,0.0,[782.21   2.47],[59.21 49.47],[0.92963086 0.04755487],[0.94031669 0.        ],0.1,0.05414746543778802
868,419,0,KBRS_Hybrid,1.0,1.0,1.0,0.0,0.0,[783.22   2.47],[59.22 49.47],[0.92970419 0.04755487],[0.94038929 0.        ],0.1,0.05408515535097814
869,480,0,KBRS_Hybrid,1.0,1.0,1.0,0.0,0.0,[784.23   2.47],[59.23 49.47],[0.92977735 0.04755487],[0.94046173 0.        ],0.1,0.054022988505747126
870,478,0,KBRS_Hybrid,1.0,1.0,1.0,0.0,0.0,[785.24   2.47],[59.24 49.47],[0.92985032 0.04755487],[0.94053398 0.        ],0.1,0.0539609644087256
871,575,0,KBRS_Hybrid,1.0,1.0,1.0,0.0,0.0,[786.25   2.47],[59.25 49.47],[0.92992312 0.04755487],[0.94060606 0.        ],0.1,0.05389908256880734
872,92,0,KBRS_Hybrid,1.0,1.0,1.0,0.0,0.0,[787.26   2.47],[59.26 49.47],[0.92999575 0.04755487],[0.94067797 0.        ],0.1,0.053837342497136315
873,197,0,KBRS_Hybrid,1.0,1.0,1.0,0.0,0.0,[788.27   2.47],[59.27 49.47],[0.9300682  0.04755487],[0.9407497 0.       ],0.1,0.05377574370709382
874,474,0,KBRS_Hybrid,1.0,1.0,1.0,0.0,0.0,[789.28   2.47],[59.28 49.47],[0.93014047 0.04755487],[0.94082126 0.        ],0.1,0.053714285714285714
875,71,0,KBRS_Hybrid,1.0,1.0,1.0,0.0,0.0,[790.29   2.47],[59.29 49.47],[0.93021258 0.04755487],[0.94089264 0.        ],0.1,0.05365296803652968
876,45,0,KBRS_Hybrid,1.0,1.0,1.0,0.0,0.0,[791.3    2.47],[59.3  49.47],[0.93028451 0.04755487],[0.94096386 0.        ],0.1,0.053591790193842644
877,65,0,KBRS_Hybrid,1.0,1.0,1.0,0.0,0.0,[792.31   2.47],[59.31 49.47],[0.93035626 0.04755487],[0.9410349 0.       ],0.1,0.05353075170842825
878,391,0,KBRS_Hybrid,1.0,1.0,1.0,1.0,0.0,[793.32   2.47],[59.32 49.47],[0.93042785 0.04755487],[0.94110577 0.        ],0.1,0.053469852104664393
879,523,0,KBRS_Hybrid,1.0,1.0,1.0,1.0,0.0,[794.33   2.47],[59.33 49.47],[0.93049926 0.04755487],[0.94117647 0.        ],0.1,0.053409090909090906
880,555,0,KBRS_Hybrid,1.0,1.0,1.0,0.0,0.0,[795.34   2.47],[59.34 49.47],[0.93057051 0.04755487],[0.941247 0.      ],0.1,0.053348467650397274
881,301,0,KBRS_Hybrid,1.0,1.0,1.0,0.0,0.0,[796.35   2.47],[59.35 49.47],[0.93064158 0.04755487],[0.94131737 0.        ],0.1,0.05328798185941043
882,459,0,KBRS_Hybrid,1.0,1.0,1.0,0.0,0.0,[797.36   2.47],[59.36 49.47],[0.93071248 0.04755487],[0.94138756 0.        ],0.1,0.053227633069082674
883,65,0,KBRS_Hybrid,1.0,1.0,1.0,0.0,0.0,[798.37   2.47],[59.37 49.47],[0.93078322 0.04755487],[0.94145759 0.        ],0.1,0.053167420814479636
884,63,0,KBRS_Hybrid,1.0,1.0,1.0,0.0,0.0,[799.38   2.47],[59.38 49.47],[0.93085379 0.04755487],[0.94152745 0.        ],0.1,0.05310734463276836
885,367,0,KBRS_Hybrid,1.0,1.0,1.0,1.0,0.0,[800.39   2.47],[59.39 49.47],[0.93092419 0.04755487],[0.94159714 0.        ],0.1,0.05304740406320542
886,160,0,KBRS_Hybrid,1.0,1.0,1.0,0.0,0.0,[801.4    2.47],[59.4  49.47],[0.93099442 0.04755487],[0.94166667 0.        ],0.1,0.05298759864712514
887,255,0,KBRS_Hybrid,1.0,1.0,1.0,1.0,0.0,[802.41   2.47],[59.41 49.47],[0.93106449 0.04755487],[0.94173603 0.        ],0.1,0.05292792792792793
888,177,0,KBRS_Hybrid,1.0,1.0,1.0,0.0,0.0,[803.42   2.47],[59.42 49.47],[0.93113439 0.04755487],[0.94180523 0.        ],0.1,0.052868391451068614
889,317,0,KBRS_Hybrid,1.0,1.0,1.0,1.0,0.0,[804.43   2.47],[59.43 49.47],[0.93120413 0.04755487],[0.94187426 0.        ],0.1,0.052808988764044947
890,593,0,KBRS_Hybrid,1.0,1.0,1.0,0.0,0.0,[805.44   2.47],[59.44 49.47],[0.9312737  0.04755487],[0.94194313 0.        ],0.1,0.052749719416386086
891,202,0,KBRS_Hybrid,1.0,1.0,1.0,0.0,0.0,[806.45   2.47],[59.45 49.47],[0.93134311 0.04755487],[0.94201183 0.        ],0.1,0.052690582959641255
892,548,0,KBRS_Hybrid,1.0,1.0,1.0,0.0,0.0,[807.46   2.47],[59.46 49.47],[0.93141236 0.04755487],[0.94208038 0.        ],0.1,0.05263157894736842
893,68,0,KBRS_Hybrid,1.0,1.0,1.0,0.0,0.0,[808.47   2.47],[59.47 49.47],[0.93148144 0.04755487],[0.94214876 0.        ],0.1,0.052572706935123045
894,171,0,KBRS_Hybrid,1.0,1.0,1.0,0.0,0.0,[809.48   2.47],[59.48 49.47],[0.93155036 0.04755487],[0.94221698 0.        ],0.1,0.05251396648044693
895,568,0,KBRS_Hybrid,1.0,1.0,1.0,0.0,0.0,[810.49   2.47],[59.49 49.47],[0.93161912 0.04755487],[0.94228504 0.        ],0.1,0.052455357142857144
896,401,0,KBRS_Hybrid,1.0,1.0,1.0,0.0,0.0,[811.5    2.47],[59.5  49.47],[0.93168772 0.04755487],[0.94235294 0.        ],0.1,0.05239687848383501
897,480,0,KBRS_Hybrid,1.0,1.0,1.0,0.0,0.0,[812.51   2.47],[59.51 49.47],[0.93175615 0.04755487],[0.94242068 0.        ],0.1,0.052338530066815145
898,437,0,KBRS_Hybrid,1.0,1.0,1.0,1.0,0.0,[813.52   2.47],[59.52 49.47],[0.93182443 0.04755487],[0.94248826 0.        ],0.1,0.05228031145717464
899,95,0,KBRS_Hybrid,1.0,1.0,1.0,1.0,0.0,[814.53   2.47],[59.53 49.47],[0.93189255 0.04755487],[0.94255569 0.        ],0.1,0.052222222222222225
900,304,0,KBRS_Hybrid,1.0,1.0,1.0,0.0,0.0,[815.54   2.47],[59.54 49.47],[0.93196051 0.04755487],[0.94262295 0.        ],0.1,0.05216426193118757
901,557,0,KBRS_Hybrid,1.0,1.0,1.0,0.0,0.0,[816.55   2.47],[59.55 49.47],[0.93202831 0.04755487],[0.94269006 0.        ],0.1,0.052106430155210645
902,188,0,KBRS_Hybrid,1.0,1.0,1.0,0.0,0.0,[817.56   2.47],[59.56 49.47],[0.93209595 0.04755487],[0.94275701 0.        ],0.1,0.05204872646733112
903,71,0,KBRS_Hybrid,1.0,1.0,1.0,0.0,0.0,[818.57   2.47],[59.57 49.47],[0.93216344 0.04755487],[0.9428238 0.       ],0.1,0.051991150442477874
904,233,0,KBRS_Hybrid,1.0,1.0,1.0,0.0,0.0,[819.58   2.47],[59.58 49.47],[0.93223077 0.04755487],[0.94289044 0.        ],0.1,0.051933701657458566
905,434,0,KBRS_Hybrid,1.0,1.0,1.0,0.0,0.0,[820.59   2.47],[59.59 49.47],[0.93229794 0.04755487],[0.94295693 0.        ],0.1,0.05187637969094923
906,357,0,KBRS_Hybrid,1.0,1.0,1.0,0.0,0.0,[821.6    2.47],[59.6  49.47],[0.93236496 0.04755487],[0.94302326 0.        ],0.1,0.05181918412348401
907,179,0,KBRS_Hybrid,1.0,1.0,1.0,0.0,0.0,[822.61   2.47],[59.61 49.47],[0.93243182 0.04755487],[0.94308943 0.        ],0.1,0.051762114537444934
908,166,0,KBRS_Hybrid,1.0,1.0,1.0,0.0,0.0,[823.62   2.47],[59.62 49.47],[0.93249853 0.04755487],[0.94315545 0.        ],0.1,0.0517051705170517
909,253,0,KBRS_Hybrid,1.0,1.0,1.0,0.0,0.0,[824.63   2.47],[59.63 49.47],[0.93256508 0.04755487],[0.94322132 0.        ],0.1,0.051648351648351645
910,166,0,KBRS_Hybrid,1.0,1.0,1.0,0.0,0.0,[825.64   2.47],[59.64 49.47],[0.93263148 0.04755487],[0.94328704 0.        ],0.1,0.05159165751920966
911,493,0,KBRS_Hybrid,1.0,1.0,1.0,1.0,0.0,[826.65   2.47],[59.65 49.47],[0.93269773 0.04755487],[0.9433526 0.       ],0.1,0.051535087719298246
912,179,0,KBRS_Hybrid,1.0,1.0,1.0,0.0,0.0,[827.66   2.47],[59.66 49.47],[0.93276383 0.04755487],[0.94341801 0.        ],0.1,0.05147864184008762
913,335,0,KBRS_Hybrid,1.0,1.0,1.0,0.0,0.0,[828.67   2.47],[59.67 49.47],[0.93282977 0.04755487],[0.94348328 0.        ],0.1,0.05142231947483589
914,159,0,KBRS_Hybrid,1.0,1.0,1.0,0.0,0.0,[829.68   2.47],[59.68 49.47],[0.93289557 0.04755487],[0.94354839 0.        ],0.1,0.05136612021857923
915,398,0,KBRS_Hybrid,1.0,1.0,1.0,1.0,0.0,[830.69   2.47],[59.69 49.47],[0.93296121 0.04755487],[0.94361335 0.        ],0.1,0.05131004366812227
916,406,0,KBRS_Hybrid,1.0,1.0,1.0,0.0,0.0,[831.7    2.47],[59.7  49.47],[0.9330267  0.04755487],[0.94367816 0.        ],0.1,0.05125408942202835
917,121,0,KBRS_Hybrid,1.0,1.0,1.0,1.0,0.0,[832.71   2.47],[59.71 49.47],[0.93309204 0.04755487],[0.94374282 0.        ],0.1,0.05119825708061002
918,419,0,KBRS_Hybrid,1.0,1.0,1.0,0.0,0.0,[833.72   2.47],[59.72 49.47],[0.93315723 0.04755487],[0.94380734 0.        ],0.1,0.051142546245919476
919,74,0,KBRS_Hybrid,1.0,1.0,1.0,0.0,0.0,[834.73   2.47],[59.73 49.47],[0.93322228 0.04755487],[0.94387171 0.        ],0.1,0.051086956521739134
920,212,0,KBRS_Hybrid,1.0,1.0,1.0,0.0,0.0,[835.74   2.47],[59.74 49.47],[0.93328718 0.04755487],[0.94393593 0.        ],0.1,0.051031487513572206
921,110,0,KBRS_Hybrid,1.0,1.0,1.0,1.0,0.0,[836.75   2.47],[59.75 49.47],[0.93335192 0.04755487],[0.944 0.   ],0.1,0.0509761388286334
922,36,0,KBRS_Hybrid,1.0,1.0,1.0,0.0,0.0,[837.76   2.47],[59.76 49.47],[0.93341653 0.04755487],[0.94406393 0.        ],0.1,0.050920910075839654
923,229,0,KBRS_Hybrid,1.0,1.0,1.0,0.0,0.0,[838.77   2.47],[59.77 49.47],[0.93348098 0.04755487],[0.94412771 0.        ],0.1,0.050865800865800864
924,505,0,KBRS_Hybrid,1.0,1.0,1.0,0.0,0.0,[839.78   2.47],[59.78 49.47],[0.93354529 0.04755487],[0.94419134 0.        ],0.1,0.05081081081081081
925,130,0,KBRS_Hybrid,1.0,1.0,1.0,0.0,0.0,[840.79   2.47],[59.79 49.47],[0.93360945 0.04755487],[0.94425484 0.        ],0.1,0.05075593952483801
926,86,0,KBRS_Hybrid,1.0,1.0,1.0,0.0,0.0,[841.8    2.47],[59.8  49.47],[0.93367347 0.04755487],[0.94431818 0.        ],0.1,0.05070118662351672
927,361,0,KBRS_Hybrid,1.0,1.0,1.0,0.0,0.0,[842.81   2.47],[59.81 49.47],[0.93373734 0.04755487],[0.94438138 0.        ],0.1,0.05064655172413793
928,50,0,KBRS_Hybrid,1.0,1.0,1.0,0.0,0.0,[843.82   2.47],[59.82 49.47],[0.93380107 0.04755487],[0.94444444 0.        ],0.1,0.05059203444564048
929,298,0,KBRS_Hybrid,1.0,1.0,1.0,0.0,0.0,[844.83   2.47],[59.83 49.47],[0.93386466 0.04755487],[0.94450736 0.        ],0.1,0.05053763440860215
930,469,0,KBRS_Hybrid,1.0,1.0,1.0,0.0,0.0,[845.84   2.47],[59.84 49.47],[0.9339281  0.04755487],[0.94457014 0.        ],0.1,0.050483351235230935
931,235,0,KBRS_Hybrid,1.0,1.0,1.0,0.0,0.0,[846.85   2.47],[59.85 49.47],[0.9339914  0.04755487],[0.94463277 0.        ],0.1,0.05042918454935622
932,147,0,KBRS_Hybrid,1.0,1.0,1.0,0.0,0.0,[847.86   2.47],[59.86 49.47],[0.93405455 0.04755487],[0.94469526 0.        ],0.1,0.05037513397642015
933,235,0,KBRS_Hybrid,1.0,1.0,1.0,0.0,0.0,[848.87   2.47],[59.87 49.47],[0.93411757 0.04755487],[0.94475761 0.        ],0.1,0.05032119914346895
934,384,0,KBRS_Hybrid,1.0,1.0,1.0,0.0,0.0,[849.88   2.47],[59.88 49.47],[0.93418044 0.04755487],[0.94481982 0.        ],0.1,0.05026737967914439
935,106,0,KBRS_Hybrid,1.0,1.0,1.0,0.0,0.0,[850.89   2.47],[59.89 49.47],[0.93424318 0.04755487],[0.94488189 0.        ],0.1,0.050213675213675216
936,160,0,KBRS_Hybrid,1.0,1.0,1.0,0.0,0.0,[851.9    2.47],[59.9  49.47],[0.93430577 0.04755487],[0.94494382 0.        ],0.1,0.05016008537886873
937,251,0,KBRS_Hybrid,1.0,1.0,1.0,1.0,0.0,[852.91   2.47],[59.91 49.47],[0.93436822 0.04755487],[0.94500561 0.        ],0.1,0.050106609808102345
938,235,0,KBRS_Hybrid,1.0,1.0,1.0,0.0,0.0,[853.92   2.47],[59.92 49.47],[0.93443053 0.04755487],[0.94506726 0.        ],0.1,0.05005324813631523
939,517,0,KBRS_Hybrid,1.0,1.0,1.0,0.0,0.0,[854.93   2.47],[59.93 49.47],[0.93449271 0.04755487],[0.94512878 0.        ],0.1,0.05
940,227,0,KBRS_Hybrid,1.0,1.0,1.0,1.0,0.0,[855.94   2.47],[59.94 49.47],[0.93455475 0.04755487],[0.94519016 0.        ],0.1,0.04994686503719448
941,48,1,Popularity_Baseline,0.5,1.0,0.0,0.9,0.0,[855.94   2.48],[59.94 50.48],[0.93455475 0.04682779],[0.94519016 0.        ],0.1,0.04994686503719448
942,15,1,Popularity_Baseline,0.5,1.0,0.0,0.3,0.0,[855.94   2.49],[59.94 51.49],[0.93455475 0.0461282 ],[0.94519016 0.        ],0.1,0.04994686503719448
943,495,1,Popularity_Baseline,0.5,1.0,0.0,0.6,0.0,[855.94   2.5 ],[59.94 52.5 ],[0.93455475 0.04545455],[0.94519016 0.        ],0.1,0.04994686503719448
944,464,1,Popularity_Baseline,0.0,0.0,0.0,0.0,0.0,[855.94   2.51],[59.94 53.51],[0.93455475 0.04480543],[0.94519016 0.        ],0.1,0.04994686503719448
945,129,1,Popularity_Baseline,0.5,1.0,0.0,0.6,0.0,[855.94   2.52],[59.94 54.52],[0.93455475 0.04417952],[0.94519016 0.        ],0.1,0.04994686503719448
946,143,1,Popularity_Baseline,0.5,1.0,0.0,0.9,0.0,[855.94   2.53],[59.94 55.53],[0.93455475 0.04357561],[0.94519016 0.        ],0.1,0.04994686503719448
947,584,1,Popularity_Baseline,0.5,1.0,0.0,0.4,0.0,[855.94   2.54],[59.94 56.54],[0.93455475 0.04299255],[0.94519016 0.        ],0.1,0.04994686503719448
948,77,1,Popularity_Baseline,0.5,1.0,0.0,0.8,0.0,[855.94   2.55],[59.94 57.55],[0.93455475 0.04242928],[0.94519016 0.        ],0.1,0.04994686503719448
949,554,1,Popularity_Baseline,0.5,1.0,0.0,0.7,0.0,[855.94   2.56],[59.94 58.56],[0.93455475 0.04188482],[0.94519016 0.        ],0.1,0.04994686503719448
950,468,1,Popularity_Baseline,0.5,1.0,0.0,0.7,0.0,[855.94   2.57],[59.94 59.57],[0.93455475 0.04135822],[0.94519016 0.        ],0.1,0.04994686503719448
951,544,1,Popularity_Baseline,0.5,1.0,0.0,1.0,0.0,[855.94   2.58],[59.94 60.58],[0.93455475 0.04084864],[0.94519016 0.        ],0.1,0.04994686503719448
952,407,1,Popularity_Baseline,0.5,1.0,0.0,0.8,0.0,[855.94   2.59],[59.94 61.59],[0.93455475 0.04035525],[0.94519016 0.        ],0.1,0.04994686503719448
953,10,1,Popularity_Baseline,0.5,1.0,0.0,0.7,0.0,[855.94   2.6 ],[59.94 62.6 ],[0.93455475 0.0398773 ],[0.94519016 0.        ],0.1,0.04994686503719448
954,288,1,Popularity_Baseline,0.0,0.0,0.0,0.0,0.0,[855.94   2.61],[59.94 63.61],[0.93455475 0.03941407],[0.94519016 0.        ],0.1,0.04994686503719448
955,549,1,Popularity_Baseline,0.5,1.0,0.0,0.4,0.0,[855.94   2.62],[59.94 64.62],[0.93455475 0.0389649 ],[0.94519016 0.        ],0.1,0.04994686503719448
956,542,1,Popularity_Baseline,0.5,1.0,0.0,0.6,0.0,[855.94   2.63],[59.94 65.63],[0.93455475 0.03852915],[0.94519016 0.        ],0.1,0.04994686503719448
957,169,1,Popularity_Baseline,0.5,1.0,0.0,0.5,0.0,[855.94   2.64],[59.94 66.64],[0.93455475 0.03810624],[0.94519016 0.        ],0.1,0.04994686503719448
958,135,1,Popularity_Baseline,0.5,1.0,0.0,0.1,0.0,[855.94   2.65],[59.94 67.65],[0.93455475 0.03769559],[0.94519016 0.        ],0.1,0.04994686503719448
959,242,1,Popularity_Baseline,0.5,1.0,0.0,0.7,0.0,[855.94   2.66],[59.94 68.66],[0.93455475 0.03729669],[0.94519016 0.        ],0.1,0.04994686503719448
960,570,1,Popularity_Baseline,0.5,1.0,0.0,0.3,0.0,[855.94   2.67],[59.94 69.67],[0.93455475 0.03690904],[0.94519016 0.        ],0.1,0.04994686503719448
961,439,1,Popularity_Baseline,0.5,1.0,0.0,0.4,0.0,[855.94   2.68],[59.94 70.68],[0.93455475 0.03653217],[0.94519016 0.        ],0.1,0.04994686503719448
962,196,1,Popularity_Baseline,0.5,1.0,0.0,0.8,0.0,[855.94   2.69],[59.94 71.69],[0.93455475 0.03616564],[0.94519016 0.        ],0.1,0.04994686503719448
963,513,1,Popularity_Baseline,0.5,1.0,0.0,0.5,0.0,[855.94   2.7 ],[59.94 72.7 ],[0.93455475 0.03580902],[0.94519016 0.        ],0.1,0.04994686503719448
964,63,1,Popularity_Baseline,0.5,1.0,0.0,0.1,0.0,[855.94   2.71],[59.94 73.71],[0.93455475 0.03546192],[0.94519016 0.        ],0.1,0.04994686503719448
965,26,1,Popularity_Baseline,0.5,1.0,0.0,0.7,0.0,[855.94   2.72],[59.94 74.72],[0.93455475 0.03512397],[0.94519016 0.        ],0.1,0.04994686503719448
966,175,1,Popularity_Baseline,0.5,1.0,0.0,1.0,0.0,[855.94   2.73],[59.94 75.73],[0.93455475 0.0347948 ],[0.94519016 0.        ],0.1,0.04994686503719448
967,294,1,Popularity_Baseline,0.5,1.0,0.0,0.7,0.0,[855.94   2.74],[59.94 76.74],[0.93455475 0.03447408],[0.94519016 0.        ],0.1,0.04994686503719448
968,426,1,Popularity_Baseline,0.5,1.0,0.0,0.6,0.0,[855.94   2.75],[59.94 77.75],[0.93455475 0.03416149],[0.94519016 0.        ],0.1,0.04994686503719448
969,608,1,Popularity_Baseline,0.0,0.0,0.0,0.0,0.0,[855.94   2.76],[59.94 78.76],[0.93455475 0.03385672],[0.94519016 0.        ],0.1,0.04994686503719448
970,93,1,Popularity_Baseline,0.5,1.0,0.0,0.3,0.0,[855.94   2.77],[59.94 79.77],[0.93455475 0.03355949],[0.94519016 0.        ],0.1,0.04994686503719448
971,161,1,Popularity_Baseline,0.5,1.0,0.0,0.9,0.0,[855.94   2.78],[59.94 80.78],[0.93455475 0.03326951],[0.94519016 0.        ],0.1,0.04994686503719448
972,151,1,Popularity_Baseline,0.5,1.0,0.0,1.0,0.0,[855.94   2.79],[59.94 81.79],[0.93455475 0.03298652],[0.94519016 0.        ],0.1,0.04994686503719448
973,498,1,Popularity_Baseline,0.5,1.0,0.0,0.5,0.0,[855.94   2.8 ],[59.94 82.8 ],[0.93455475 0.03271028],[0.94519016 0.        ],0.1,0.04994686503719448
974,315,1,Popularity_Baseline,0.5,1.0,0.0,1.0,0.0,[855.94   2.81],[59.94 83.81],[0.93455475 0.03244054],[0.94519016 0.        ],0.1,0.04994686503719448
975,194,1,Popularity_Baseline,0.5,1.0,0.0,1.0,0.0,[855.94   2.82],[59.94 84.82],[0.93455475 0.03217709],[0.94519016 0.        ],0.1,0.04994686503719448
976,572,1,Popularity_Baseline,0.5,1.0,0.0,0.4,0.0,[855.94   2.83],[59.94 85.83],[0.93455475 0.03191969],[0.94519016 0.        ],0.1,0.04994686503719448
977,228,1,Popularity_Baseline,0.5,1.0,0.0,0.7,0.0,[855.94   2.84],[59.94 86.84],[0.93455475 0.03166815],[0.94519016 0.        ],0.1,0.04994686503719448
978,592,1,Popularity_Baseline,0.5,1.0,0.0,0.0,0.0,[855.94   2.85],[59.94 87.85],[0.93455475 0.03142227],[0.94519016 0.        ],0.1,0.04994686503719448
979,364,1,Popularity_Baseline,0.5,1.0,0.0,0.9,0.0,[855.94   2.86],[59.94 88.86],[0.93455475 0.03118186],[0.94519016 0.        ],0.1,0.04994686503719448
980,587,1,Popularity_Baseline,0.5,1.0,0.0,0.7,0.0,[855.94   2.87],[59.94 89.87],[0.93455475 0.03094673],[0.94519016 0.        ],0.1,0.04994686503719448
981,141,1,Popularity_Baseline,0.5,1.0,0.0,0.3,0.0,[855.94   2.88],[59.94 90.88],[0.93455475 0.03071672],[0.94519016 0.        ],0.1,0.04994686503719448
982,14,1,Popularity_Baseline,0.5,1.0,0.0,0.3,0.0,[855.94   2.89],[59.94 91.89],[0.93455475 0.03049166],[0.94519016 0.        ],0.1,0.04994686503719448
983,572,1,Popularity_Baseline,0.5,1.0,0.0,0.0,0.0,[855.94   2.9 ],[59.94 92.9 ],[0.93455475 0.0302714 ],[0.94519016 0.        ],0.1,0.04994686503719448
984,340,1,Popularity_Baseline,0.5,1.0,0.0,0.4,0.0,[855.94   2.91],[59.94 93.91],[0.93455475 0.03005577],[0.94519016 0.        ],0.1,0.04994686503719448
985,485,1,Popularity_Baseline,0.5,1.0,0.0,0.7,0.0,[855.94   2.92],[59.94 94.92],[0.93455475 0.02984464],[0.94519016 0.        ],0.1,0.04994686503719448
986,517,1,Popularity_Baseline,0.5,1.0,0.0,0.2,0.0,[855.94   2.93],[59.94 95.93],[0.93455475 0.02963787],[0.94519016 0.        ],0.1,0.04994686503719448
987,416,1,Popularity_Baseline,0.5,1.0,0.0,0.4,0.0,[855.94   2.94],[59.94 96.94],[0.93455475 0.02943532],[0.94519016 0.        ],0.1,0.04994686503719448
988,368,1,Popularity_Baseline,0.5,1.0,0.0,0.1,0.0,[855.94   2.95],[59.94 97.95],[0.93455475 0.02923687],[0.94519016 0.        ],0.1,0.04994686503719448
989,366,1,Popularity_Baseline,0.5,1.0,0.0,0.8,0.0,[855.94   2.96],[59.94 98.96],[0.93455475 0.02904239],[0.94519016 0.        ],0.1,0.04994686503719448
990,481,1,Popularity_Baseline,0.5,1.0,0.0,1.0,0.0,[855.94   2.97],[59.94 99.97],[0.93455475 0.02885176],[0.94519016 0.        ],0.1,0.04994686503719448
991,213,1,Popularity_Baseline,0.5,1.0,0.0,0.9,0.0,[855.94   2.98],[ 59.94 100.98],[0.93455475 0.02866487],[0.94519016 0.        ],0.1,0.04994686503719448
992,16,1,Popularity_Baseline,0.5,1.0,0.0,0.3,0.0,[855.94   2.99],[ 59.94 101.99],[0.93455475 0.02848162],[0.94519016 0.        ],0.1,0.04994686503719448
993,139,1,Popularity_Baseline,0.5,1.0,0.0,0.9,0.0,[855.94   3.  ],[ 59.94 103.  ],[0.93455475 0.02830189],[0.94519016 0.        ],0.1,0.04994686503719448
994,283,1,Popularity_Baseline,0.5,1.0,0.0,0.6,0.0,[855.94   3.01],[ 59.94 104.01],[0.93455475 0.02812558],[0.94519016 0.        ],0.1,0.04994686503719448
995,241,1,Popularity_Baseline,0.5,1.0,0.0,0.5,0.0,[855.94   3.02],[ 59.94 105.02],[0.93455475 0.02795261],[0.94519016 0.        ],0.1,0.04994686503719448
996,215,1,Popularity_Baseline,0.5,1.0,0.0,0.4,0.0,[855.94   3.03],[ 59.94 106.03],[0.93455475 0.02778287],[0.94519016 0.        ],0.1,0.04994686503719448
997,448,1,Popularity_Baseline,0.5,1.0,0.0,0.3,0.0,[855.94   3.04],[ 59.94 107.04],[0.93455475 0.02761628],[0.94519016 0.        ],0.1,0.04994686503719448
998,97,1,Popularity_Baseline,0.5,1.0,0.0,0.8,0.0,[855.94   3.05],[ 59.94 108.05],[0.93455475 0.02745275],[0.94519016 0.        ],0.1,0.04994686503719448
999,568,1,Popularity_Baseline,0.5,1.0,0.0,0.6,0.0,[855.94   3.06],[ 59.94 109.06],[0.93455475 0.02729219],[0.94519016 0.        ],0.1,0.04994686503719448
1000,353,1,Popularity_Baseline,0.5,1.0,0.0,0.6,0.0,[855.94   3.07],[ 59.94 110.07],[0.93455475 0.02713452],[0.94519016 0.        ],0.1,0.04994686503719448
1001,455,1,Popularity_Baseline,0.5,1.0,0.0,0.3,0.0,[855.94   3.08],[ 59.94 111.08],[0.93455475 0.02697968],[0.94519016 0.        ],0.1,0.04994686503719448
1002,14,1,Popularity_Baseline,0.5,1.0,0.0,0.0,0.0,[855.94   3.09],[ 59.94 112.09],[0.93455475 0.02682757],[0.94519016 0.        ],0.1,0.04994686503719448
1003,211,1,Popularity_Baseline,0.5,1.0,0.0,0.5,0.0,[855.94   3.1 ],[ 59.94 113.1 ],[0.93455475 0.02667814],[0.94519016 0.        ],0.1,0.04994686503719448
1004,273,1,Popularity_Baseline,0.5,1.0,0.0,0.6,0.0,[855.94   3.11],[ 59.94 114.11],[0.93455475 0.02653131],[0.94519016 0.        ],0.1,0.04994686503719448
1005,120,1,Popularity_Baseline,0.5,1.0,0.0,0.9,0.0,[855.94   3.12],[ 59.94 115.12],[0.93455475 0.02638701],[0.94519016 0.        ],0.1,0.04994686503719448
1006,172,1,Popularity_Baseline,0.5,1.0,0.0,0.8,0.0,[855.94   3.13],[ 59.94 116.13],[0.93455475 0.02624518],[0.94519016 0.        ],0.1,0.04994686503719448
1007,506,1,Popularity_Baseline,0.5,1.0,0.0,1.0,0.0,[855.94   3.14],[ 59.94 117.14],[0.93455475 0.02610575],[0.94519016 0.        ],0.1,0.04994686503719448
1008,42,1,Popularity_Baseline,0.5,1.0,0.0,0.2,0.0,[855.94   3.15],[ 59.94 118.15],[0.93455475 0.02596867],[0.94519016 0.        ],0.1,0.04994686503719448
1009,519,1,Popularity_Baseline,0.5,1.0,0.0,0.8,0.0,[855.94   3.16],[ 59.94 119.16],[0.93455475 0.02583388],[0.94519016 0.        ],0.1,0.04994686503719448
1010,471,1,Popularity_Baseline,0.5,1.0,0.0,0.6,0.0,[855.94   3.17],[ 59.94 120.17],[0.93455475 0.02570131],[0.94519016 0.        ],0.1,0.04994686503719448
1011,90,1,Popularity_Baseline,0.5,1.0,0.0,0.9,0.0,[855.94   3.18],[ 59.94 121.18],[0.93455475 0.02557092],[0.94519016 0.        ],0.1,0.04994686503719448
1012,319,1,Popularity_Baseline,0.5,1.0,0.0,0.5,0.0,[855.94   3.19],[ 59.94 122.19],[0.93455475 0.02544265],[0.94519016 0.        ],0.1,0.04994686503719448
1013,9,1,Popularity_Baseline,0.5,1.0,0.0,0.0,0.0,[855.94   3.2 ],[ 59.94 123.2 ],[0.93455475 0.02531646],[0.94519016 0.        ],0.1,0.04994686503719448
1014,517,1,Popularity_Baseline,0.5,1.0,0.0,0.0,0.0,[855.94   3.21],[ 59.94 124.21],[0.93455475 0.02519228],[0.94519016 0.        ],0.1,0.04994686503719448
1015,443,1,Popularity_Baseline,0.5,1.0,0.0,0.3,0.0,[855.94   3.22],[ 59.94 125.22],[0.93455475 0.02507007],[0.94519016 0.        ],0.1,0.04994686503719448
1016,576,1,Popularity_Baseline,0.5,1.0,0.0,1.0,0.0,[855.94   3.23],[ 59.94 126.23],[0.93455475 0.02494979],[0.94519016 0.        ],0.1,0.04994686503719448
1017,330,1,Popularity_Baseline,0.5,1.0,0.0,0.1,0.0,[855.94   3.24],[ 59.94 127.24],[0.93455475 0.02483139],[0.94519016 0.        ],0.1,0.04994686503719448
1018,339,1,Popularity_Baseline,0.5,1.0,0.0,0.4,0.0,[855.94   3.25],[ 59.94 128.25],[0.93455475 0.02471483],[0.94519016 0.        ],0.1,0.04994686503719448
1019,474,1,Popularity_Baseline,0.0,0.0,0.0,0.0,0.0,[855.94   3.26],[ 59.94 129.26],[0.93455475 0.02460006],[0.94519016 0.        ],0.1,0.04994686503719448
1020,157,1,Popularity_Baseline,0.5,1.0,0.0,0.0,0.0,[855.94   3.27],[ 59.94 130.27],[0.93455475 0.02448705],[0.94519016 0.        ],0.1,0.04994686503719448
1021,186,1,Popularity_Baseline,0.5,1.0,0.0,0.5,0.0,[855.94   3.28],[ 59.94 131.28],[0.93455475 0.02437574],[0.94519016 0.        ],0.1,0.04994686503719448
1022,414,1,Popularity_Baseline,0.0,0.0,0.0,0.0,0.0,[855.94   3.29],[ 59.94 132.29],[0.93455475 0.02426612],[0.94519016 0.        ],0.1,0.04994686503719448
1023,247,1,Popularity_Baseline,0.0,0.0,0.0,0.0,0.0,[855.94   3.3 ],[ 59.94 133.3 ],[0.93455475 0.02415813],[0.94519016 0.        ],0.1,0.04994686503719448
1024,598,1,Popularity_Baseline,0.5,1.0,0.0,0.9,0.0,[855.94   3.31],[ 59.94 134.31],[0.93455475 0.02405174],[0.94519016 0.        ],0.1,0.04994686503719448
1025,410,1,Popularity_Baseline,0.5,1.0,0.0,0.5,0.0,[855.94   3.32],[ 59.94 135.32],[0.93455475 0.02394691],[0.94519016 0.        ],0.1,0.04994686503719448
1026,130,1,Popularity_Baseline,0.5,1.0,0.0,0.7,0.0,[855.94   3.33],[ 59.94 136.33],[0.93455475 0.02384362],[0.94519016 0.        ],0.1,0.04994686503719448
1027,455,1,Popularity_Baseline,0.5,1.0,0.0,0.0,0.0,[855.94   3.34],[ 59.94 137.34],[0.93455475 0.02374183],[0.94519016 0.        ],0.1,0.04994686503719448
1028,583,1,Popularity_Baseline,0.5,1.0,0.0,0.7,0.0,[855.94   3.35],[ 59.94 138.35],[0.93455475 0.0236415 ],[0.94519016 0.        ],0.1,0.04994686503719448
1029,386,1,Popularity_Baseline,0.5,1.0,0.0,0.4,0.0,[855.94   3.36],[ 59.94 139.36],[0.93455475 0.0235426 ],[0.94519016 0.        ],0.1,0.04994686503719448
1030,446,1,Popularity_Baseline,0.5,1.0,0.0,0.4,0.0,[855.94   3.37],[ 59.94 140.37],[0.93455475 0.02344511],[0.94519016 0.        ],0.1,0.04994686503719448
1031,439,1,Popularity_Baseline,0.5,1.0,0.0,0.0,0.0,[855.94   3.38],[ 59.94 141.38],[0.93455475 0.02334899],[0.94519016 0.        ],0.1,0.04994686503719448
1032,86,1,Popularity_Baseline,0.5,1.0,0.0,0.5,0.0,[855.94   3.39],[ 59.94 142.39],[0.93455475 0.02325422],[0.94519016 0.        ],0.1,0.04994686503719448
1033,567,1,Popularity_Baseline,0.5,1.0,0.0,0.0,0.0,[855.94   3.4 ],[ 59.94 143.4 ],[0.93455475 0.02316076],[0.94519016 0.        ],0.1,0.04994686503719448
1034,167,1,Popularity_Baseline,0.5,1.0,0.0,0.3,0.0,[855.94   3.41],[ 59.94 144.41],[0.93455475 0.0230686 ],[0.94519016 0.        ],0.1,0.04994686503719448
1035,447,1,Popularity_Baseline,0.5,1.0,0.0,0.3,0.0,[855.94   3.42],[ 59.94 145.42],[0.93455475 0.02297769],[0.94519016 0.        ],0.1,0.04994686503719448
1036,522,1,Popularity_Baseline,0.5,1.0,0.0,0.3,0.0,[855.94   3.43],[ 59.94 146.43],[0.93455475 0.02288803],[0.94519016 0.        ],0.1,0.04994686503719448
1037,127,1,Popularity_Baseline,0.5,1.0,0.0,1.0,0.0,[855.94   3.44],[ 59.94 147.44],[0.93455475 0.02279958],[0.94519016 0.        ],0.1,0.04994686503719448
1038,113,1,Popularity_Baseline,0.5,1.0,0.0,0.7,0.0,[855.94   3.45],[ 59.94 148.45],[0.93455475 0.02271231],[0.94519016 0.        ],0.1,0.04994686503719448
1039,106,1,Popularity_Baseline,0.5,1.0,0.0,0.8,0.0,[855.94   3.46],[ 59.94 149.46],[0.93455475 0.02262621],[0.94519016 0.        ],0.1,0.04994686503719448
1040,333,1,Popularity_Baseline,0.5,1.0,0.0,1.0,0.0,[855.94   3.47],[ 59.94 150.47],[0.93455475 0.02254125],[0.94519016 0.        ],0.1,0.04994686503719448
1041,533,1,Popularity_Baseline,0.5,1.0,0.0,0.8,0.0,[855.94   3.48],[ 59.94 151.48],[0.93455475 0.02245741],[0.94519016 0.        ],0.1,0.04994686503719448
1042,400,1,Popularity_Baseline,0.5,1.0,0.0,0.4,0.0,[855.94   3.49],[ 59.94 152.49],[0.93455475 0.02237466],[0.94519016 0.        ],0.1,0.04994686503719448
1043,448,1,Popularity_Baseline,0.5,1.0,0.0,0.0,0.0,[855.94   3.5 ],[ 59.94 153.5 ],[0.93455475 0.02229299],[0.94519016 0.        ],0.1,0.04994686503719448
1044,53,1,Popularity_Baseline,0.5,1.0,0.0,1.0,0.0,[855.94   3.51],[ 59.94 154.51],[0.93455475 0.02221238],[0.94519016 0.        ],0.1,0.04994686503719448
1045,180,1,Popularity_Baseline,0.5,1.0,0.0,0.0,0.0,[855.94   3.52],[ 59.94 155.52],[0.93455475 0.0221328 ],[0.94519016 0.        ],0.1,0.04994686503719448
1046,235,1,Popularity_Baseline,0.5,1.0,0.0,0.2,0.0,[855.94   3.53],[ 59.94 156.53],[0.93455475 0.02205423],[0.94519016 0.        ],0.1,0.04994686503719448
1047,250,1,Popularity_Baseline,0.5,1.0,0.0,0.0,0.0,[855.94   3.54],[ 59.94 157.54],[0.93455475 0.02197666],[0.94519016 0.        ],0.1,0.04994686503719448
1048,138,1,Popularity_Baseline,0.5,1.0,0.0,1.0,0.0,[855.94   3.55],[ 59.94 158.55],[0.93455475 0.02190006],[0.94519016 0.        ],0.1,0.04994686503719448
1049,334,1,Popularity_Baseline,0.5,1.0,0.0,0.3,0.0,[855.94   3.56],[ 59.94 159.56],[0.93455475 0.02182442],[0.94519016 0.        ],0.1,0.04994686503719448
1050,558,1,Popularity_Baseline,0.5,1.0,0.0,0.8,0.0,[855.94   3.57],[ 59.94 160.57],[0.93455475 0.02174973],[0.94519016 0.        ],0.1,0.04994686503719448
1051,353,1,Popularity_Baseline,0.5,1.0,0.0,0.0,0.0,[855.94   3.58],[ 59.94 161.58],[0.93455475 0.02167595],[0.94519016 0.        ],0.1,0.04994686503719448
1052,27,1,Popularity_Baseline,0.5,1.0,0.0,0.0,0.0,[855.94   3.59],[ 59.94 162.59],[0.93455475 0.02160308],[0.94519016 0.        ],0.1,0.04994686503719448
1053,211,1,Popularity_Baseline,0.5,1.0,0.0,0.0,0.0,[855.94   3.6 ],[ 59.94 163.6 ],[0.93455475 0.0215311 ],[0.94519016 0.        ],0.1,0.04994686503719448
1054,333,1,Popularity_Baseline,0.5,1.0,0.0,0.0,0.0,[855.94   3.61],[ 59.94 164.61],[0.93455475 0.02145999],[0.94519016 0.        ],0.1,0.04994686503719448
1055,338,1,Popularity_Baseline,0.5,1.0,0.0,0.6,0.0,[855.94   3.62],[ 59.94 165.62],[0.93455475 0.02138974],[0.94519016 0.        ],0.1,0.04994686503719448
1056,415,1,Popularity_Baseline,0.5,1.0,0.0,0.3,0.0,[855.94   3.63],[ 59.94 166.63],[0.93455475 0.02132033],[0.94519016 0.        ],0.1,0.04994686503719448
1057,587,1,Popularity_Baseline,0.5,1.0,0.0,0.0,0.0,[855.94   3.64],[ 59.94 167.64],[0.93455475 0.02125175],[0.94519016 0.        ],0.1,0.04994686503719448
1058,380,1,Popularity_Baseline,0.5,1.0,0.0,0.1,0.0,[855.94   3.65],[ 59.94 168.65],[0.93455475 0.02118398],[0.94519016 0.        ],0.1,0.04994686503719448
1059,222,1,Popularity_Baseline,0.5,1.0,0.0,0.5,0.0,[855.94   3.66],[ 59.94 169.66],[0.93455475 0.02111701],[0.94519016 0.        ],0.1,0.04994686503719448
1060,165,1,Popularity_Baseline,0.5,1.0,0.0,0.7,0.0,[855.94   3.67],[ 59.94 170.67],[0.93455475 0.02105082],[0.94519016 0.        ],0.1,0.04994686503719448
1061,388,1,Popularity_Baseline,0.5,1.0,0.0,1.0,0.0,[855.94   3.68],[ 59.94 171.68],[0.93455475 0.0209854 ],[0.94519016 0.        ],0.1,0.04994686503719448
1062,563,1,Popularity_Baseline,0.5,1.0,0.0,0.9,0.0,[855.94   3.69],[ 59.94 172.69],[0.93455475 0.02092074],[0.94519016 0.        ],0.1,0.04994686503719448
1063,41,1,Popularity_Baseline,0.5,1.0,0.0,0.6,0.0,[855.94   3.7 ],[ 59.94 173.7 ],[0.93455475 0.02085682],[0.94519016 0.        ],0.1,0.04994686503719448
1064,58,1,Popularity_Baseline,0.5,1.0,0.0,0.3,0.0,[855.94   3.71],[ 59.94 174.71],[0.93455475 0.02079363],[0.94519016 0.        ],0.1,0.04994686503719448
1065,587,1,Popularity_Baseline,0.5,1.0,0.0,0.0,0.0,[855.94   3.72],[ 59.94 175.72],[0.93455475 0.02073116],[0.94519016 0.        ],0.1,0.04994686503719448
1066,49,1,Popularity_Baseline,0.5,1.0,0.0,0.5,0.0,[855.94   3.73],[ 59.94 176.73],[0.93455475 0.0206694 ],[0.94519016 0.        ],0.1,0.04994686503719448
1067,245,1,Popularity_Baseline,0.5,1.0,0.0,1.0,0.0,[855.94   3.74],[ 59.94 177.74],[0.93455475 0.02060833],[0.94519016 0.        ],0.1,0.04994686503719448
1068,409,1,Popularity_Baseline,0.5,1.0,0.0,0.6,0.0,[855.94   3.75],[ 59.94 178.75],[0.93455475 0.02054795],[0.94519016 0.        ],0.1,0.04994686503719448
1069,41,1,Popularity_Baseline,0.5,1.0,0.0,0.0,0.0,[855.94   3.76],[ 59.94 179.76],[0.93455475 0.02048823],[0.94519016 0.        ],0.1,0.04994686503719448
1070,461,1,Popularity_Baseline,0.5,1.0,0.0,0.3,0.0,[855.94   3.77],[ 59.94 180.77],[0.93455475 0.02042918],[0.94519016 0.        ],0.1,0.04994686503719448
1071,462,1,Popularity_Baseline,0.5,1.0,0.0,0.2,0.0,[855.94   3.78],[ 59.94 181.78],[0.93455475 0.02037077],[0.94519016 0.        ],0.1,0.04994686503719448
1072,117,1,Popularity_Baseline,0.5,1.0,0.0,0.2,0.0,[855.94   3.79],[ 59.94 182.79],[0.93455475 0.020313  ],[0.94519016 0.        ],0.1,0.04994686503719448
1073,234,1,Popularity_Baseline,0.5,1.0,0.0,0.7,0.0,[855.94   3.8 ],[ 59.94 183.8 ],[0.93455475 0.02025586],[0.94519016 0.        ],0.1,0.04994686503719448
1074,569,1,Popularity_Baseline,0.5,1.0,0.0,0.7,0.0,[855.94   3.81],[ 59.94 184.81],[0.93455475 0.02019934],[0.94519016 0.        ],0.1,0.04994686503719448
1075,18,1,Popularity_Baseline,0.0,0.0,0.0,0.0,0.0,[855.94   3.82],[ 59.94 185.82],[0.93455475 0.02014343],[0.94519016 0.        ],0.1,0.04994686503719448
1076,565,1,Popularity_Baseline,0.5,1.0,0.0,0.6,0.0,[855.94   3.83],[ 59.94 186.83],[0.93455475 0.02008811],[0.94519016 0.        ],0.1,0.04994686503719448
1077,60,1,Popularity_Baseline,0.5,1.0,0.0,0.8,0.0,[855.94   3.84],[ 59.94 187.84],[0.93455475 0.02003339],[0.94519016 0.        ],0.1,0.04994686503719448
1078,28,1,Popularity_Baseline,0.0,0.0,0.0,0.0,0.0,[855.94   3.85],[ 59.94 188.85],[0.93455475 0.01997924],[0.94519016 0.        ],0.1,0.04994686503719448
1079,468,1,Popularity_Baseline,0.5,1.0,0.0,0.0,0.0,[855.94   3.86],[ 59.94 189.86],[0.93455475 0.01992567],[0.94519016 0.        ],0.1,0.04994686503719448
1080,362,1,Popularity_Baseline,0.5,1.0,0.0,0.2,0.0,[855.94   3.87],[ 59.94 190.87],[0.93455475 0.01987265],[0.94519016 0.        ],0.1,0.04994686503719448
1081,436,1,Popularity_Baseline,0.5,1.0,0.0,0.4,0.0,[855.94   3.88],[ 59.94 191.88],[0.93455475 0.01982019],[0.94519016 0.        ],0.1,0.04994686503719448
1082,265,1,Popularity_Baseline,0.5,1.0,0.0,0.3,0.0,[855.94   3.89],[ 59.94 192.89],[0.93455475 0.01976827],[0.94519016 0.        ],0.1,0.04994686503719448
1083,350,1,Popularity_Baseline,0.5,1.0,0.0,0.9,0.0,[855.94   3.9 ],[ 59.94 193.9 ],[0.93455475 0.01971689],[0.94519016 0.        ],0.1,0.04994686503719448
1084,413,1,Popularity_Baseline,0.5,1.0,0.0,0.6,0.0,[855.94   3.91],[ 59.94 194.91],[0.93455475 0.01966603],[0.94519016 0.        ],0.1,0.04994686503719448
1085,123,1,Popularity_Baseline,0.5,1.0,0.0,0.5,0.0,[855.94   3.92],[ 59.94 195.92],[0.93455475 0.01961569],[0.94519016 0.        ],0.1,0.04994686503719448
1086,57,1,Popularity_Baseline,0.5,1.0,0.0,0.1,0.0,[855.94   3.93],[ 59.94 196.93],[0.93455475 0.01956587],[0.94519016 0.        ],0.1,0.04994686503719448
1087,17,1,Popularity_Baseline,0.0,0.0,0.0,0.0,0.0,[855.94   3.94],[ 59.94 197.94],[0.93455475 0.01951654],[0.94519016 0.        ],0.1,0.04994686503719448
1088,227,1,Popularity_Baseline,0.5,1.0,0.0,0.0,0.0,[855.94   3.95],[ 59.94 198.95],[0.93455475 0.01946772],[0.94519016 0.        ],0.1,0.04994686503719448
1089,87,1,Popularity_Baseline,0.5,1.0,0.0,1.0,0.0,[855.94   3.96],[ 59.94 199.96],[0.93455475 0.01941938],[0.94519016 0.        ],0.1,0.04994686503719448
1090,299,1,Popularity_Baseline,0.5,1.0,0.0,1.0,0.0,[855.94   3.97],[ 59.94 200.97],[0.93455475 0.01937152],[0.94519016 0.        ],0.1,0.04994686503719448
1091,21,1,Popularity_Baseline,0.5,1.0,0.0,0.0,0.0,[855.94   3.98],[ 59.94 201.98],[0.93455475 0.01932414],[0.94519016 0.        ],0.1,0.04994686503719448
1092,489,1,Popularity_Baseline,0.5,1.0,0.0,0.3,0.0,[855.94   3.99],[ 59.94 202.99],[0.93455475 0.01927722],[0.94519016 0.        ],0.1,0.04994686503719448
1093,29,1,Popularity_Baseline,0.5,1.0,0.0,0.7,0.0,[855.94   4.  ],[ 59.94 204.  ],[0.93455475 0.01923077],[0.94519016 0.        ],0.1,0.04994686503719448
1094,244,1,Popularity_Baseline,0.5,1.0,0.0,0.5,0.0,[855.94   4.01],[ 59.94 205.01],[0.93455475 0.01918477],[0.94519016 0.        ],0.1,0.04994686503719448
1095,301,1,Popularity_Baseline,0.5,1.0,0.0,0.4,0.0,[855.94   4.02],[ 59.94 206.02],[0.93455475 0.01913921],[0.94519016 0.        ],0.1,0.04994686503719448
1096,516,1,Popularity_Baseline,0.5,1.0,0.0,0.8,0.0,[855.94   4.03],[ 59.94 207.03],[0.93455475 0.0190941 ],[0.94519016 0.        ],0.1,0.04994686503719448
1097,385,1,Popularity_Baseline,0.5,1.0,0.0,0.3,0.0,[855.94   4.04],[ 59.94 208.04],[0.93455475 0.01904942],[0.94519016 0.        ],0.1,0.04994686503719448
1098,556,1,Popularity_Baseline,0.5,1.0,0.0,1.0,0.0,[855.94   4.05],[ 59.94 209.05],[0.93455475 0.01900516],[0.94519016 0.        ],0.1,0.04994686503719448
1099,440,1,Popularity_Baseline,0.5,1.0,0.0,1.0,0.0,[855.94   4.06],[ 59.94 210.06],[0.93455475 0.01896133],[0.94519016 0.        ],0.1,0.04994686503719448
1100,342,1,Popularity_Baseline,0.5,1.0,0.0,1.0,0.0,[855.94   4.07],[ 59.94 211.07],[0.93455475 0.01891791],[0.94519016 0.        ],0.1,0.04994686503719448
1101,485,1,Popularity_Baseline,0.5,1.0,0.0,0.0,0.0,[855.94   4.08],[ 59.94 212.08],[0.93455475 0.01887491],[0.94519016 0.        ],0.1,0.04994686503719448
1102,290,1,Popularity_Baseline,0.5,1.0,0.0,0.5,0.0,[855.94   4.09],[ 59.94 213.09],[0.93455475 0.01883231],[0.94519016 0.        ],0.1,0.04994686503719448
1103,525,1,Popularity_Baseline,0.5,1.0,0.0,0.3,0.0,[855.94   4.1 ],[ 59.94 214.1 ],[0.93455475 0.0187901 ],[0.94519016 0.        ],0.1,0.04994686503719448
1104,320,1,Popularity_Baseline,0.5,1.0,0.0,1.0,0.0,[855.94   4.11],[ 59.94 215.11],[0.93455475 0.01874829],[0.94519016 0.        ],0.1,0.04994686503719448
1105,111,1,Popularity_Baseline,0.5,1.0,0.0,0.5,0.0,[855.94   4.12],[ 59.94 216.12],[0.93455475 0.01870687],[0.94519016 0.        ],0.1,0.04994686503719448
1106,598,1,Popularity_Baseline,0.5,1.0,0.0,0.0,0.0,[855.94   4.13],[ 59.94 217.13],[0.93455475 0.01866582],[0.94519016 0.        ],0.1,0.04994686503719448
1107,193,1,Popularity_Baseline,0.5,1.0,0.0,0.3,0.0,[855.94   4.14],[ 59.94 218.14],[0.93455475 0.01862516],[0.94519016 0.        ],0.1,0.04994686503719448
1108,477,1,Popularity_Baseline,0.5,1.0,0.0,0.1,0.0,[855.94   4.15],[ 59.94 219.15],[0.93455475 0.01858486],[0.94519016 0.        ],0.1,0.04994686503719448
1109,112,1,Popularity_Baseline,0.5,1.0,0.0,0.4,0.0,[855.94   4.16],[ 59.94 220.16],[0.93455475 0.01854494],[0.94519016 0.        ],0.1,0.04994686503719448
1110,451,1,Popularity_Baseline,0.5,1.0,0.0,0.9,0.0,[855.94   4.17],[ 59.94 221.17],[0.93455475 0.01850537],[0.94519016 0.        ],0.1,0.04994686503719448
1111,52,1,Popularity_Baseline,0.5,1.0,0.0,0.6,0.0,[855.94   4.18],[ 59.94 222.18],[0.93455475 0.01846616],[0.94519016 0.        ],0.1,0.04994686503719448
1112,366,1,Popularity_Baseline,0.5,1.0,0.0,0.0,0.0,[855.94   4.19],[ 59.94 223.19],[0.93455475 0.0184273 ],[0.94519016 0.        ],0.1,0.04994686503719448
1113,531,1,Popularity_Baseline,0.5,1.0,0.0,0.7,0.0,[855.94   4.2 ],[ 59.94 224.2 ],[0.93455475 0.01838879],[0.94519016 0.        ],0.1,0.04994686503719448
1114,489,1,Popularity_Baseline,0.5,1.0,0.0,0.0,0.0,[855.94   4.21],[ 59.94 225.21],[0.93455475 0.01835062],[0.94519016 0.        ],0.1,0.04994686503719448
1115,583,1,Popularity_Baseline,0.5,1.0,0.0,0.0,0.0,[855.94   4.22],[ 59.94 226.22],[0.93455475 0.01831279],[0.94519016 0.        ],0.1,0.04994686503719448
1116,144,1,Popularity_Baseline,0.5,1.0,0.0,0.2,0.0,[855.94   4.23],[ 59.94 227.23],[0.93455475 0.0182753 ],[0.94519016 0.        ],0.1,0.04994686503719448
1117,459,1,Popularity_Baseline,0.5,1.0,0.0,0.8,0.0,[855.94   4.24],[ 59.94 228.24],[0.93455475 0.01823813],[0.94519016 0.        ],0.1,0.04994686503719448
1118,15,1,Popularity_Baseline,0.5,1.0,0.0,0.0,0.0,[855.94   4.25],[ 59.94 229.25],[0.93455475 0.01820128],[0.94519016 0.        ],0.1,0.04994686503719448
1119,587,1,Popularity_Baseline,0.5,1.0,0.0,0.0,0.0,[855.94   4.26],[ 59.94 230.26],[0.93455475 0.01816476],[0.94519016 0.        ],0.1,0.04994686503719448
1120,610,1,Popularity_Baseline,0.0,0.0,0.0,0.0,0.0,[855.94   4.27],[ 59.94 231.27],[0.93455475 0.01812856],[0.94519016 0.        ],0.1,0.04994686503719448
1121,480,1,Popularity_Baseline,0.0,0.0,0.0,0.0,0.0,[855.94   4.28],[ 59.94 232.28],[0.93455475 0.01809266],[0.94519016 0.        ],0.1,0.04994686503719448
1122,34,1,Popularity_Baseline,0.5,1.0,0.0,0.5,0.0,[855.94   4.29],[ 59.94 233.29],[0.93455475 0.01805708],[0.94519016 0.        ],0.1,0.04994686503719448
1123,318,1,Popularity_Baseline,0.5,1.0,0.0,0.2,0.0,[855.94   4.3 ],[ 59.94 234.3 ],[0.93455475 0.01802179],[0.94519016 0.        ],0.1,0.04994686503719448
1124,504,1,Popularity_Baseline,0.5,1.0,0.0,0.9,0.0,[855.94   4.31],[ 59.94 235.31],[0.93455475 0.01798681],[0.94519016 0.        ],0.1,0.04994686503719448
1125,275,1,Popularity_Baseline,0.5,1.0,0.0,0.2,0.0,[855.94   4.32],[ 59.94 236.32],[0.93455475 0.01795213],[0.94519016 0.        ],0.1,0.04994686503719448
1126,143,1,Popularity_Baseline,0.5,1.0,0.0,0.0,0.0,[855.94   4.33],[ 59.94 237.33],[0.93455475 0.01791774],[0.94519016 0.        ],0.1,0.04994686503719448
1127,485,1,Popularity_Baseline,0.5,1.0,0.0,0.0,0.0,[855.94   4.34],[ 59.94 238.34],[0.93455475 0.01788363],[0.94519016 0.        ],0.1,0.04994686503719448
1128,88,1,Popularity_Baseline,0.5,1.0,0.0,0.8,0.0,[855.94   4.35],[ 59.94 239.35],[0.93455475 0.01784982],[0.94519016 0.        ],0.1,0.04994686503719448
1129,426,1,Popularity_Baseline,0.5,1.0,0.0,0.0,0.0,[855.94   4.36],[ 59.94 240.36],[0.93455475 0.01781628],[0.94519016 0.        ],0.1,0.04994686503719448
1130,64,1,Popularity_Baseline,0.0,0.0,0.0,0.0,0.0,[855.94   4.37],[ 59.94 241.37],[0.93455475 0.01778302],[0.94519016 0.        ],0.1,0.04994686503719448
1131,573,1,Popularity_Baseline,0.5,1.0,0.0,0.1,0.0,[855.94   4.38],[ 59.94 242.38],[0.93455475 0.01775004],[0.94519016 0.        ],0.1,0.04994686503719448
1132,165,1,Popularity_Baseline,0.5,1.0,0.0,0.0,0.0,[855.94   4.39],[ 59.94 243.39],[0.93455475 0.01771733],[0.94519016 0.        ],0.1,0.04994686503719448
1133,293,1,Popularity_Baseline,0.5,1.0,0.0,0.9,0.0,[855.94   4.4 ],[ 59.94 244.4 ],[0.93455475 0.01768489],[0.94519016 0.        ],0.1,0.04994686503719448
1134,576,1,Popularity_Baseline,0.5,1.0,0.0,0.0,0.0,[855.94   4.41],[ 59.94 245.41],[0.93455475 0.01765271],[0.94519016 0.        ],0.1,0.04994686503719448
1135,321,1,Popularity_Baseline,0.5,1.0,0.0,0.6,0.0,[855.94   4.42],[ 59.94 246.42],[0.93455475 0.01762079],[0.94519016 0.        ],0.1,0.04994686503719448
1136,600,1,Popularity_Baseline,0.0,0.0,0.0,0.0,0.0,[855.94   4.43],[ 59.94 247.43],[0.93455475 0.01758914],[0.94519016 0.        ],0.1,0.04994686503719448
1137,152,1,Popularity_Baseline,0.5,1.0,0.0,0.4,0.0,[855.94   4.44],[ 59.94 248.44],[0.93455475 0.01755773],[0.94519016 0.        ],0.1,0.04994686503719448
1138,320,1,Popularity_Baseline,0.5,1.0,0.0,0.0,0.0,[855.94   4.45],[ 59.94 249.45],[0.93455475 0.01752659],[0.94519016 0.        ],0.1,0.04994686503719448
1139,202,1,Popularity_Baseline,0.5,1.0,0.0,0.1,0.0,[855.94   4.46],[ 59.94 250.46],[0.93455475 0.01749568],[0.94519016 0.        ],0.1,0.04994686503719448
1140,297,1,Popularity_Baseline,0.5,1.0,0.0,0.8,0.0,[855.94   4.47],[ 59.94 251.47],[0.93455475 0.01746503],[0.94519016 0.        ],0.1,0.04994686503719448
1141,120,1,Popularity_Baseline,0.5,1.0,0.0,0.0,0.0,[855.94   4.48],[ 59.94 252.48],[0.93455475 0.01743462],[0.94519016 0.        ],0.1,0.04994686503719448
1142,434,1,Popularity_Baseline,0.0,0.0,0.0,0.0,0.0,[855.94   4.49],[ 59.94 253.49],[0.93455475 0.01740445],[0.94519016 0.        ],0.1,0.04994686503719448
1143,303,1,Popularity_Baseline,0.5,1.0,0.0,0.6,0.0,[855.94   4.5 ],[ 59.94 254.5 ],[0.93455475 0.01737452],[0.94519016 0.        ],0.1,0.04994686503719448
1144,32,1,Popularity_Baseline,0.5,1.0,0.0,0.5,0.0,[855.94   4.51],[ 59.94 255.51],[0.93455475 0.01734482],[0.94519016 0.        ],0.1,0.04994686503719448
1145,325,1,Popularity_Baseline,0.5,1.0,0.0,0.6,0.0,[855.94   4.52],[ 59.94 256.52],[0.93455475 0.01731535],[0.94519016 0.        ],0.1,0.04994686503719448
1146,54,1,Popularity_Baseline,0.5,1.0,0.0,0.3,0.0,[855.94   4.53],[ 59.94 257.53],[0.93455475 0.01728612],[0.94519016 0.        ],0.1,0.04994686503719448
1147,495,1,Popularity_Baseline,0.5,1.0,0.0,0.0,0.0,[855.94   4.54],[ 59.94 258.54],[0.93455475 0.01725711],[0.94519016 0.        ],0.1,0.04994686503719448
1148,487,1,Popularity_Baseline,0.5,1.0,0.0,0.6,0.0,[855.94   4.55],[ 59.94 259.55],[0.93455475 0.01722832],[0.94519016 0.        ],0.1,0.04994686503719448
1149,343,1,Popularity_Baseline,0.5,1.0,0.0,0.4,0.0,[855.94   4.56],[ 59.94 260.56],[0.93455475 0.01719976],[0.94519016 0.        ],0.1,0.04994686503719448
1150,461,1,Popularity_Baseline,0.5,1.0,0.0,0.0,0.0,[855.94   4.57],[ 59.94 261.57],[0.93455475 0.01717141],[0.94519016 0.        ],0.1,0.04994686503719448
1151,279,1,Popularity_Baseline,0.5,1.0,0.0,0.1,0.0,[855.94   4.58],[ 59.94 262.58],[0.93455475 0.01714328],[0.94519016 0.        ],0.1,0.04994686503719448
1152,332,1,Popularity_Baseline,0.5,1.0,0.0,0.1,0.0,[855.94   4.59],[ 59.94 263.59],[0.93455475 0.01711537],[0.94519016 0.        ],0.1,0.04994686503719448
1153,135,1,Popularity_Baseline,0.5,1.0,0.0,0.0,0.0,[855.94   4.6 ],[ 59.94 264.6 ],[0.93455475 0.01708767],[0.94519016 0.        ],0.1,0.04994686503719448
1154,51,1,Popularity_Baseline,0.5,1.0,0.0,0.6,0.0,[855.94   4.61],[ 59.94 265.61],[0.93455475 0.01706017],[0.94519016 0.        ],0.1,0.04994686503719448
1155,8,1,Popularity_Baseline,0.5,1.0,0.0,0.3,0.0,[855.94   4.62],[ 59.94 266.62],[0.93455475 0.01703289],[0.94519016 0.        ],0.1,0.04994686503719448
1156,315,1,Popularity_Baseline,0.5,1.0,0.0,0.0,0.0,[855.94   4.63],[ 59.94 267.63],[0.93455475 0.0170058 ],[0.94519016 0.        ],0.1,0.04994686503719448
1157,373,1,Popularity_Baseline,0.5,1.0,0.0,0.2,0.0,[855.94   4.64],[ 59.94 268.64],[0.93455475 0.01697892],[0.94519016 0.        ],0.1,0.04994686503719448
1158,522,1,Popularity_Baseline,0.5,1.0,0.0,0.0,0.0,[855.94   4.65],[ 59.94 269.65],[0.93455475 0.01695224],[0.94519016 0.        ],0.1,0.04994686503719448
1159,574,1,Popularity_Baseline,0.5,1.0,0.0,0.6,0.0,[855.94   4.66],[ 59.94 270.66],[0.93455475 0.01692576],[0.94519016 0.        ],0.1,0.04994686503719448
1160,385,1,Popularity_Baseline,0.5,1.0,0.0,0.0,0.0,[855.94   4.67],[ 59.94 271.67],[0.93455475 0.01689947],[0.94519016 0.        ],0.1,0.04994686503719448
1161,429,1,Popularity_Baseline,0.5,1.0,0.0,1.0,0.0,[855.94   4.68],[ 59.94 272.68],[0.93455475 0.01687338],[0.94519016 0.        ],0.1,0.04994686503719448
1162,431,1,Popularity_Baseline,0.5,1.0,0.0,1.0,0.0,[855.94   4.69],[ 59.94 273.69],[0.93455475 0.01684747],[0.94519016 0.        ],0.1,0.04994686503719448
1163,289,1,Popularity_Baseline,0.5,1.0,0.0,1.0,0.0,[855.94   4.7 ],[ 59.94 274.7 ],[0.93455475 0.01682176],[0.94519016 0.        ],0.1,0.04994686503719448
1164,475,1,Popularity_Baseline,0.5,1.0,0.0,0.7,0.0,[855.94   4.71],[ 59.94 275.71],[0.93455475 0.01679623],[0.94519016 0.        ],0.1,0.04994686503719448
1165,431,1,Popularity_Baseline,0.5,1.0,0.0,0.0,0.0,[855.94   4.72],[ 59.94 276.72],[0.93455475 0.01677089],[0.94519016 0.        ],0.1,0.04994686503719448
1166,450,1,Popularity_Baseline,0.5,1.0,0.0,0.7,0.0,[855.94   4.73],[ 59.94 277.73],[0.93455475 0.01674573],[0.94519016 0.        ],0.1,0.04994686503719448
1167,77,1,Popularity_Baseline,0.5,1.0,0.0,0.0,0.0,[855.94   4.74],[ 59.94 278.74],[0.93455475 0.01672076],[0.94519016 0.        ],0.1,0.04994686503719448
1168,440,1,Popularity_Baseline,0.5,1.0,0.0,0.0,0.0,[855.94   4.75],[ 59.94 279.75],[0.93455475 0.01669596],[0.94519016 0.        ],0.1,0.04994686503719448
1169,547,1,Popularity_Baseline,0.5,1.0,0.0,1.0,0.0,[855.94   4.76],[ 59.94 280.76],[0.93455475 0.01667134],[0.94519016 0.        ],0.1,0.04994686503719448
1170,221,1,Popularity_Baseline,0.5,1.0,0.0,0.2,0.0,[855.94   4.77],[ 59.94 281.77],[0.93455475 0.01664689],[0.94519016 0.        ],0.1,0.04994686503719448
1171,266,1,Popularity_Baseline,0.5,1.0,0.0,0.3,0.0,[855.94   4.78],[ 59.94 282.78],[0.93455475 0.01662262],[0.94519016 0.        ],0.1,0.04994686503719448
1172,501,1,Popularity_Baseline,0.5,1.0,0.0,1.0,0.0,[855.94   4.79],[ 59.94 283.79],[0.93455475 0.01659852],[0.94519016 0.        ],0.1,0.04994686503719448
1173,439,1,Popularity_Baseline,0.5,1.0,0.0,0.0,0.0,[855.94   4.8 ],[ 59.94 284.8 ],[0.93455475 0.01657459],[0.94519016 0.        ],0.1,0.04994686503719448
1174,473,1,Popularity_Baseline,0.5,1.0,0.0,0.9,0.0,[855.94   4.81],[ 59.94 285.81],[0.93455475 0.01655082],[0.94519016 0.        ],0.1,0.04994686503719448
1175,545,1,Popularity_Baseline,0.5,1.0,0.0,1.0,0.0,[855.94   4.82],[ 59.94 286.82],[0.93455475 0.01652723],[0.94519016 0.        ],0.1,0.04994686503719448
1176,589,1,Popularity_Baseline,0.5,1.0,0.0,0.5,0.0,[855.94   4.83],[ 59.94 287.83],[0.93455475 0.01650379],[0.94519016 0.        ],0.1,0.04994686503719448
1177,274,1,Popularity_Baseline,0.0,0.0,0.0,0.0,0.0,[855.94   4.84],[ 59.94 288.84],[0.93455475 0.01648052],[0.94519016 0.        ],0.1,0.04994686503719448
1178,469,1,Popularity_Baseline,0.5,1.0,0.0,0.1,0.0,[855.94   4.85],[ 59.94 289.85],[0.93455475 0.01645741],[0.94519016 0.        ],0.1,0.04994686503719448
1179,146,1,Popularity_Baseline,0.5,1.0,0.0,1.0,0.0,[855.94   4.86],[ 59.94 290.86],[0.93455475 0.01643447],[0.94519016 0.        ],0.1,0.04994686503719448
1180,275,1,Popularity_Baseline,0.5,1.0,0.0,0.0,0.0,[855.94   4.87],[ 59.94 291.87],[0.93455475 0.01641167],[0.94519016 0.        ],0.1,0.04994686503719448
1181,557,1,Popularity_Baseline,0.5,1.0,0.0,0.6,0.0,[855.94   4.88],[ 59.94 292.88],[0.93455475 0.01638904],[0.94519016 0.        ],0.1,0.04994686503719448
1182,13,1,Popularity_Baseline,0.5,1.0,0.0,0.9,0.0,[855.94   4.89],[ 59.94 293.89],[0.93455475 0.01636656],[0.94519016 0.        ],0.1,0.04994686503719448
1183,165,1,Popularity_Baseline,0.5,1.0,0.0,0.0,0.0,[855.94   4.9 ],[ 59.94 294.9 ],[0.93455475 0.01634423],[0.94519016 0.        ],0.1,0.04994686503719448
1184,320,1,Popularity_Baseline,0.5,1.0,0.0,0.0,0.0,[855.94   4.91],[ 59.94 295.91],[0.93455475 0.01632205],[0.94519016 0.        ],0.1,0.04994686503719448
1185,244,1,Popularity_Baseline,0.5,1.0,0.0,0.0,0.0,[855.94   4.92],[ 59.94 296.92],[0.93455475 0.01630003],[0.94519016 0.        ],0.1,0.04994686503719448
1186,25,1,Popularity_Baseline,0.5,1.0,0.0,0.7,0.0,[855.94   4.93],[ 59.94 297.93],[0.93455475 0.01627815],[0.94519016 0.        ],0.1,0.04994686503719448
1187,340,1,Popularity_Baseline,0.5,1.0,0.0,0.0,0.0,[855.94   4.94],[ 59.94 298.94],[0.93455475 0.01625642],[0.94519016 0.        ],0.1,0.04994686503719448
1188,313,1,Popularity_Baseline,0.5,1.0,0.0,0.3,0.0,[855.94   4.95],[ 59.94 299.95],[0.93455475 0.01623483],[0.94519016 0.        ],0.1,0.04994686503719448
1189,116,1,Popularity_Baseline,0.5,1.0,0.0,0.5,0.0,[855.94   4.96],[ 59.94 300.96],[0.93455475 0.01621339],[0.94519016 0.        ],0.1,0.04994686503719448
1190,70,1,Popularity_Baseline,0.5,1.0,0.0,0.7,0.0,[855.94   4.97],[ 59.94 301.97],[0.93455475 0.01619209],[0.94519016 0.        ],0.1,0.04994686503719448
1191,541,1,Popularity_Baseline,0.5,1.0,0.0,0.4,0.0,[855.94   4.98],[ 59.94 302.98],[0.93455475 0.01617093],[0.94519016 0.        ],0.1,0.04994686503719448
1192,301,1,Popularity_Baseline,0.5,1.0,0.0,0.0,0.0,[855.94   4.99],[ 59.94 303.99],[0.93455475 0.01614991],[0.94519016 0.        ],0.1,0.04994686503719448
1193,235,1,Popularity_Baseline,0.5,1.0,0.0,0.0,0.0,[855.94   5.  ],[ 59.94 305.  ],[0.93455475 0.01612903],[0.94519016 0.        ],0.1,0.04994686503719448
1194,71,1,Popularity_Baseline,0.5,1.0,0.0,0.8,0.0,[855.94   5.01],[ 59.94 306.01],[0.93455475 0.01610829],[0.94519016 0.        ],0.1,0.04994686503719448
1195,377,1,Popularity_Baseline,0.5,1.0,0.0,1.0,0.0,[855.94   5.02],[ 59.94 307.02],[0.93455475 0.01608768],[0.94519016 0.        ],0.1,0.04994686503719448
1196,255,1,Popularity_Baseline,0.5,1.0,0.0,1.0,0.0,[855.94   5.03],[ 59.94 308.03],[0.93455475 0.01606721],[0.94519016 0.        ],0.1,0.04994686503719448
1197,495,1,Popularity_Baseline,0.5,1.0,0.0,0.0,0.0,[855.94   5.04],[ 59.94 309.04],[0.93455475 0.01604687],[0.94519016 0.        ],0.1,0.04994686503719448
1198,205,1,Popularity_Baseline,0.5,1.0,0.0,0.8,0.0,[855.94   5.05],[ 59.94 310.05],[0.93455475 0.01602666],[0.94519016 0.        ],0.1,0.04994686503719448
1199,502,1,Popularity_Baseline,0.5,1.0,0.0,0.9,0.0,[855.94   5.06],[ 59.94 311.06],[0.93455475 0.01600658],[0.94519016 0.        ],0.1,0.04994686503719448
1200,380,1,Popularity_Baseline,0.5,1.0,0.0,0.0,0.0,[855.94   5.07],[ 59.94 312.07],[0.93455475 0.01598663],[0.94519016 0.        ],0.1,0.04994686503719448
1201,480,1,Popularity_Baseline,0.0,0.0,0.0,0.0,0.0,[855.94   5.08],[ 59.94 313.08],[0.93455475 0.01596681],[0.94519016 0.        ],0.1,0.04994686503719448
1202,128,1,Popularity_Baseline,0.5,1.0,0.0,0.0,0.0,[855.94   5.09],[ 59.94 314.09],[0.93455475 0.01594711],[0.94519016 0.        ],0.1,0.04994686503719448
1203,196,1,Popularity_Baseline,0.5,1.0,0.0,0.0,0.0,[855.94   5.1 ],[ 59.94 315.1 ],[0.93455475 0.01592755],[0.94519016 0.        ],0.1,0.04994686503719448
1204,326,1,Popularity_Baseline,0.5,1.0,0.0,0.3,0.0,[855.94   5.11],[ 59.94 316.11],[0.93455475 0.0159081 ],[0.94519016 0.        ],0.1,0.04994686503719448
1205,46,1,Popularity_Baseline,0.5,1.0,0.0,0.7,0.0,[855.94   5.12],[ 59.94 317.12],[0.93455475 0.01588878],[0.94519016 0.        ],0.1,0.04994686503719448
1206,170,1,Popularity_Baseline,0.5,1.0,0.0,0.4,0.0,[855.94   5.13],[ 59.94 318.13],[0.93455475 0.01586958],[0.94519016 0.        ],0.1,0.04994686503719448
1207,287,1,Popularity_Baseline,0.5,1.0,0.0,0.8,0.0,[855.94   5.14],[ 59.94 319.14],[0.93455475 0.0158505 ],[0.94519016 0.        ],0.1,0.04994686503719448
1208,349,1,Popularity_Baseline,0.5,1.0,0.0,0.4,0.0,[855.94   5.15],[ 59.94 320.15],[0.93455475 0.01583154],[0.94519016 0.        ],0.1,0.04994686503719448
1209,516,1,Popularity_Baseline,0.5,1.0,0.0,0.0,0.0,[855.94   5.16],[ 59.94 321.16],[0.93455475 0.0158127 ],[0.94519016 0.        ],0.1,0.04994686503719448
1210,237,1,Popularity_Baseline,0.5,1.0,0.0,0.7,0.0,[855.94   5.17],[ 59.94 322.17],[0.93455475 0.01579398],[0.94519016 0.        ],0.1,0.04994686503719448
1211,224,1,Popularity_Baseline,0.5,1.0,0.0,0.6,0.0,[855.94   5.18],[ 59.94 323.18],[0.93455475 0.01577537],[0.94519016 0.        ],0.1,0.04994686503719448
1212,238,1,Popularity_Baseline,0.5,1.0,0.0,0.9,0.0,[855.94   5.19],[ 59.94 324.19],[0.93455475 0.01575688],[0.94519016 0.        ],0.1,0.04994686503719448
1213,1,1,Popularity_Baseline,0.5,1.0,0.0,0.2,0.0,[855.94   5.2 ],[ 59.94 325.2 ],[0.93455475 0.0157385 ],[0.94519016 0.        ],0.1,0.04994686503719448
1214,374,1,Popularity_Baseline,0.5,1.0,0.0,0.0,0.0,[855.94   5.21],[ 59.94 326.21],[0.93455475 0.01572023],[0.94519016 0.        ],0.1,0.04994686503719448
1215,23,1,Popularity_Baseline,0.5,1.0,0.0,0.9,0.0,[855.94   5.22],[ 59.94 327.22],[0.93455475 0.01570208],[0.94519016 0.        ],0.1,0.04994686503719448
1216,349,1,Popularity_Baseline,0.5,1.0,0.0,0.0,0.0,[855.94   5.23],[ 59.94 328.23],[0.93455475 0.01568404],[0.94519016 0.        ],0.1,0.04994686503719448
1217,571,1,Popularity_Baseline,0.5,1.0,0.0,1.0,0.0,[855.94   5.24],[ 59.94 329.24],[0.93455475 0.01566611],[0.94519016 0.        ],0.1,0.04994686503719448
1218,601,1,Popularity_Baseline,0.5,1.0,0.0,0.7,0.0,[855.94   5.25],[ 59.94 330.25],[0.93455475 0.01564829],[0.94519016 0.        ],0.1,0.04994686503719448
1219,44,1,Popularity_Baseline,0.5,1.0,0.0,0.9,0.0,[855.94   5.26],[ 59.94 331.26],[0.93455475 0.01563057],[0.94519016 0.        ],0.1,0.04994686503719448
1220,413,1,Popularity_Baseline,0.5,1.0,0.0,0.0,0.0,[855.94   5.27],[ 59.94 332.27],[0.93455475 0.01561296],[0.94519016 0.        ],0.1,0.04994686503719448
1221,588,1,Popularity_Baseline,0.5,1.0,0.0,0.2,0.0,[855.94   5.28],[ 59.94 333.28],[0.93455475 0.01559546],[0.94519016 0.        ],0.1,0.04994686503719448
1222,317,1,Popularity_Baseline,0.5,1.0,0.0,0.2,0.0,[855.94   5.29],[ 59.94 334.29],[0.93455475 0.01557807],[0.94519016 0.        ],0.1,0.04994686503719448
1223,247,1,Popularity_Baseline,0.0,0.0,0.0,0.0,0.0,[855.94   5.3 ],[ 59.94 335.3 ],[0.93455475 0.01556078],[0.94519016 0.        ],0.1,0.04994686503719448
1224,167,1,Popularity_Baseline,0.5,1.0,0.0,0.0,0.0,[855.94   5.31],[ 59.94 336.31],[0.93455475 0.01554359],[0.94519016 0.        ],0.1,0.04994686503719448
1225,420,1,Popularity_Baseline,0.5,1.0,0.0,0.4,0.0,[855.94   5.32],[ 59.94 337.32],[0.93455475 0.0155265 ],[0.94519016 0.        ],0.1,0.04994686503719448
1226,115,1,Popularity_Baseline,0.5,1.0,0.0,0.3,0.0,[855.94   5.33],[ 59.94 338.33],[0.93455475 0.01550952],[0.94519016 0.        ],0.1,0.04994686503719448
1227,533,1,Popularity_Baseline,0.5,1.0,0.0,0.0,0.0,[855.94   5.34],[ 59.94 339.34],[0.93455475 0.01549263],[0.94519016 0.        ],0.1,0.04994686503719448
1228,431,1,Popularity_Baseline,0.5,1.0,0.0,0.0,0.0,[855.94   5.35],[ 59.94 340.35],[0.93455475 0.01547585],[0.94519016 0.        ],0.1,0.04994686503719448
1229,341,1,Popularity_Baseline,0.5,1.0,0.0,0.8,0.0,[855.94   5.36],[ 59.94 341.36],[0.93455475 0.01545916],[0.94519016 0.        ],0.1,0.04994686503719448
1230,42,1,Popularity_Baseline,0.5,1.0,0.0,0.0,0.0,[855.94   5.37],[ 59.94 342.37],[0.93455475 0.01544257],[0.94519016 0.        ],0.1,0.04994686503719448
1231,52,1,Popularity_Baseline,0.5,1.0,0.0,0.0,0.0,[855.94   5.38],[ 59.94 343.38],[0.93455475 0.01542608],[0.94519016 0.        ],0.1,0.04994686503719448
1232,578,1,Popularity_Baseline,0.5,1.0,0.0,1.0,0.0,[855.94   5.39],[ 59.94 344.39],[0.93455475 0.01540969],[0.94519016 0.        ],0.1,0.04994686503719448
1233,240,1,Popularity_Baseline,0.5,1.0,0.0,0.4,0.0,[855.94   5.4 ],[ 59.94 345.4 ],[0.93455475 0.01539339],[0.94519016 0.        ],0.1,0.04994686503719448
1234,127,1,Popularity_Baseline,0.5,1.0,0.0,0.0,0.0,[855.94   5.41],[ 59.94 346.41],[0.93455475 0.01537718],[0.94519016 0.        ],0.1,0.04994686503719448
1235,115,1,Popularity_Baseline,0.5,1.0,0.0,0.0,0.0,[855.94   5.42],[ 59.94 347.42],[0.93455475 0.01536107],[0.94519016 0.        ],0.1,0.04994686503719448
1236,534,1,Popularity_Baseline,0.5,1.0,0.0,0.0,0.0,[855.94   5.43],[ 59.94 348.43],[0.93455475 0.01534505],[0.94519016 0.        ],0.1,0.04994686503719448
1237,208,1,Popularity_Baseline,0.5,1.0,0.0,0.7,0.0,[855.94   5.44],[ 59.94 349.44],[0.93455475 0.01532913],[0.94519016 0.        ],0.1,0.04994686503719448
1238,312,1,Popularity_Baseline,0.5,1.0,0.0,0.3,0.0,[855.94   5.45],[ 59.94 350.45],[0.93455475 0.01531329],[0.94519016 0.        ],0.1,0.04994686503719448
1239,44,1,Popularity_Baseline,0.5,1.0,0.0,0.0,0.0,[855.94   5.46],[ 59.94 351.46],[0.93455475 0.01529755],[0.94519016 0.        ],0.1,0.04994686503719448
1240,3,1,Popularity_Baseline,0.5,1.0,0.0,0.9,0.0,[855.94   5.47],[ 59.94 352.47],[0.93455475 0.01528189],[0.94519016 0.        ],0.1,0.04994686503719448
1241,335,1,Popularity_Baseline,0.5,1.0,0.0,0.27,0.0,[855.94   5.48],[ 59.94 353.48],[0.93455475 0.01526632],[0.94519016 0.        ],0.1,0.04994686503719448
1242,351,1,Popularity_Baseline,0.5,1.0,0.0,0.5,0.0,[855.94   5.49],[ 59.94 354.49],[0.93455475 0.01525085],[0.94519016 0.        ],0.1,0.04994686503719448
1243,507,1,Popularity_Baseline,0.5,1.0,0.0,0.5,0.0,[855.94   5.5 ],[ 59.94 355.5 ],[0.93455475 0.01523546],[0.94519016 0.        ],0.1,0.04994686503719448
1244,510,1,Popularity_Baseline,0.5,1.0,0.0,0.7,0.0,[855.94   5.51],[ 59.94 356.51],[0.93455475 0.01522015],[0.94519016 0.        ],0.1,0.04994686503719448
1245,322,1,Popularity_Baseline,0.5,1.0,0.0,0.4,0.0,[855.94   5.52],[ 59.94 357.52],[0.93455475 0.01520494],[0.94519016 0.        ],0.1,0.04994686503719448
1246,444,1,Popularity_Baseline,0.5,1.0,0.0,0.2,0.0,[855.94   5.53],[ 59.94 358.53],[0.93455475 0.0151898 ],[0.94519016 0.        ],0.1,0.04994686503719448
1247,122,1,Popularity_Baseline,0.5,1.0,0.0,0.2,0.0,[855.94   5.54],[ 59.94 359.54],[0.93455475 0.01517476],[0.94519016 0.        ],0.1,0.04994686503719448
1248,548,1,Popularity_Baseline,0.5,1.0,0.0,0.7,0.0,[855.94   5.55],[ 59.94 360.55],[0.93455475 0.01515979],[0.94519016 0.        ],0.1,0.04994686503719448
1249,282,1,Popularity_Baseline,0.5,1.0,0.0,0.1,0.0,[855.94   5.56],[ 59.94 361.56],[0.93455475 0.01514491],[0.94519016 0.        ],0.1,0.04994686503719448
1250,276,1,Popularity_Baseline,0.5,1.0,0.0,0.7,0.0,[855.94   5.57],[ 59.94 362.57],[0.93455475 0.01513011],[0.94519016 0.        ],0.1,0.04994686503719448
1251,245,1,Popularity_Baseline,0.5,1.0,0.0,0.0,0.0,[855.94   5.58],[ 59.94 363.58],[0.93455475 0.0151154 ],[0.94519016 0.        ],0.1,0.04994686503719448
1252,107,1,Popularity_Baseline,0.5,1.0,0.0,0.7,0.0,[855.94   5.59],[ 59.94 364.59],[0.93455475 0.01510076],[0.94519016 0.        ],0.1,0.04994686503719448
1253,592,1,Popularity_Baseline,0.5,1.0,0.0,0.0,0.0,[855.94   5.6 ],[ 59.94 365.6 ],[0.93455475 0.01508621],[0.94519016 0.        ],0.1,0.04994686503719448
1254,593,1,Popularity_Baseline,0.5,1.0,0.0,0.3,0.0,[855.94   5.61],[ 59.94 366.61],[0.93455475 0.01507173],[0.94519016 0.        ],0.1,0.04994686503719448
1255,217,1,Popularity_Baseline,0.5,1.0,0.0,0.3,0.0,[855.94   5.62],[ 59.94 367.62],[0.93455475 0.01505734],[0.94519016 0.        ],0.1,0.04994686503719448
1256,485,1,Popularity_Baseline,0.5,1.0,0.0,0.0,0.0,[855.94   5.63],[ 59.94 368.63],[0.93455475 0.01504302],[0.94519016 0.        ],0.1,0.04994686503719448
1257,443,1,Popularity_Baseline,0.5,1.0,0.0,0.0,0.0,[855.94   5.64],[ 59.94 369.64],[0.93455475 0.01502878],[0.94519016 0.        ],0.1,0.04994686503719448
1258,72,1,Popularity_Baseline,0.5,1.0,0.0,0.1,0.0,[855.94   5.65],[ 59.94 370.65],[0.93455475 0.01501462],[0.94519016 0.        ],0.1,0.04994686503719448
1259,98,1,Popularity_Baseline,0.5,1.0,0.0,0.8,0.0,[855.94   5.66],[ 59.94 371.66],[0.93455475 0.01500053],[0.94519016 0.        ],0.1,0.04994686503719448
1260,80,1,Popularity_Baseline,0.5,1.0,0.0,0.0,0.0,[855.94   5.67],[ 59.94 372.67],[0.93455475 0.01498652],[0.94519016 0.        ],0.1,0.04994686503719448
1261,498,1,Popularity_Baseline,0.5,1.0,0.0,0.0,0.0,[855.94   5.68],[ 59.94 373.68],[0.93455475 0.01497259],[0.94519016 0.        ],0.1,0.04994686503719448
1262,541,1,Popularity_Baseline,0.5,1.0,0.0,0.0,0.0,[855.94   5.69],[ 59.94 374.69],[0.93455475 0.01495873],[0.94519016 0.        ],0.1,0.04994686503719448
1263,125,1,Popularity_Baseline,0.5,1.0,0.0,0.3,0.0,[855.94   5.7 ],[ 59.94 375.7 ],[0.93455475 0.01494494],[0.94519016 0.        ],0.1,0.04994686503719448
1264,509,1,Popularity_Baseline,0.5,1.0,0.0,0.7,0.0,[855.94   5.71],[ 59.94 376.71],[0.93455475 0.01493123],[0.94519016 0.        ],0.1,0.04994686503719448
1265,50,1,Popularity_Baseline,0.5,1.0,0.0,0.5,0.0,[855.94   5.72],[ 59.94 377.72],[0.93455475 0.01491759],[0.94519016 0.        ],0.1,0.04994686503719448
1266,280,1,Popularity_Baseline,0.5,1.0,0.0,0.0,0.0,[855.94   5.73],[ 59.94 378.73],[0.93455475 0.01490402],[0.94519016 0.        ],0.1,0.04994686503719448
1267,322,1,Popularity_Baseline,0.5,1.0,0.0,0.0,0.0,[855.94   5.74],[ 59.94 379.74],[0.93455475 0.01489053],[0.94519016 0.        ],0.1,0.04994686503719448
1268,85,1,Popularity_Baseline,0.5,1.0,0.0,0.9,0.0,[855.94   5.75],[ 59.94 380.75],[0.93455475 0.0148771 ],[0.94519016 0.        ],0.1,0.04994686503719448
1269,600,1,Popularity_Baseline,0.0,0.0,0.0,0.0,0.0,[855.94   5.76],[ 59.94 381.76],[0.93455475 0.01486375],[0.94519016 0.        ],0.1,0.04994686503719448
1270,305,1,Popularity_Baseline,0.5,1.0,0.0,0.1,0.0,[855.94   5.77],[ 59.94 382.77],[0.93455475 0.01485047],[0.94519016 0.        ],0.1,0.04994686503719448
1271,296,1,Popularity_Baseline,0.5,1.0,0.0,0.4,0.0,[855.94   5.78],[ 59.94 383.78],[0.93455475 0.01483725],[0.94519016 0.        ],0.1,0.04994686503719448
1272,377,1,Popularity_Baseline,0.5,1.0,0.0,0.0,0.0,[855.94   5.79],[ 59.94 384.79],[0.93455475 0.01482411],[0.94519016 0.        ],0.1,0.04994686503719448
1273,280,1,Popularity_Baseline,0.5,1.0,0.0,0.0,0.0,[855.94   5.8 ],[ 59.94 385.8 ],[0.93455475 0.01481103],[0.94519016 0.        ],0.1,0.04994686503719448
1274,97,1,Popularity_Baseline,0.5,1.0,0.0,0.0,0.0,[855.94   5.81],[ 59.94 386.81],[0.93455475 0.01479802],[0.94519016 0.        ],0.1,0.04994686503719448
1275,248,1,Popularity_Baseline,0.5,1.0,0.0,0.8,0.0,[855.94   5.82],[ 59.94 387.82],[0.93455475 0.01478508],[0.94519016 0.        ],0.1,0.04994686503719448
1276,287,1,Popularity_Baseline,0.5,1.0,0.0,0.0,0.0,[855.94   5.83],[ 59.94 388.83],[0.93455475 0.01477221],[0.94519016 0.        ],0.1,0.04994686503719448
1277,245,1,Popularity_Baseline,0.5,1.0,0.0,0.0,0.0,[855.94   5.84],[ 59.94 389.84],[0.93455475 0.0147594 ],[0.94519016 0.        ],0.1,0.04994686503719448
1278,577,1,Popularity_Baseline,0.5,1.0,0.0,0.3,0.0,[855.94   5.85],[ 59.94 390.85],[0.93455475 0.01474666],[0.94519016 0.        ],0.1,0.04994686503719448
1279,276,1,Popularity_Baseline,0.5,1.0,0.0,0.0,0.0,[855.94   5.86],[ 59.94 391.86],[0.93455475 0.01473398],[0.94519016 0.        ],0.1,0.04994686503719448
1280,136,1,Popularity_Baseline,0.5,1.0,0.0,0.7,0.0,[855.94   5.87],[ 59.94 392.87],[0.93455475 0.01472137],[0.94519016 0.        ],0.1,0.04994686503719448
1281,354,1,Popularity_Baseline,0.5,1.0,0.0,0.0,0.0,[855.94   5.88],[ 59.94 393.88],[0.93455475 0.01470883],[0.94519016 0.        ],0.1,0.04994686503719448
1282,583,1,Popularity_Baseline,0.5,1.0,0.0,0.0,0.0,[855.94   5.89],[ 59.94 394.89],[0.93455475 0.01469634],[0.94519016 0.        ],0.1,0.04994686503719448
1283,478,1,Popularity_Baseline,0.5,1.0,0.0,1.0,0.0,[855.94   5.9 ],[ 59.94 395.9 ],[0.93455475 0.01468392],[0.94519016 0.        ],0.1,0.04994686503719448
1284,482,1,Popularity_Baseline,0.5,1.0,0.0,1.0,0.0,[855.94   5.91],[ 59.94 396.91],[0.93455475 0.01467157],[0.94519016 0.        ],0.1,0.04994686503719448
1285,400,1,Popularity_Baseline,0.5,1.0,0.0,0.0,0.0,[855.94   5.92],[ 59.94 397.92],[0.93455475 0.01465927],[0.94519016 0.        ],0.1,0.04994686503719448
1286,328,1,Popularity_Baseline,0.5,1.0,0.0,0.1,0.0,[855.94   5.93],[ 59.94 398.93],[0.93455475 0.01464704],[0.94519016 0.        ],0.1,0.04994686503719448
1287,90,1,Popularity_Baseline,0.5,1.0,0.0,0.0,0.0,[855.94   5.94],[ 59.94 399.94],[0.93455475 0.01463487],[0.94519016 0.        ],0.1,0.04994686503719448
1288,4,1,Popularity_Baseline,0.5,1.0,0.0,0.6,0.0,[855.94   5.95],[ 59.94 400.95],[0.93455475 0.01462276],[0.94519016 0.        ],0.1,0.04994686503719448
1289,249,1,Popularity_Baseline,0.0,0.0,0.0,0.0,0.0,[855.94   5.96],[ 59.94 401.96],[0.93455475 0.01461071],[0.94519016 0.        ],0.1,0.04994686503719448
1290,276,1,Popularity_Baseline,0.5,1.0,0.0,0.0,0.0,[855.94   5.97],[ 59.94 402.97],[0.93455475 0.01459872],[0.94519016 0.        ],0.1,0.04994686503719448
1291,314,1,Popularity_Baseline,0.5,1.0,0.0,0.1,0.0,[855.94   5.98],[ 59.94 403.98],[0.93455475 0.01458679],[0.94519016 0.        ],0.1,0.04994686503719448
1292,403,1,Popularity_Baseline,0.5,1.0,0.0,0.8,0.0,[855.94   5.99],[ 59.94 404.99],[0.93455475 0.01457492],[0.94519016 0.        ],0.1,0.04994686503719448
1293,94,1,Popularity_Baseline,0.5,1.0,0.0,0.0,0.0,[855.94   6.  ],[ 59.94 406.  ],[0.93455475 0.01456311],[0.94519016 0.        ],0.1,0.04994686503719448
1294,529,1,Popularity_Baseline,0.5,1.0,0.0,0.9,0.0,[855.94   6.01],[ 59.94 407.01],[0.93455475 0.01455135],[0.94519016 0.        ],0.1,0.04994686503719448
1295,558,1,Popularity_Baseline,0.5,1.0,0.0,0.0,0.0,[855.94   6.02],[ 59.94 408.02],[0.93455475 0.01453966],[0.94519016 0.        ],0.1,0.04994686503719448
1296,53,1,Popularity_Baseline,0.5,1.0,0.0,0.0,0.0,[855.94   6.03],[ 59.94 409.03],[0.93455475 0.01452802],[0.94519016 0.        ],0.1,0.04994686503719448
1297,390,1,Popularity_Baseline,0.5,1.0,0.0,0.7,0.0,[855.94   6.04],[ 59.94 410.04],[0.93455475 0.01451644],[0.94519016 0.        ],0.1,0.04994686503719448
1298,43,1,Popularity_Baseline,0.5,1.0,0.0,0.4,0.0,[855.94   6.05],[ 59.94 411.05],[0.93455475 0.01450491],[0.94519016 0.        ],0.1,0.04994686503719448
1299,545,1,Popularity_Baseline,0.5,1.0,0.0,0.0,0.0,[855.94   6.06],[ 59.94 412.06],[0.93455475 0.01449345],[0.94519016 0.        ],0.1,0.04994686503719448
1300,559,1,Popularity_Baseline,0.5,1.0,0.0,0.27,0.0,[855.94   6.07],[ 59.94 413.07],[0.93455475 0.01448203],[0.94519016 0.        ],0.1,0.04994686503719448
1301,26,1,Popularity_Baseline,0.5,1.0,0.0,0.0,0.0,[855.94   6.08],[ 59.94 414.08],[0.93455475 0.01447068],[0.94519016 0.        ],0.1,0.04994686503719448
1302,96,1,Popularity_Baseline,0.5,1.0,0.0,0.0,0.0,[855.94   6.09],[ 59.94 415.09],[0.93455475 0.01445938],[0.94519016 0.        ],0.1,0.04994686503719448
1303,275,1,Popularity_Baseline,0.5,1.0,0.0,0.0,0.0,[855.94   6.1 ],[ 59.94 416.1 ],[0.93455475 0.01444813],[0.94519016 0.        ],0.1,0.04994686503719448
1304,115,1,Popularity_Baseline,0.5,1.0,0.0,0.0,0.0,[855.94   6.11],[ 59.94 417.11],[0.93455475 0.01443694],[0.94519016 0.        ],0.1,0.04994686503719448
1305,419,1,Popularity_Baseline,0.5,1.0,0.0,0.2,0.0,[855.94   6.12],[ 59.94 418.12],[0.93455475 0.0144258 ],[0.94519016 0.        ],0.1,0.04994686503719448
1306,144,1,Popularity_Baseline,0.5,1.0,0.0,0.0,0.0,[855.94   6.13],[ 59.94 419.13],[0.93455475 0.01441471],[0.94519016 0.        ],0.1,0.04994686503719448
1307,34,1,Popularity_Baseline,0.5,1.0,0.0,0.0,0.0,[855.94   6.14],[ 59.94 420.14],[0.93455475 0.01440368],[0.94519016 0.        ],0.1,0.04994686503719448
1308,582,1,Popularity_Baseline,0.5,1.0,0.0,0.7,0.0,[855.94   6.15],[ 59.94 421.15],[0.93455475 0.0143927 ],[0.94519016 0.        ],0.1,0.04994686503719448
1309,216,1,Popularity_Baseline,0.5,1.0,0.0,1.0,0.0,[855.94   6.16],[ 59.94 422.16],[0.93455475 0.01438177],[0.94519016 0.        ],0.1,0.04994686503719448
1310,393,1,Popularity_Baseline,0.5,1.0,0.0,0.7,0.0,[855.94   6.17],[ 59.94 423.17],[0.93455475 0.01437089],[0.94519016 0.        ],0.1,0.04994686503719448
1311,576,1,Popularity_Baseline,0.5,1.0,0.0,0.0,0.0,[855.94   6.18],[ 59.94 424.18],[0.93455475 0.01436007],[0.94519016 0.        ],0.1,0.04994686503719448
1312,197,1,Popularity_Baseline,0.5,1.0,0.0,0.45,0.0,[855.94   6.19],[ 59.94 425.19],[0.93455475 0.0143493 ],[0.94519016 0.        ],0.1,0.04994686503719448
1313,336,1,Popularity_Baseline,0.5,1.0,0.0,0.2,0.0,[855.94   6.2 ],[ 59.94 426.2 ],[0.93455475 0.01433858],[0.94519016 0.        ],0.1,0.04994686503719448
1314,356,1,Popularity_Baseline,0.5,1.0,0.0,0.7,0.0,[855.94   6.21],[ 59.94 427.21],[0.93455475 0.0143279 ],[0.94519016 0.        ],0.1,0.04994686503719448
1315,19,1,Popularity_Baseline,0.5,1.0,0.0,0.5,0.0,[855.94   6.22],[ 59.94 428.22],[0.93455475 0.01431728],[0.94519016 0.        ],0.1,0.04994686503719448
1316,292,1,Popularity_Baseline,0.5,1.0,0.0,0.1,0.0,[855.94   6.23],[ 59.94 429.23],[0.93455475 0.01430671],[0.94519016 0.        ],0.1,0.04994686503719448
1317,243,1,Popularity_Baseline,0.5,1.0,0.0,0.7,0.0,[855.94   6.24],[ 59.94 430.24],[0.93455475 0.01429619],[0.94519016 0.        ],0.1,0.04994686503719448
1318,115,1,Popularity_Baseline,0.5,1.0,0.0,0.0,0.0,[855.94   6.25],[ 59.94 431.25],[0.93455475 0.01428571],[0.94519016 0.        ],0.1,0.04994686503719448
1319,111,1,Popularity_Baseline,0.5,1.0,0.0,0.0,0.0,[855.94   6.26],[ 59.94 432.26],[0.93455475 0.01427529],[0.94519016 0.        ],0.1,0.04994686503719448
1320,185,1,Popularity_Baseline,0.5,1.0,0.0,0.0,0.0,[855.94   6.27],[ 59.94 433.27],[0.93455475 0.01426491],[0.94519016 0.        ],0.1,0.04994686503719448
1321,163,1,Popularity_Baseline,0.5,1.0,0.0,1.0,0.0,[855.94   6.28],[ 59.94 434.28],[0.93455475 0.01425459],[0.94519016 0.        ],0.1,0.04994686503719448
1322,111,1,Popularity_Baseline,0.5,1.0,0.0,0.0,0.0,[855.94   6.29],[ 59.94 435.29],[0.93455475 0.0142443 ],[0.94519016 0.        ],0.1,0.04994686503719448
1323,297,1,Popularity_Baseline,0.5,1.0,0.0,0.0,0.0,[855.94   6.3 ],[ 59.94 436.3 ],[0.93455475 0.01423407],[0.94519016 0.        ],0.1,0.04994686503719448
1324,126,1,Popularity_Baseline,0.5,1.0,0.0,0.3,0.0,[855.94   6.31],[ 59.94 437.31],[0.93455475 0.01422389],[0.94519016 0.        ],0.1,0.04994686503719448
1325,402,1,Popularity_Baseline,0.5,1.0,0.0,0.5,0.0,[855.94   6.32],[ 59.94 438.32],[0.93455475 0.01421375],[0.94519016 0.        ],0.1,0.04994686503719448
1326,471,1,Popularity_Baseline,0.5,1.0,0.0,0.0,0.0,[855.94   6.33],[ 59.94 439.33],[0.93455475 0.01420365],[0.94519016 0.        ],0.1,0.04994686503719448
1327,122,1,Popularity_Baseline,0.5,1.0,0.0,0.0,0.0,[855.94   6.34],[ 59.94 440.34],[0.93455475 0.01419361],[0.94519016 0.        ],0.1,0.04994686503719448
1328,237,1,Popularity_Baseline,0.5,1.0,0.0,0.0,0.0,[855.94   6.35],[ 59.94 441.35],[0.93455475 0.01418361],[0.94519016 0.        ],0.1,0.04994686503719448
1329,164,1,Popularity_Baseline,0.5,1.0,0.0,0.0,0.0,[855.94   6.36],[ 59.94 442.36],[0.93455475 0.01417365],[0.94519016 0.        ],0.1,0.04994686503719448
1330,480,1,Popularity_Baseline,0.0,0.0,0.0,0.0,0.0,[855.94   6.37],[ 59.94 443.37],[0.93455475 0.01416374],[0.94519016 0.        ],0.1,0.04994686503719448
1331,258,1,Popularity_Baseline,0.5,1.0,0.0,0.7,0.0,[855.94   6.38],[ 59.94 444.38],[0.93455475 0.01415387],[0.94519016 0.        ],0.1,0.04994686503719448
1332,522,1,Popularity_Baseline,0.5,1.0,0.0,0.0,0.0,[855.94   6.39],[ 59.94 445.39],[0.93455475 0.01414405],[0.94519016 0.        ],0.1,0.04994686503719448
1333,175,1,Popularity_Baseline,0.5,1.0,0.0,0.0,0.0,[855.94   6.4 ],[ 59.94 446.4 ],[0.93455475 0.01413428],[0.94519016 0.        ],0.1,0.04994686503719448
1334,285,1,Popularity_Baseline,0.5,1.0,0.0,0.9,0.0,[855.94   6.41],[ 59.94 447.41],[0.93455475 0.01412454],[0.94519016 0.        ],0.1,0.04994686503719448
1335,156,1,Popularity_Baseline,0.5,1.0,0.0,0.3,0.0,[855.94   6.42],[ 59.94 448.42],[0.93455475 0.01411485],[0.94519016 0.        ],0.1,0.04994686503719448
1336,169,1,Popularity_Baseline,0.5,1.0,0.0,0.0,0.0,[855.94   6.43],[ 59.94 449.43],[0.93455475 0.01410521],[0.94519016 0.        ],0.1,0.04994686503719448
1337,112,1,Popularity_Baseline,0.5,1.0,0.0,0.0,0.0,[855.94   6.44],[ 59.94 450.44],[0.93455475 0.0140956 ],[0.94519016 0.        ],0.1,0.04994686503719448
1338,460,1,Popularity_Baseline,0.5,1.0,0.0,0.7,0.0,[855.94   6.45],[ 59.94 451.45],[0.93455475 0.01408604],[0.94519016 0.        ],0.1,0.04994686503719448
1339,110,1,Popularity_Baseline,0.5,1.0,0.0,0.6,0.0,[855.94   6.46],[ 59.94 452.46],[0.93455475 0.01407653],[0.94519016 0.        ],0.1,0.04994686503719448
1340,399,1,Popularity_Baseline,0.5,1.0,0.0,0.1,0.0,[855.94   6.47],[ 59.94 453.47],[0.93455475 0.01406705],[0.94519016 0.        ],0.1,0.04994686503719448
1341,343,1,Popularity_Baseline,0.5,1.0,0.0,0.0,0.0,[855.94   6.48],[ 59.94 454.48],[0.93455475 0.01405762],[0.94519016 0.        ],0.1,0.04994686503719448
1342,239,1,Popularity_Baseline,0.5,1.0,0.0,0.1,0.0,[855.94   6.49],[ 59.94 455.49],[0.93455475 0.01404823],[0.94519016 0.        ],0.1,0.04994686503719448
1343,368,1,Popularity_Baseline,0.5,1.0,0.0,0.0,0.0,[855.94   6.5 ],[ 59.94 456.5 ],[0.93455475 0.01403888],[0.94519016 0.        ],0.1,0.04994686503719448
1344,576,1,Popularity_Baseline,0.5,1.0,0.0,0.0,0.0,[855.94   6.51],[ 59.94 457.51],[0.93455475 0.01402957],[0.94519016 0.        ],0.1,0.04994686503719448
1345,76,1,Popularity_Baseline,0.5,1.0,0.0,0.2,0.0,[855.94   6.52],[ 59.94 458.52],[0.93455475 0.0140203 ],[0.94519016 0.        ],0.1,0.04994686503719448
1346,438,1,Popularity_Baseline,0.5,1.0,0.0,0.2,0.0,[855.94   6.53],[ 59.94 459.53],[0.93455475 0.01401107],[0.94519016 0.        ],0.1,0.04994686503719448
1347,138,1,Popularity_Baseline,0.5,1.0,0.0,0.0,0.0,[855.94   6.54],[ 59.94 460.54],[0.93455475 0.01400188],[0.94519016 0.        ],0.1,0.04994686503719448
1348,488,1,Popularity_Baseline,0.5,1.0,0.0,0.7,0.0,[855.94   6.55],[ 59.94 461.55],[0.93455475 0.01399274],[0.94519016 0.        ],0.1,0.04994686503719448
1349,74,1,Popularity_Baseline,0.5,1.0,0.0,0.9,0.0,[855.94   6.56],[ 59.94 462.56],[0.93455475 0.01398363],[0.94519016 0.        ],0.1,0.04994686503719448
1350,1,1,Popularity_Baseline,0.5,1.0,0.0,0.0,0.0,[855.94   6.57],[ 59.94 463.57],[0.93455475 0.01397456],[0.94519016 0.        ],0.1,0.04994686503719448
1351,142,1,Popularity_Baseline,0.5,1.0,0.0,0.4,0.0,[855.94   6.58],[ 59.94 464.58],[0.93455475 0.01396553],[0.94519016 0.        ],0.1,0.04994686503719448
1352,216,1,Popularity_Baseline,0.5,1.0,0.0,0.0,0.0,[855.94   6.59],[ 59.94 465.59],[0.93455475 0.01395654],[0.94519016 0.        ],0.1,0.04994686503719448
1353,135,1,Popularity_Baseline,0.5,1.0,0.0,0.0,0.0,[855.94   6.6 ],[ 59.94 466.6 ],[0.93455475 0.01394759],[0.94519016 0.        ],0.1,0.04994686503719448
1354,365,1,Popularity_Baseline,0.5,1.0,0.0,0.6,0.0,[855.94   6.61],[ 59.94 467.61],[0.93455475 0.01393868],[0.94519016 0.        ],0.1,0.04994686503719448
1355,167,1,Popularity_Baseline,0.5,1.0,0.0,0.0,0.0,[855.94   6.62],[ 59.94 468.62],[0.93455475 0.0139298 ],[0.94519016 0.        ],0.1,0.04994686503719448
1356,434,1,Popularity_Baseline,0.0,0.0,0.0,0.0,0.0,[855.94   6.63],[ 59.94 469.63],[0.93455475 0.01392097],[0.94519016 0.        ],0.1,0.04994686503719448
1357,23,1,Popularity_Baseline,0.5,1.0,0.0,0.0,0.0,[855.94   6.64],[ 59.94 470.64],[0.93455475 0.01391217],[0.94519016 0.        ],0.1,0.04994686503719448
1358,189,1,Popularity_Baseline,0.5,1.0,0.0,0.5,0.0,[855.94   6.65],[ 59.94 471.65],[0.93455475 0.01390341],[0.94519016 0.        ],0.1,0.04994686503719448
1359,30,1,Popularity_Baseline,0.5,1.0,0.0,0.5,0.0,[855.94   6.66],[ 59.94 472.66],[0.93455475 0.01389468],[0.94519016 0.        ],0.1,0.04994686503719448
1360,469,1,Popularity_Baseline,0.5,1.0,0.0,0.0,0.0,[855.94   6.67],[ 59.94 473.67],[0.93455475 0.013886  ],[0.94519016 0.        ],0.1,0.04994686503719448
1361,212,1,Popularity_Baseline,0.5,1.0,0.0,0.2,0.0,[855.94   6.68],[ 59.94 474.68],[0.93455475 0.01387735],[0.94519016 0.        ],0.1,0.04994686503719448
1362,471,1,Popularity_Baseline,0.5,1.0,0.0,0.0,0.0,[855.94   6.69],[ 59.94 475.69],[0.93455475 0.01386873],[0.94519016 0.        ],0.1,0.04994686503719448
1363,355,1,Popularity_Baseline,0.5,1.0,0.0,0.9,0.0,[855.94   6.7 ],[ 59.94 476.7 ],[0.93455475 0.01386016],[0.94519016 0.        ],0.1,0.04994686503719448
1364,514,1,Popularity_Baseline,0.5,1.0,0.0,0.3,0.0,[855.94   6.71],[ 59.94 477.71],[0.93455475 0.01385162],[0.94519016 0.        ],0.1,0.04994686503719448
1365,105,1,Popularity_Baseline,0.5,1.0,0.0,0.1,0.0,[855.94   6.72],[ 59.94 478.72],[0.93455475 0.01384311],[0.94519016 0.        ],0.1,0.04994686503719448
1366,52,1,Popularity_Baseline,0.5,1.0,0.0,0.0,0.0,[855.94   6.73],[ 59.94 479.73],[0.93455475 0.01383464],[0.94519016 0.        ],0.1,0.04994686503719448
1367,581,1,Popularity_Baseline,0.5,1.0,0.0,0.6,0.0,[855.94   6.74],[ 59.94 480.74],[0.93455475 0.01382621],[0.94519016 0.        ],0.1,0.04994686503719448
1368,279,1,Popularity_Baseline,0.5,1.0,0.0,0.0,0.0,[855.94   6.75],[ 59.94 481.75],[0.93455475 0.01381781],[0.94519016 0.        ],0.1,0.04994686503719448
1369,573,1,Popularity_Baseline,0.5,1.0,0.0,0.0,0.0,[855.94   6.76],[ 59.94 482.76],[0.93455475 0.01380945],[0.94519016 0.        ],0.1,0.04994686503719448
1370,277,1,Popularity_Baseline,0.5,1.0,0.0,0.9,0.0,[855.94   6.77],[ 59.94 483.77],[0.93455475 0.01380112],[0.94519016 0.        ],0.1,0.04994686503719448
1371,95,1,Popularity_Baseline,0.5,1.0,0.0,0.6,0.0,[855.94   6.78],[ 59.94 484.78],[0.93455475 0.01379282],[0.94519016 0.        ],0.1,0.04994686503719448
1372,316,1,Popularity_Baseline,0.5,1.0,0.0,0.9,0.0,[855.94   6.79],[ 59.94 485.79],[0.93455475 0.01378456],[0.94519016 0.        ],0.1,0.04994686503719448
1373,515,1,Popularity_Baseline,0.5,1.0,0.0,0.6,0.0,[855.94   6.8 ],[ 59.94 486.8 ],[0.93455475 0.01377634],[0.94519016 0.        ],0.1,0.04994686503719448
1374,311,1,Popularity_Baseline,0.5,1.0,0.0,0.9,0.0,[855.94   6.81],[ 59.94 487.81],[0.93455475 0.01376815],[0.94519016 0.        ],0.1,0.04994686503719448
1375,358,1,Popularity_Baseline,0.5,1.0,0.0,1.0,0.0,[855.94   6.82],[ 59.94 488.82],[0.93455475 0.01375999],[0.94519016 0.        ],0.1,0.04994686503719448
1376,460,1,Popularity_Baseline,0.5,1.0,0.0,0.0,0.0,[855.94   6.83],[ 59.94 489.83],[0.93455475 0.01375186],[0.94519016 0.        ],0.1,0.04994686503719448
1377,171,1,Popularity_Baseline,0.5,1.0,0.0,0.6,0.0,[855.94   6.84],[ 59.94 490.84],[0.93455475 0.01374377],[0.94519016 0.        ],0.1,0.04994686503719448
1378,552,1,Popularity_Baseline,0.5,1.0,0.0,0.0,0.0,[855.94   6.85],[ 59.94 491.85],[0.93455475 0.01373571],[0.94519016 0.        ],0.1,0.04994686503719448
1379,290,1,Popularity_Baseline,0.5,1.0,0.0,0.0,0.0,[855.94   6.86],[ 59.94 492.86],[0.93455475 0.01372769],[0.94519016 0.        ],0.1,0.04994686503719448
1380,264,1,Popularity_Baseline,0.5,1.0,0.0,0.5,0.0,[855.94   6.87],[ 59.94 493.87],[0.93455475 0.01371969],[0.94519016 0.        ],0.1,0.04994686503719448
1381,227,1,Popularity_Baseline,0.5,1.0,0.0,0.0,0.0,[855.94   6.88],[ 59.94 494.88],[0.93455475 0.01371173],[0.94519016 0.        ],0.1,0.04994686503719448
1382,48,1,Popularity_Baseline,0.5,1.0,0.0,0.0,0.0,[855.94   6.89],[ 59.94 495.89],[0.93455475 0.01370381],[0.94519016 0.        ],0.1,0.04994686503719448
1383,95,1,Popularity_Baseline,0.5,1.0,0.0,0.0,0.0,[855.94   6.9 ],[ 59.94 496.9 ],[0.93455475 0.01369591],[0.94519016 0.        ],0.1,0.04994686503719448
1384,458,1,Popularity_Baseline,0.5,1.0,0.0,0.5,0.0,[855.94   6.91],[ 59.94 497.91],[0.93455475 0.01368805],[0.94519016 0.        ],0.1,0.04994686503719448
1385,546,1,Popularity_Baseline,0.5,1.0,0.0,0.8,0.0,[855.94   6.92],[ 59.94 498.92],[0.93455475 0.01368022],[0.94519016 0.        ],0.1,0.04994686503719448
1386,116,1,Popularity_Baseline,0.5,1.0,0.0,0.0,0.0,[855.94   6.93],[ 59.94 499.93],[0.93455475 0.01367241],[0.94519016 0.        ],0.1,0.04994686503719448
1387,600,1,Popularity_Baseline,0.0,0.0,0.0,0.0,0.0,[855.94   6.94],[ 59.94 500.94],[0.93455475 0.01366465],[0.94519016 0.        ],0.1,0.04994686503719448
1388,567,1,Popularity_Baseline,0.5,1.0,0.0,0.0,0.0,[855.94   6.95],[ 59.94 501.95],[0.93455475 0.01365691],[0.94519016 0.        ],0.1,0.04994686503719448
1389,71,1,Popularity_Baseline,0.5,1.0,0.0,0.0,0.0,[855.94   6.96],[ 59.94 502.96],[0.93455475 0.0136492 ],[0.94519016 0.        ],0.1,0.04994686503719448
1390,416,1,Popularity_Baseline,0.5,1.0,0.0,0.0,0.0,[855.94   6.97],[ 59.94 503.97],[0.93455475 0.01364152],[0.94519016 0.        ],0.1,0.04994686503719448
1391,152,1,Popularity_Baseline,0.5,1.0,0.0,0.0,0.0,[855.94   6.98],[ 59.94 504.98],[0.93455475 0.01363388],[0.94519016 0.        ],0.1,0.04994686503719448
1392,311,1,Popularity_Baseline,0.5,1.0,0.0,0.0,0.0,[855.94   6.99],[ 59.94 505.99],[0.93455475 0.01362626],[0.94519016 0.        ],0.1,0.04994686503719448
1393,325,1,Popularity_Baseline,0.5,1.0,0.0,0.0,0.0,[855.94   7.  ],[ 59.94 507.  ],[0.93455475 0.01361868],[0.94519016 0.        ],0.1,0.04994686503719448
1394,60,1,Popularity_Baseline,0.5,1.0,0.0,0.0,0.0,[855.94   7.01],[ 59.94 508.01],[0.93455475 0.01361112],[0.94519016 0.        ],0.1,0.04994686503719448
1395,382,1,Popularity_Baseline,0.5,1.0,0.0,0.3,0.0,[855.94   7.02],[ 59.94 509.02],[0.93455475 0.0136036 ],[0.94519016 0.        ],0.1,0.04994686503719448
1396,25,1,Popularity_Baseline,0.5,1.0,0.0,0.0,0.0,[855.94   7.03],[ 59.94 510.03],[0.93455475 0.0135961 ],[0.94519016 0.        ],0.1,0.04994686503719448
1397,66,1,Popularity_Baseline,0.5,1.0,0.0,0.1,0.0,[855.94   7.04],[ 59.94 511.04],[0.93455475 0.01358863],[0.94519016 0.        ],0.1,0.04994686503719448
1398,77,1,Popularity_Baseline,0.5,1.0,0.0,0.0,0.0,[855.94   7.05],[ 59.94 512.05],[0.93455475 0.0135812 ],[0.94519016 0.        ],0.1,0.04994686503719448
1399,518,1,Popularity_Baseline,0.5,1.0,0.0,1.0,0.0,[855.94   7.06],[ 59.94 513.06],[0.93455475 0.01357379],[0.94519016 0.        ],0.1,0.04994686503719448
1400,123,1,Popularity_Baseline,0.5,1.0,0.0,0.0,0.0,[855.94   7.07],[ 59.94 514.07],[0.93455475 0.01356641],[0.94519016 0.        ],0.1,0.04994686503719448
1401,291,1,Popularity_Baseline,0.5,1.0,0.0,1.0,0.0,[855.94   7.08],[ 59.94 515.08],[0.93455475 0.01355906],[0.94519016 0.        ],0.1,0.04994686503719448
1402,340,1,Popularity_Baseline,0.5,1.0,0.0,0.0,0.0,[855.94   7.09],[ 59.94 516.09],[0.93455475 0.01355174],[0.94519016 0.        ],0.1,0.04994686503719448
1403,487,1,Popularity_Baseline,0.5,1.0,0.0,0.0,0.0,[855.94   7.1 ],[ 59.94 517.1 ],[0.93455475 0.01354445],[0.94519016 0.        ],0.1,0.04994686503719448
1404,108,1,Popularity_Baseline,0.5,1.0,0.0,0.8,0.0,[855.94   7.11],[ 59.94 518.11],[0.93455475 0.01353718],[0.94519016 0.        ],0.1,0.04994686503719448
1405,150,1,Popularity_Baseline,0.5,1.0,0.0,1.0,0.0,[855.94   7.12],[ 59.94 519.12],[0.93455475 0.01352995],[0.94519016 0.        ],0.1,0.04994686503719448
1406,30,1,Popularity_Baseline,0.5,1.0,0.0,0.0,0.0,[855.94   7.13],[ 59.94 520.13],[0.93455475 0.01352274],[0.94519016 0.        ],0.1,0.04994686503719448
1407,314,1,Popularity_Baseline,0.5,1.0,0.0,0.0,0.0,[855.94   7.14],[ 59.94 521.14],[0.93455475 0.01351556],[0.94519016 0.        ],0.1,0.04994686503719448
1408,505,1,Popularity_Baseline,0.5,1.0,0.0,0.9,0.0,[855.94   7.15],[ 59.94 522.15],[0.93455475 0.01350841],[0.94519016 0.        ],0.1,0.04994686503719448
1409,590,1,Popularity_Baseline,0.0,0.0,0.0,0.0,0.0,[855.94   7.16],[ 59.94 523.16],[0.93455475 0.01350128],[0.94519016 0.        ],0.1,0.04994686503719448
1410,122,1,Popularity_Baseline,0.5,1.0,0.0,0.0,0.0,[855.94   7.17],[ 59.94 524.17],[0.93455475 0.01349418],[0.94519016 0.        ],0.1,0.04994686503719448
1411,185,1,Popularity_Baseline,0.5,1.0,0.0,0.0,0.0,[855.94   7.18],[ 59.94 525.18],[0.93455475 0.01348711],[0.94519016 0.        ],0.1,0.04994686503719448
1412,112,1,Popularity_Baseline,0.5,1.0,0.0,0.0,0.0,[855.94   7.19],[ 59.94 526.19],[0.93455475 0.01348007],[0.94519016 0.        ],0.1,0.04994686503719448
1413,519,1,Popularity_Baseline,0.5,1.0,0.0,0.0,0.0,[855.94   7.2 ],[ 59.94 527.2 ],[0.93455475 0.01347305],[0.94519016 0.        ],0.1,0.04994686503719448
1414,12,1,Popularity_Baseline,0.5,1.0,0.0,1.0,0.0,[855.94   7.21],[ 59.94 528.21],[0.93455475 0.01346606],[0.94519016 0.        ],0.1,0.04994686503719448
1415,120,1,Popularity_Baseline,0.5,1.0,0.0,0.0,0.0,[855.94   7.22],[ 59.94 529.22],[0.93455475 0.0134591 ],[0.94519016 0.        ],0.1,0.04994686503719448
1416,507,1,Popularity_Baseline,0.5,1.0,0.0,0.0,0.0,[855.94   7.23],[ 59.94 530.23],[0.93455475 0.01345216],[0.94519016 0.        ],0.1,0.04994686503719448
1417,412,1,Popularity_Baseline,0.5,1.0,0.0,0.8,0.0,[855.94   7.24],[ 59.94 531.24],[0.93455475 0.01344525],[0.94519016 0.        ],0.1,0.04994686503719448
1418,226,1,Popularity_Baseline,0.5,1.0,0.0,0.4,0.0,[855.94   7.25],[ 59.94 532.25],[0.93455475 0.01343837],[0.94519016 0.        ],0.1,0.04994686503719448
1419,548,1,Popularity_Baseline,0.5,1.0,0.0,0.0,0.0,[855.94   7.26],[ 59.94 533.26],[0.93455475 0.01343151],[0.94519016 0.        ],0.1,0.04994686503719448
1420,2,1,Popularity_Baseline,0.5,1.0,0.0,0.9,0.0,[855.94   7.27],[ 59.94 534.27],[0.93455475 0.01342468],[0.94519016 0.        ],0.1,0.04994686503719448
1421,311,1,Popularity_Baseline,0.5,1.0,0.0,0.0,0.0,[855.94   7.28],[ 59.94 535.28],[0.93455475 0.01341787],[0.94519016 0.        ],0.1,0.04994686503719448
1422,61,1,Popularity_Baseline,0.5,1.0,0.0,0.8,0.0,[855.94   7.29],[ 59.94 536.29],[0.93455475 0.01341109],[0.94519016 0.        ],0.1,0.04994686503719448
1423,195,1,Popularity_Baseline,0.5,1.0,0.0,0.4,0.0,[855.94   7.3 ],[ 59.94 537.3 ],[0.93455475 0.01340433],[0.94519016 0.        ],0.1,0.04994686503719448
1424,333,1,Popularity_Baseline,0.5,1.0,0.0,0.0,0.0,[855.94   7.31],[ 59.94 538.31],[0.93455475 0.0133976 ],[0.94519016 0.        ],0.1,0.04994686503719448
1425,445,1,Popularity_Baseline,0.5,1.0,0.0,0.3,0.0,[855.94   7.32],[ 59.94 539.32],[0.93455475 0.0133909 ],[0.94519016 0.        ],0.1,0.04994686503719448
1426,308,1,Popularity_Baseline,0.5,1.0,0.0,0.3,0.0,[855.94   7.33],[ 59.94 540.33],[0.93455475 0.01338422],[0.94519016 0.        ],0.1,0.04994686503719448
1427,433,1,Popularity_Baseline,0.5,1.0,0.0,0.0,0.0,[855.94   7.34],[ 59.94 541.34],[0.93455475 0.01337756],[0.94519016 0.        ],0.1,0.04994686503719448
1428,382,1,Popularity_Baseline,0.5,1.0,0.0,0.0,0.0,[855.94   7.35],[ 59.94 542.35],[0.93455475 0.01337093],[0.94519016 0.        ],0.1,0.04994686503719448
1429,271,1,Popularity_Baseline,0.5,1.0,0.0,1.0,0.0,[855.94   7.36],[ 59.94 543.36],[0.93455475 0.01336432],[0.94519016 0.        ],0.1,0.04994686503719448
1430,354,1,Popularity_Baseline,0.5,1.0,0.0,0.0,0.0,[855.94   7.37],[ 59.94 544.37],[0.93455475 0.01335774],[0.94519016 0.        ],0.1,0.04994686503719448
1431,491,1,Popularity_Baseline,0.5,1.0,0.0,0.9,0.0,[855.94   7.38],[ 59.94 545.38],[0.93455475 0.01335118],[0.94519016 0.        ],0.1,0.04994686503719448
1432,491,1,Popularity_Baseline,0.5,1.0,0.0,0.0,0.0,[855.94   7.39],[ 59.94 546.39],[0.93455475 0.01334465],[0.94519016 0.        ],0.1,0.04994686503719448
1433,545,1,Popularity_Baseline,0.5,1.0,0.0,0.0,0.0,[855.94   7.4 ],[ 59.94 547.4 ],[0.93455475 0.01333814],[0.94519016 0.        ],0.1,0.04994686503719448
1434,19,1,Popularity_Baseline,0.5,1.0,0.0,0.0,0.0,[855.94   7.41],[ 59.94 548.41],[0.93455475 0.01333165],[0.94519016 0.        ],0.1,0.04994686503719448
1435,221,1,Popularity_Baseline,0.5,1.0,0.0,0.0,0.0,[855.94   7.42],[ 59.94 549.42],[0.93455475 0.01332519],[0.94519016 0.        ],0.1,0.04994686503719448
1436,334,1,Popularity_Baseline,0.5,1.0,0.0,0.0,0.0,[855.94   7.43],[ 59.94 550.43],[0.93455475 0.01331875],[0.94519016 0.        ],0.1,0.04994686503719448
1437,361,1,Popularity_Baseline,0.5,1.0,0.0,0.4,0.0,[855.94   7.44],[ 59.94 551.44],[0.93455475 0.01331234],[0.94519016 0.        ],0.1,0.04994686503719448
1438,315,1,Popularity_Baseline,0.5,1.0,0.0,0.0,0.0,[855.94   7.45],[ 59.94 552.45],[0.93455475 0.01330595],[0.94519016 0.        ],0.1,0.04994686503719448
1439,500,1,Popularity_Baseline,0.5,1.0,0.0,0.7,0.0,[855.94   7.46],[ 59.94 553.46],[0.93455475 0.01329958],[0.94519016 0.        ],0.1,0.04994686503719448
1440,371,1,Popularity_Baseline,0.5,1.0,0.0,0.9,0.0,[855.94   7.47],[ 59.94 554.47],[0.93455475 0.01329323],[0.94519016 0.        ],0.1,0.04994686503719448
1441,108,1,Popularity_Baseline,0.5,1.0,0.0,0.0,0.0,[855.94   7.48],[ 59.94 555.48],[0.93455475 0.01328691],[0.94519016 0.        ],0.1,0.04994686503719448
1442,463,1,Popularity_Baseline,0.5,1.0,0.0,0.6,0.0,[855.94   7.49],[ 59.94 556.49],[0.93455475 0.01328061],[0.94519016 0.        ],0.1,0.04994686503719448
1443,402,1,Popularity_Baseline,0.5,1.0,0.0,0.0,0.0,[855.94   7.5 ],[ 59.94 557.5 ],[0.93455475 0.01327434],[0.94519016 0.        ],0.1,0.04994686503719448
1444,447,1,Popularity_Baseline,0.5,1.0,0.0,0.0,0.0,[855.94   7.51],[ 59.94 558.51],[0.93455475 0.01326808],[0.94519016 0.        ],0.1,0.04994686503719448
1445,377,1,Popularity_Baseline,0.5,1.0,0.0,0.0,0.0,[855.94   7.52],[ 59.94 559.52],[0.93455475 0.01326185],[0.94519016 0.        ],0.1,0.04994686503719448
1446,100,1,Popularity_Baseline,0.5,1.0,0.0,0.0,0.0,[855.94   7.53],[ 59.94 560.53],[0.93455475 0.01325564],[0.94519016 0.        ],0.1,0.04994686503719448
1447,113,1,Popularity_Baseline,0.5,1.0,0.0,0.0,0.0,[855.94   7.54],[ 59.94 561.54],[0.93455475 0.01324946],[0.94519016 0.        ],0.1,0.04994686503719448
1448,29,1,Popularity_Baseline,0.5,1.0,0.0,0.0,0.0,[855.94   7.55],[ 59.94 562.55],[0.93455475 0.01324329],[0.94519016 0.        ],0.1,0.04994686503719448
1449,145,1,Popularity_Baseline,0.5,1.0,0.0,0.8,0.0,[855.94   7.56],[ 59.94 563.56],[0.93455475 0.01323715],[0.94519016 0.        ],0.1,0.04994686503719448
1450,70,1,Popularity_Baseline,0.5,1.0,0.0,0.0,0.0,[855.94   7.57],[ 59.94 564.57],[0.93455475 0.01323103],[0.94519016 0.        ],0.1,0.04994686503719448
1451,456,1,Popularity_Baseline,0.5,1.0,0.0,0.9,0.0,[855.94   7.58],[ 59.94 565.58],[0.93455475 0.01322493],[0.94519016 0.        ],0.1,0.04994686503719448
1452,387,1,Popularity_Baseline,0.5,1.0,0.0,0.1,0.0,[855.94   7.59],[ 59.94 566.59],[0.93455475 0.01321885],[0.94519016 0.        ],0.1,0.04994686503719448
1453,382,1,Popularity_Baseline,0.5,1.0,0.0,0.0,0.0,[855.94   7.6 ],[ 59.94 567.6 ],[0.93455475 0.0132128 ],[0.94519016 0.        ],0.1,0.04994686503719448
1454,12,1,Popularity_Baseline,0.5,1.0,0.0,0.0,0.0,[855.94   7.61],[ 59.94 568.61],[0.93455475 0.01320676],[0.94519016 0.        ],0.1,0.04994686503719448
1455,547,1,Popularity_Baseline,0.5,1.0,0.0,0.0,0.0,[855.94   7.62],[ 59.94 569.62],[0.93455475 0.01320075],[0.94519016 0.        ],0.1,0.04994686503719448
1456,224,1,Popularity_Baseline,0.5,1.0,0.0,0.0,0.0,[855.94   7.63],[ 59.94 570.63],[0.93455475 0.01319476],[0.94519016 0.        ],0.1,0.04994686503719448
1457,610,1,Popularity_Baseline,0.0,0.0,0.0,0.0,0.0,[855.94   7.64],[ 59.94 571.64],[0.93455475 0.01318879],[0.94519016 0.        ],0.1,0.04994686503719448
1458,453,1,Popularity_Baseline,0.0,0.0,0.0,0.0,0.0,[855.94   7.65],[ 59.94 572.65],[0.93455475 0.01318284],[0.94519016 0.        ],0.1,0.04994686503719448
1459,53,1,Popularity_Baseline,0.5,1.0,0.0,0.0,0.0,[855.94   7.66],[ 59.94 573.66],[0.93455475 0.01317691],[0.94519016 0.        ],0.1,0.04994686503719448
1460,171,1,Popularity_Baseline,0.5,1.0,0.0,0.0,0.0,[855.94   7.67],[ 59.94 574.67],[0.93455475 0.013171  ],[0.94519016 0.        ],0.1,0.04994686503719448
1461,264,1,Popularity_Baseline,0.5,1.0,0.0,0.0,0.0,[855.94   7.68],[ 59.94 575.68],[0.93455475 0.01316511],[0.94519016 0.        ],0.1,0.04994686503719448
1462,402,1,Popularity_Baseline,0.5,1.0,0.0,0.0,0.0,[855.94   7.69],[ 59.94 576.69],[0.93455475 0.01315925],[0.94519016 0.        ],0.1,0.04994686503719448
1463,230,1,Popularity_Baseline,0.5,1.0,0.0,0.6,0.0,[855.94   7.7 ],[ 59.94 577.7 ],[0.93455475 0.0131534 ],[0.94519016 0.        ],0.1,0.04994686503719448
1464,173,1,Popularity_Baseline,0.5,1.0,0.0,0.4,0.0,[855.94   7.71],[ 59.94 578.71],[0.93455475 0.01314757],[0.94519016 0.        ],0.1,0.04994686503719448
1465,10,1,Popularity_Baseline,0.5,1.0,0.0,0.0,0.0,[855.94   7.72],[ 59.94 579.72],[0.93455475 0.01314177],[0.94519016 0.        ],0.1,0.04994686503719448
1466,95,1,Popularity_Baseline,0.5,1.0,0.0,0.0,0.0,[855.94   7.73],[ 59.94 580.73],[0.93455475 0.01313598],[0.94519016 0.        ],0.1,0.04994686503719448
1467,387,1,Popularity_Baseline,0.5,1.0,0.0,0.0,0.0,[855.94   7.74],[ 59.94 581.74],[0.93455475 0.01313022],[0.94519016 0.        ],0.1,0.04994686503719448
1468,318,1,Popularity_Baseline,0.5,1.0,0.0,0.0,0.0,[855.94   7.75],[ 59.94 582.75],[0.93455475 0.01312447],[0.94519016 0.        ],0.1,0.04994686503719448
1469,185,1,Popularity_Baseline,0.5,1.0,0.0,0.0,0.0,[855.94   7.76],[ 59.94 583.76],[0.93455475 0.01311874],[0.94519016 0.        ],0.1,0.04994686503719448
1470,404,1,Popularity_Baseline,0.5,1.0,0.0,0.3,0.0,[855.94   7.77],[ 59.94 584.77],[0.93455475 0.01311304],[0.94519016 0.        ],0.1,0.04994686503719448
1471,120,1,Popularity_Baseline,0.5,1.0,0.0,0.0,0.0,[855.94   7.78],[ 59.94 585.78],[0.93455475 0.01310735],[0.94519016 0.        ],0.1,0.04994686503719448
1472,187,1,Popularity_Baseline,0.5,1.0,0.0,0.2,0.0,[855.94   7.79],[ 59.94 586.79],[0.93455475 0.01310169],[0.94519016 0.        ],0.1,0.04994686503719448
1473,281,1,Popularity_Baseline,0.5,1.0,0.0,1.0,0.0,[855.94   7.8 ],[ 59.94 587.8 ],[0.93455475 0.01309604],[0.94519016 0.        ],0.1,0.04994686503719448
1474,111,1,Popularity_Baseline,0.5,1.0,0.0,0.0,0.0,[855.94   7.81],[ 59.94 588.81],[0.93455475 0.01309041],[0.94519016 0.        ],0.1,0.04994686503719448
1475,303,1,Popularity_Baseline,0.5,1.0,0.0,0.0,0.0,[855.94   7.82],[ 59.94 589.82],[0.93455475 0.0130848 ],[0.94519016 0.        ],0.1,0.04994686503719448
1476,255,1,Popularity_Baseline,0.5,1.0,0.0,0.0,0.0,[855.94   7.83],[ 59.94 590.83],[0.93455475 0.01307921],[0.94519016 0.        ],0.1,0.04994686503719448
1477,368,1,Popularity_Baseline,0.5,1.0,0.0,0.0,0.0,[855.94   7.84],[ 59.94 591.84],[0.93455475 0.01307364],[0.94519016 0.        ],0.1,0.04994686503719448
1478,426,1,Popularity_Baseline,0.5,1.0,0.0,0.0,0.0,[855.94   7.85],[ 59.94 592.85],[0.93455475 0.01306809],[0.94519016 0.        ],0.1,0.04994686503719448
1479,386,1,Popularity_Baseline,0.5,1.0,0.0,0.0,0.0,[855.94   7.86],[ 59.94 593.86],[0.93455475 0.01306255],[0.94519016 0.        ],0.1,0.04994686503719448
1480,332,1,Popularity_Baseline,0.5,1.0,0.0,0.0,0.0,[855.94   7.87],[ 59.94 594.87],[0.93455475 0.01305704],[0.94519016 0.        ],0.1,0.04994686503719448
1481,443,1,Popularity_Baseline,0.5,1.0,0.0,0.0,0.0,[855.94   7.88],[ 59.94 595.88],[0.93455475 0.01305154],[0.94519016 0.        ],0.1,0.04994686503719448
1482,470,1,Popularity_Baseline,0.5,1.0,0.0,0.3,0.0,[855.94   7.89],[ 59.94 596.89],[0.93455475 0.01304607],[0.94519016 0.        ],0.1,0.04994686503719448
1483,377,1,Popularity_Baseline,0.5,1.0,0.0,0.0,0.0,[855.94   7.9 ],[ 59.94 597.9 ],[0.93455475 0.01304061],[0.94519016 0.        ],0.1,0.04994686503719448
1484,190,1,Popularity_Baseline,0.5,1.0,0.0,0.7,0.0,[855.94   7.91],[ 59.94 598.91],[0.93455475 0.01303517],[0.94519016 0.        ],0.1,0.04994686503719448
1485,132,1,Popularity_Baseline,0.5,1.0,0.0,0.4,0.0,[855.94   7.92],[ 59.94 599.92],[0.93455475 0.01302974],[0.94519016 0.        ],0.1,0.04994686503719448
1486,63,1,Popularity_Baseline,0.5,1.0,0.0,0.0,0.0,[855.94   7.93],[ 59.94 600.93],[0.93455475 0.01302434],[0.94519016 0.        ],0.1,0.04994686503719448
1487,594,1,Popularity_Baseline,0.5,1.0,0.0,0.5,0.0,[855.94   7.94],[ 59.94 601.94],[0.93455475 0.01301895],[0.94519016 0.        ],0.1,0.04994686503719448
1488,509,1,Popularity_Baseline,0.5,1.0,0.0,0.0,0.0,[855.94   7.95],[ 59.94 602.95],[0.93455475 0.01301359],[0.94519016 0.        ],0.1,0.04994686503719448
1489,51,1,Popularity_Baseline,0.5,1.0,0.0,0.0,0.0,[855.94   7.96],[ 59.94 603.96],[0.93455475 0.01300824],[0.94519016 0.        ],0.1,0.04994686503719448
1490,257,1,Popularity_Baseline,0.5,1.0,0.0,1.0,0.0,[855.94   7.97],[ 59.94 604.97],[0.93455475 0.0130029 ],[0.94519016 0.        ],0.1,0.04994686503719448
1491,266,1,Popularity_Baseline,0.5,1.0,0.0,0.0,0.0,[855.94   7.98],[ 59.94 605.98],[0.93455475 0.01299759],[0.94519016 0.        ],0.1,0.04994686503719448
1492,571,1,Popularity_Baseline,0.5,1.0,0.0,0.0,0.0,[855.94   7.99],[ 59.94 606.99],[0.93455475 0.01299229],[0.94519016 0.        ],0.1,0.04994686503719448
1493,110,1,Popularity_Baseline,0.5,1.0,0.0,0.0,0.0,[855.94   8.  ],[ 59.94 608.  ],[0.93455475 0.01298701],[0.94519016 0.        ],0.1,0.04994686503719448
1494,94,1,Popularity_Baseline,0.5,1.0,0.0,0.0,0.0,[855.94   8.01],[ 59.94 609.01],[0.93455475 0.01298175],[0.94519016 0.        ],0.1,0.04994686503719448
1495,127,1,Popularity_Baseline,0.5,1.0,0.0,0.0,0.0,[855.94   8.02],[ 59.94 610.02],[0.93455475 0.01297651],[0.94519016 0.        ],0.1,0.04994686503719448
1496,203,1,Popularity_Baseline,0.5,1.0,0.0,0.6,0.0,[855.94   8.03],[ 59.94 611.03],[0.93455475 0.01297128],[0.94519016 0.        ],0.1,0.04994686503719448
1497,129,1,Popularity_Baseline,0.5,1.0,0.0,0.0,0.0,[855.94   8.04],[ 59.94 612.04],[0.93455475 0.01296607],[0.94519016 0.        ],0.1,0.04994686503719448
1498,414,1,Popularity_Baseline,0.0,0.0,0.0,0.0,0.0,[855.94   8.05],[ 59.94 613.05],[0.93455475 0.01296088],[0.94519016 0.        ],0.1,0.04994686503719448
1499,467,1,Popularity_Baseline,0.5,1.0,0.0,0.8,0.0,[855.94   8.06],[ 59.94 614.06],[0.93455475 0.0129557 ],[0.94519016 0.        ],0.1,0.04994686503719448
1500,264,1,Popularity_Baseline,0.5,1.0,0.0,0.0,0.0,[855.94   8.07],[ 59.94 615.07],[0.93455475 0.01295054],[0.94519016 0.        ],0.1,0.04994686503719448
1501,560,1,Popularity_Baseline,0.5,1.0,0.0,0.3,0.0,[855.94   8.08],[ 59.94 616.08],[0.93455475 0.0129454 ],[0.94519016 0.        ],0.1,0.04994686503719448
1502,208,1,Popularity_Baseline,0.5,1.0,0.0,0.0,0.0,[855.94   8.09],[ 59.94 617.09],[0.93455475 0.01294027],[0.94519016 0.        ],0.1,0.04994686503719448
1503,119,1,Popularity_Baseline,0.5,1.0,0.0,0.6,0.0,[855.94   8.1 ],[ 59.94 618.1 ],[0.93455475 0.01293516],[0.94519016 0.        ],0.1,0.04994686503719448
1504,419,1,Popularity_Baseline,0.5,1.0,0.0,0.0,0.0,[855.94   8.11],[ 59.94 619.11],[0.93455475 0.01293007],[0.94519016 0.        ],0.1,0.04994686503719448
1505,459,1,Popularity_Baseline,0.5,1.0,0.0,0.0,0.0,[855.94   8.12],[ 59.94 620.12],[0.93455475 0.012925  ],[0.94519016 0.        ],0.1,0.04994686503719448
1506,552,1,Popularity_Baseline,0.5,1.0,0.0,0.0,0.0,[855.94   8.13],[ 59.94 621.13],[0.93455475 0.01291994],[0.94519016 0.        ],0.1,0.04994686503719448
1507,220,1,Popularity_Baseline,0.5,1.0,0.0,0.3,0.0,[855.94   8.14],[ 59.94 622.14],[0.93455475 0.01291489],[0.94519016 0.        ],0.1,0.04994686503719448
1508,584,1,Popularity_Baseline,0.5,1.0,0.0,0.0,0.0,[855.94   8.15],[ 59.94 623.15],[0.93455475 0.01290987],[0.94519016 0.        ],0.1,0.04994686503719448
1509,502,1,Popularity_Baseline,0.5,1.0,0.0,0.0,0.0,[855.94   8.16],[ 59.94 624.16],[0.93455475 0.01290486],[0.94519016 0.        ],0.1,0.04994686503719448
1510,551,1,Popularity_Baseline,0.5,1.0,0.0,0.2,0.0,[855.94   8.17],[ 59.94 625.17],[0.93455475 0.01289986],[0.94519016 0.        ],0.1,0.04994686503719448
1511,213,1,Popularity_Baseline,0.5,1.0,0.0,0.0,0.0,[855.94   8.18],[ 59.94 626.18],[0.93455475 0.01289489],[0.94519016 0.        ],0.1,0.04994686503719448
1512,494,1,Popularity_Baseline,0.5,1.0,0.0,0.5,0.0,[855.94   8.19],[ 59.94 627.19],[0.93455475 0.01288992],[0.94519016 0.        ],0.1,0.04994686503719448
1513,608,1,Popularity_Baseline,0.0,0.0,0.0,0.0,0.0,[855.94   8.2 ],[ 59.94 628.2 ],[0.93455475 0.01288498],[0.94519016 0.        ],0.1,0.04994686503719448
1514,49,1,Popularity_Baseline,0.5,1.0,0.0,0.0,0.0,[855.94   8.21],[ 59.94 629.21],[0.93455475 0.01288005],[0.94519016 0.        ],0.1,0.04994686503719448
1515,598,1,Popularity_Baseline,0.5,1.0,0.0,0.0,0.0,[855.94   8.22],[ 59.94 630.22],[0.93455475 0.01287513],[0.94519016 0.        ],0.1,0.04994686503719448
1516,109,1,Popularity_Baseline,0.5,1.0,0.0,0.2,0.0,[855.94   8.23],[ 59.94 631.23],[0.93455475 0.01287023],[0.94519016 0.        ],0.1,0.04994686503719448
1517,25,1,Popularity_Baseline,0.5,1.0,0.0,0.0,0.0,[855.94   8.24],[ 59.94 632.24],[0.93455475 0.01286535],[0.94519016 0.        ],0.1,0.04994686503719448
1518,232,1,Popularity_Baseline,0.5,1.0,0.0,0.1,0.0,[855.94   8.25],[ 59.94 633.25],[0.93455475 0.01286048],[0.94519016 0.        ],0.1,0.04994686503719448
1519,560,1,Popularity_Baseline,0.5,1.0,0.0,0.0,0.0,[855.94   8.26],[ 59.94 634.26],[0.93455475 0.01285563],[0.94519016 0.        ],0.1,0.04994686503719448
1520,393,1,Popularity_Baseline,0.5,1.0,0.0,0.0,0.0,[855.94   8.27],[ 59.94 635.27],[0.93455475 0.01285079],[0.94519016 0.        ],0.1,0.04994686503719448
1521,400,1,Popularity_Baseline,0.5,1.0,0.0,0.0,0.0,[855.94   8.28],[ 59.94 636.28],[0.93455475 0.01284597],[0.94519016 0.        ],0.1,0.04994686503719448
1522,1,1,Popularity_Baseline,0.5,1.0,0.0,0.0,0.0,[855.94   8.29],[ 59.94 637.29],[0.93455475 0.01284117],[0.94519016 0.        ],0.1,0.04994686503719448
1523,452,1,Popularity_Baseline,0.5,1.0,0.0,0.3,0.0,[855.94   8.3 ],[ 59.94 638.3 ],[0.93455475 0.01283637],[0.94519016 0.        ],0.1,0.04994686503719448
1524,332,1,Popularity_Baseline,0.5,1.0,0.0,0.0,0.0,[855.94   8.31],[ 59.94 639.31],[0.93455475 0.0128316 ],[0.94519016 0.        ],0.1,0.04994686503719448
1525,190,1,Popularity_Baseline,0.5,1.0,0.0,0.0,0.0,[855.94   8.32],[ 59.94 640.32],[0.93455475 0.01282684],[0.94519016 0.        ],0.1,0.04994686503719448
1526,534,1,Popularity_Baseline,0.5,1.0,0.0,0.0,0.0,[855.94   8.33],[ 59.94 641.33],[0.93455475 0.01282209],[0.94519016 0.        ],0.1,0.04994686503719448
1527,481,1,Popularity_Baseline,0.5,1.0,0.0,0.0,0.0,[855.94   8.34],[ 59.94 642.34],[0.93455475 0.01281736],[0.94519016 0.        ],0.1,0.04994686503719448
1528,176,1,Popularity_Baseline,0.5,1.0,0.0,0.5,0.0,[855.94   8.35],[ 59.94 643.35],[0.93455475 0.01281264],[0.94519016 0.        ],0.1,0.04994686503719448
1529,245,1,Popularity_Baseline,0.5,1.0,0.0,0.0,0.0,[855.94   8.36],[ 59.94 644.36],[0.93455475 0.01280794],[0.94519016 0.        ],0.1,0.04994686503719448
1530,79,1,Popularity_Baseline,0.5,1.0,0.0,0.6,0.0,[855.94   8.37],[ 59.94 645.37],[0.93455475 0.01280326],[0.94519016 0.        ],0.1,0.04994686503719448
1531,93,1,Popularity_Baseline,0.5,1.0,0.0,0.0,0.0,[855.94   8.38],[ 59.94 646.38],[0.93455475 0.01279858],[0.94519016 0.        ],0.1,0.04994686503719448
1532,23,1,Popularity_Baseline,0.5,1.0,0.0,0.0,0.0,[855.94   8.39],[ 59.94 647.39],[0.93455475 0.01279392],[0.94519016 0.        ],0.1,0.04994686503719448
1533,528,1,Popularity_Baseline,0.5,1.0,0.0,0.4,0.0,[855.94   8.4 ],[ 59.94 648.4 ],[0.93455475 0.01278928],[0.94519016 0.        ],0.1,0.04994686503719448
1534,484,1,Popularity_Baseline,0.5,1.0,0.0,0.7,0.0,[855.94   8.41],[ 59.94 649.41],[0.93455475 0.01278465],[0.94519016 0.        ],0.1,0.04994686503719448
1535,9,1,Popularity_Baseline,0.5,1.0,0.0,0.0,0.0,[855.94   8.42],[ 59.94 650.42],[0.93455475 0.01278004],[0.94519016 0.        ],0.1,0.04994686503719448
1536,547,1,Popularity_Baseline,0.5,1.0,0.0,0.0,0.0,[855.94   8.43],[ 59.94 651.43],[0.93455475 0.01277544],[0.94519016 0.        ],0.1,0.04994686503719448
1537,544,1,Popularity_Baseline,0.5,1.0,0.0,0.0,0.0,[855.94   8.44],[ 59.94 652.44],[0.93455475 0.01277085],[0.94519016 0.        ],0.1,0.04994686503719448
1538,271,1,Popularity_Baseline,0.5,1.0,0.0,0.0,0.0,[855.94   8.45],[ 59.94 653.45],[0.93455475 0.01276628],[0.94519016 0.        ],0.1,0.04994686503719448
1539,539,1,Popularity_Baseline,0.5,1.0,0.0,0.8,0.0,[855.94   8.46],[ 59.94 654.46],[0.93455475 0.01276172],[0.94519016 0.        ],0.1,0.04994686503719448
1540,525,1,Popularity_Baseline,0.5,1.0,0.0,0.0,0.0,[855.94   8.47],[ 59.94 655.47],[0.93455475 0.01275718],[0.94519016 0.        ],0.1,0.04994686503719448
1541,376,1,Popularity_Baseline,0.5,1.0,0.0,0.3,0.0,[855.94   8.48],[ 59.94 656.48],[0.93455475 0.01275265],[0.94519016 0.        ],0.1,0.04994686503719448
1542,67,1,Popularity_Baseline,0.5,1.0,0.0,0.5,0.0,[855.94   8.49],[ 59.94 657.49],[0.93455475 0.01274813],[0.94519016 0.        ],0.1,0.04994686503719448
1543,413,1,Popularity_Baseline,0.5,1.0,0.0,0.0,0.0,[855.94   8.5 ],[ 59.94 658.5 ],[0.93455475 0.01274363],[0.94519016 0.        ],0.1,0.04994686503719448
1544,189,1,Popularity_Baseline,0.5,1.0,0.0,0.0,0.0,[855.94   8.51],[ 59.94 659.51],[0.93455475 0.01273914],[0.94519016 0.        ],0.1,0.04994686503719448
1545,425,1,Popularity_Baseline,0.0,0.0,0.0,0.0,0.0,[855.94   8.52],[ 59.94 660.52],[0.93455475 0.01273466],[0.94519016 0.        ],0.1,0.04994686503719448
1546,136,1,Popularity_Baseline,0.5,1.0,0.0,0.0,0.0,[855.94   8.53],[ 59.94 661.53],[0.93455475 0.0127302 ],[0.94519016 0.        ],0.1,0.04994686503719448
1547,539,1,Popularity_Baseline,0.5,1.0,0.0,0.0,0.0,[855.94   8.54],[ 59.94 662.54],[0.93455475 0.01272576],[0.94519016 0.        ],0.1,0.04994686503719448
1548,520,1,Popularity_Baseline,0.5,1.0,0.0,0.6,0.0,[855.94   8.55],[ 59.94 663.55],[0.93455475 0.01272132],[0.94519016 0.        ],0.1,0.04994686503719448
1549,333,1,Popularity_Baseline,0.5,1.0,0.0,0.0,0.0,[855.94   8.56],[ 59.94 664.56],[0.93455475 0.0127169 ],[0.94519016 0.        ],0.1,0.04994686503719448
1550,337,1,Popularity_Baseline,0.5,1.0,0.0,0.7,0.0,[855.94   8.57],[ 59.94 665.57],[0.93455475 0.01271249],[0.94519016 0.        ],0.1,0.04994686503719448
1551,240,1,Popularity_Baseline,0.5,1.0,0.0,0.0,0.0,[855.94   8.58],[ 59.94 666.58],[0.93455475 0.0127081 ],[0.94519016 0.        ],0.1,0.04994686503719448
1552,174,1,Popularity_Baseline,0.5,1.0,0.0,0.5,0.0,[855.94   8.59],[ 59.94 667.59],[0.93455475 0.01270372],[0.94519016 0.        ],0.1,0.04994686503719448
1553,588,1,Popularity_Baseline,0.5,1.0,0.0,0.0,0.0,[855.94   8.6 ],[ 59.94 668.6 ],[0.93455475 0.01269935],[0.94519016 0.        ],0.1,0.04994686503719448
1554,466,1,Popularity_Baseline,0.5,1.0,0.0,0.6,0.0,[855.94   8.61],[ 59.94 669.61],[0.93455475 0.012695  ],[0.94519016 0.        ],0.1,0.04994686503719448
1555,274,1,Popularity_Baseline,0.0,0.0,0.0,0.0,0.0,[855.94   8.62],[ 59.94 670.62],[0.93455475 0.01269065],[0.94519016 0.        ],0.1,0.04994686503719448
1556,327,1,Popularity_Baseline,0.5,1.0,0.0,0.8,0.0,[855.94   8.63],[ 59.94 671.63],[0.93455475 0.01268633],[0.94519016 0.        ],0.1,0.04994686503719448
1557,221,1,Popularity_Baseline,0.5,1.0,0.0,0.0,0.0,[855.94   8.64],[ 59.94 672.64],[0.93455475 0.01268201],[0.94519016 0.        ],0.1,0.04994686503719448
1558,242,1,Popularity_Baseline,0.5,1.0,0.0,0.0,0.0,[855.94   8.65],[ 59.94 673.65],[0.93455475 0.01267771],[0.94519016 0.        ],0.1,0.04994686503719448
1559,454,1,Popularity_Baseline,0.5,1.0,0.0,0.9,0.0,[855.94   8.66],[ 59.94 674.66],[0.93455475 0.01267342],[0.94519016 0.        ],0.1,0.04994686503719448
1560,543,1,Popularity_Baseline,0.5,1.0,0.0,0.8,0.0,[855.94   8.67],[ 59.94 675.67],[0.93455475 0.01266914],[0.94519016 0.        ],0.1,0.04994686503719448
1561,460,1,Popularity_Baseline,0.5,1.0,0.0,0.0,0.0,[855.94   8.68],[ 59.94 676.68],[0.93455475 0.01266488],[0.94519016 0.        ],0.1,0.04994686503719448
1562,136,1,Popularity_Baseline,0.5,1.0,0.0,0.0,0.0,[855.94   8.69],[ 59.94 677.69],[0.93455475 0.01266063],[0.94519016 0.        ],0.1,0.04994686503719448
1563,46,1,Popularity_Baseline,0.5,1.0,0.0,0.0,0.0,[855.94   8.7 ],[ 59.94 678.7 ],[0.93455475 0.01265639],[0.94519016 0.        ],0.1,0.04994686503719448
1564,256,1,Popularity_Baseline,0.5,1.0,0.0,0.6,0.0,[855.94   8.71],[ 59.94 679.71],[0.93455475 0.01265216],[0.94519016 0.        ],0.1,0.04994686503719448
1565,212,1,Popularity_Baseline,0.5,1.0,0.0,0.0,0.0,[855.94   8.72],[ 59.94 680.72],[0.93455475 0.01264795],[0.94519016 0.        ],0.1,0.04994686503719448
1566,45,1,Popularity_Baseline,0.5,1.0,0.0,0.2,0.0,[855.94   8.73],[ 59.94 681.73],[0.93455475 0.01264374],[0.94519016 0.        ],0.1,0.04994686503719448
1567,300,1,Popularity_Baseline,0.5,1.0,0.0,0.5,0.0,[855.94   8.74],[ 59.94 682.74],[0.93455475 0.01263956],[0.94519016 0.        ],0.1,0.04994686503719448
1568,8,1,Popularity_Baseline,0.5,1.0,0.0,0.0,0.0,[855.94   8.75],[ 59.94 683.75],[0.93455475 0.01263538],[0.94519016 0.        ],0.1,0.04994686503719448
1569,245,1,Popularity_Baseline,0.5,1.0,0.0,0.0,0.0,[855.94   8.76],[ 59.94 684.76],[0.93455475 0.01263121],[0.94519016 0.        ],0.1,0.04994686503719448
1570,478,1,Popularity_Baseline,0.5,1.0,0.0,0.0,0.0,[855.94   8.77],[ 59.94 685.77],[0.93455475 0.01262706],[0.94519016 0.        ],0.1,0.04994686503719448
1571,587,1,Popularity_Baseline,0.5,1.0,0.0,0.0,0.0,[855.94   8.78],[ 59.94 686.78],[0.93455475 0.01262292],[0.94519016 0.        ],0.1,0.04994686503719448
1572,120,1,Popularity_Baseline,0.5,1.0,0.0,0.0,0.0,[855.94   8.79],[ 59.94 687.79],[0.93455475 0.01261879],[0.94519016 0.        ],0.1,0.04994686503719448
1573,274,1,Popularity_Baseline,0.0,0.0,0.0,0.0,0.0,[855.94   8.8 ],[ 59.94 688.8 ],[0.93455475 0.01261468],[0.94519016 0.        ],0.1,0.04994686503719448
1574,596,1,Popularity_Baseline,0.5,1.0,0.0,0.4,0.0,[855.94   8.81],[ 59.94 689.81],[0.93455475 0.01261058],[0.94519016 0.        ],0.1,0.04994686503719448
1575,384,1,Popularity_Baseline,0.5,1.0,0.0,0.8,0.0,[855.94   8.82],[ 59.94 690.82],[0.93455475 0.01260648],[0.94519016 0.        ],0.1,0.04994686503719448
1576,215,1,Popularity_Baseline,0.5,1.0,0.0,0.0,0.0,[855.94   8.83],[ 59.94 691.83],[0.93455475 0.0126024 ],[0.94519016 0.        ],0.1,0.04994686503719448
1577,302,1,Popularity_Baseline,0.5,1.0,0.0,0.5,0.0,[855.94   8.84],[ 59.94 692.84],[0.93455475 0.01259834],[0.94519016 0.        ],0.1,0.04994686503719448
1578,13,1,Popularity_Baseline,0.5,1.0,0.0,0.0,0.0,[855.94   8.85],[ 59.94 693.85],[0.93455475 0.01259428],[0.94519016 0.        ],0.1,0.04994686503719448
1579,547,1,Popularity_Baseline,0.5,1.0,0.0,0.0,0.0,[855.94   8.86],[ 59.94 694.86],[0.93455475 0.01259023],[0.94519016 0.        ],0.1,0.04994686503719448
1580,461,1,Popularity_Baseline,0.5,1.0,0.0,0.0,0.0,[855.94   8.87],[ 59.94 695.87],[0.93455475 0.0125862 ],[0.94519016 0.        ],0.1,0.04994686503719448
1581,112,1,Popularity_Baseline,0.5,1.0,0.0,0.0,0.0,[855.94   8.88],[ 59.94 696.88],[0.93455475 0.01258218],[0.94519016 0.        ],0.1,0.04994686503719448
1582,337,1,Popularity_Baseline,0.5,1.0,0.0,0.0,0.0,[855.94   8.89],[ 59.94 697.89],[0.93455475 0.01257817],[0.94519016 0.        ],0.1,0.04994686503719448
1583,285,1,Popularity_Baseline,0.5,1.0,0.0,0.0,0.0,[855.94   8.9 ],[ 59.94 698.9 ],[0.93455475 0.01257417],[0.94519016 0.        ],0.1,0.04994686503719448
1584,408,1,Popularity_Baseline,0.5,1.0,0.0,0.7,0.0,[855.94   8.91],[ 59.94 699.91],[0.93455475 0.01257019],[0.94519016 0.        ],0.1,0.04994686503719448
1585,364,1,Popularity_Baseline,0.5,1.0,0.0,0.0,0.0,[855.94   8.92],[ 59.94 700.92],[0.93455475 0.01256621],[0.94519016 0.        ],0.1,0.04994686503719448
1586,63,1,Popularity_Baseline,0.5,1.0,0.0,0.0,0.0,[855.94   8.93],[ 59.94 701.93],[0.93455475 0.01256225],[0.94519016 0.        ],0.1,0.04994686503719448
1587,386,1,Popularity_Baseline,0.5,1.0,0.0,0.0,0.0,[855.94   8.94],[ 59.94 702.94],[0.93455475 0.0125583 ],[0.94519016 0.        ],0.1,0.04994686503719448
1588,601,1,Popularity_Baseline,0.5,1.0,0.0,0.0,0.0,[855.94   8.95],[ 59.94 703.95],[0.93455475 0.01255436],[0.94519016 0.        ],0.1,0.04994686503719448
1589,156,1,Popularity_Baseline,0.5,1.0,0.0,0.0,0.0,[855.94   8.96],[ 59.94 704.96],[0.93455475 0.01255043],[0.94519016 0.        ],0.1,0.04994686503719448
1590,295,1,Popularity_Baseline,0.5,1.0,0.0,0.8,0.0,[855.94   8.97],[ 59.94 705.97],[0.93455475 0.01254651],[0.94519016 0.        ],0.1,0.04994686503719448
1591,314,1,Popularity_Baseline,0.5,1.0,0.0,0.0,0.0,[855.94   8.98],[ 59.94 706.98],[0.93455475 0.0125426 ],[0.94519016 0.        ],0.1,0.04994686503719448
1592,252,1,Popularity_Baseline,0.5,1.0,0.0,1.0,0.0,[855.94   8.99],[ 59.94 707.99],[0.93455475 0.0125387 ],[0.94519016 0.        ],0.1,0.04994686503719448
1593,542,1,Popularity_Baseline,0.5,1.0,0.0,0.0,0.0,[855.94   9.  ],[ 59.94 709.  ],[0.93455475 0.01253482],[0.94519016 0.        ],0.1,0.04994686503719448
1594,449,1,Popularity_Baseline,0.5,1.0,0.0,0.8,0.0,[855.94   9.01],[ 59.94 710.01],[0.93455475 0.01253094],[0.94519016 0.        ],0.1,0.04994686503719448
1595,323,1,Popularity_Baseline,0.5,1.0,0.0,0.2,0.0,[855.94   9.02],[ 59.94 711.02],[0.93455475 0.01252708],[0.94519016 0.        ],0.1,0.04994686503719448
1596,313,1,Popularity_Baseline,0.5,1.0,0.0,0.0,0.0,[855.94   9.03],[ 59.94 712.03],[0.93455475 0.01252323],[0.94519016 0.        ],0.1,0.04994686503719448
1597,252,1,Popularity_Baseline,0.5,1.0,0.0,0.0,0.0,[855.94   9.04],[ 59.94 713.04],[0.93455475 0.01251939],[0.94519016 0.        ],0.1,0.04994686503719448
1598,221,1,Popularity_Baseline,0.5,1.0,0.0,0.0,0.0,[855.94   9.05],[ 59.94 714.05],[0.93455475 0.01251556],[0.94519016 0.        ],0.1,0.04994686503719448
1599,467,1,Popularity_Baseline,0.5,1.0,0.0,0.0,0.0,[855.94   9.06],[ 59.94 715.06],[0.93455475 0.01251174],[0.94519016 0.        ],0.1,0.04994686503719448
1600,440,1,Popularity_Baseline,0.5,1.0,0.0,0.0,0.0,[855.94   9.07],[ 59.94 716.07],[0.93455475 0.01250793],[0.94519016 0.        ],0.1,0.04994686503719448
1601,105,1,Popularity_Baseline,0.5,1.0,0.0,0.0,0.0,[855.94   9.08],[ 59.94 717.08],[0.93455475 0.01250413],[0.94519016 0.        ],0.1,0.04994686503719448
1602,322,1,Popularity_Baseline,0.5,1.0,0.0,0.0,0.0,[855.94   9.09],[ 59.94 718.09],[0.93455475 0.01250034],[0.94519016 0.        ],0.1,0.04994686503719448
1603,3,1,Popularity_Baseline,0.5,1.0,0.0,0.0,0.0,[855.94   9.1 ],[ 59.94 719.1 ],[0.93455475 0.01249657],[0.94519016 0.        ],0.1,0.04994686503719448
1604,428,1,Popularity_Baseline,0.5,1.0,0.0,0.2,0.0,[855.94   9.11],[ 59.94 720.11],[0.93455475 0.0124928 ],[0.94519016 0.        ],0.1,0.04994686503719448
1605,318,1,Popularity_Baseline,0.5,1.0,0.0,0.0,0.0,[855.94   9.12],[ 59.94 721.12],[0.93455475 0.01248904],[0.94519016 0.        ],0.1,0.04994686503719448
1606,6,1,Popularity_Baseline,0.5,1.0,0.0,0.2,0.0,[855.94   9.13],[ 59.94 722.13],[0.93455475 0.0124853 ],[0.94519016 0.        ],0.1,0.04994686503719448
1607,127,1,Popularity_Baseline,0.5,1.0,0.0,0.0,0.0,[855.94   9.14],[ 59.94 723.14],[0.93455475 0.01248156],[0.94519016 0.        ],0.1,0.04994686503719448
1608,608,1,Popularity_Baseline,0.0,0.0,0.0,0.0,0.0,[855.94   9.15],[ 59.94 724.15],[0.93455475 0.01247784],[0.94519016 0.        ],0.1,0.04994686503719448
1609,426,1,Popularity_Baseline,0.5,1.0,0.0,0.0,0.0,[855.94   9.16],[ 59.94 725.16],[0.93455475 0.01247413],[0.94519016 0.        ],0.1,0.04994686503719448
1610,507,1,Popularity_Baseline,0.5,1.0,0.0,0.0,0.0,[855.94   9.17],[ 59.94 726.17],[0.93455475 0.01247042],[0.94519016 0.        ],0.1,0.04994686503719448
1611,27,1,Popularity_Baseline,0.5,1.0,0.0,0.0,0.0,[855.94   9.18],[ 59.94 727.18],[0.93455475 0.01246673],[0.94519016 0.        ],0.1,0.04994686503719448
1612,46,1,Popularity_Baseline,0.5,1.0,0.0,0.0,0.0,[855.94   9.19],[ 59.94 728.19],[0.93455475 0.01246304],[0.94519016 0.        ],0.1,0.04994686503719448
1613,148,1,Popularity_Baseline,0.5,1.0,0.0,0.9,0.0,[855.94   9.2 ],[ 59.94 729.2 ],[0.93455475 0.01245937],[0.94519016 0.        ],0.1,0.04994686503719448
1614,203,1,Popularity_Baseline,0.5,1.0,0.0,0.0,0.0,[855.94   9.21],[ 59.94 730.21],[0.93455475 0.01245571],[0.94519016 0.        ],0.1,0.04994686503719448
1615,293,1,Popularity_Baseline,0.5,1.0,0.0,0.0,0.0,[855.94   9.22],[ 59.94 731.22],[0.93455475 0.01245206],[0.94519016 0.        ],0.1,0.04994686503719448
1616,262,1,Popularity_Baseline,0.5,1.0,0.0,0.6,0.0,[855.94   9.23],[ 59.94 732.23],[0.93455475 0.01244841],[0.94519016 0.        ],0.1,0.04994686503719448
1617,69,1,Popularity_Baseline,0.5,1.0,0.0,0.3,0.0,[855.94   9.24],[ 59.94 733.24],[0.93455475 0.01244478],[0.94519016 0.        ],0.1,0.04994686503719448
1618,419,1,Popularity_Baseline,0.5,1.0,0.0,0.0,0.0,[855.94   9.25],[ 59.94 734.25],[0.93455475 0.01244116],[0.94519016 0.        ],0.1,0.04994686503719448
1619,34,1,Popularity_Baseline,0.5,1.0,0.0,0.0,0.0,[855.94   9.26],[ 59.94 735.26],[0.93455475 0.01243754],[0.94519016 0.        ],0.1,0.04994686503719448
1620,124,1,Popularity_Baseline,0.5,1.0,0.0,0.3,0.0,[855.94   9.27],[ 59.94 736.27],[0.93455475 0.01243394],[0.94519016 0.        ],0.1,0.04994686503719448
1621,146,1,Popularity_Baseline,0.5,1.0,0.0,0.0,0.0,[855.94   9.28],[ 59.94 737.28],[0.93455475 0.01243035],[0.94519016 0.        ],0.1,0.04994686503719448
1622,328,1,Popularity_Baseline,0.5,1.0,0.0,0.0,0.0,[855.94   9.29],[ 59.94 738.29],[0.93455475 0.01242676],[0.94519016 0.        ],0.1,0.04994686503719448
1623,385,1,Popularity_Baseline,0.5,1.0,0.0,0.0,0.0,[855.94   9.3 ],[ 59.94 739.3 ],[0.93455475 0.01242319],[0.94519016 0.        ],0.1,0.04994686503719448
1624,4,1,Popularity_Baseline,0.5,1.0,0.0,0.0,0.0,[855.94   9.31],[ 59.94 740.31],[0.93455475 0.01241963],[0.94519016 0.        ],0.1,0.04994686503719448
1625,554,1,Popularity_Baseline,0.5,1.0,0.0,0.0,0.0,[855.94   9.32],[ 59.94 741.32],[0.93455475 0.01241607],[0.94519016 0.        ],0.1,0.04994686503719448
1626,388,1,Popularity_Baseline,0.5,1.0,0.0,0.0,0.0,[855.94   9.33],[ 59.94 742.33],[0.93455475 0.01241253],[0.94519016 0.        ],0.1,0.04994686503719448
1627,34,1,Popularity_Baseline,0.5,1.0,0.0,0.0,0.0,[855.94   9.34],[ 59.94 743.34],[0.93455475 0.01240899],[0.94519016 0.        ],0.1,0.04994686503719448
1628,444,1,Popularity_Baseline,0.5,1.0,0.0,0.0,0.0,[855.94   9.35],[ 59.94 744.35],[0.93455475 0.01240547],[0.94519016 0.        ],0.1,0.04994686503719448
1629,424,1,Popularity_Baseline,0.5,1.0,0.0,0.5,0.0,[855.94   9.36],[ 59.94 745.36],[0.93455475 0.01240195],[0.94519016 0.        ],0.1,0.04994686503719448
1630,411,1,Popularity_Baseline,0.5,1.0,0.0,0.2,0.0,[855.94   9.37],[ 59.94 746.37],[0.93455475 0.01239844],[0.94519016 0.        ],0.1,0.04994686503719448
1631,144,1,Popularity_Baseline,0.5,1.0,0.0,0.0,0.0,[855.94   9.38],[ 59.94 747.38],[0.93455475 0.01239495],[0.94519016 0.        ],0.1,0.04994686503719448
1632,485,1,Popularity_Baseline,0.5,1.0,0.0,0.0,0.0,[855.94   9.39],[ 59.94 748.39],[0.93455475 0.01239146],[0.94519016 0.        ],0.1,0.04994686503719448
1633,463,1,Popularity_Baseline,0.5,1.0,0.0,0.0,0.0,[855.94   9.4 ],[ 59.94 749.4 ],[0.93455475 0.01238798],[0.94519016 0.        ],0.1,0.04994686503719448
1634,258,1,Popularity_Baseline,0.5,1.0,0.0,0.0,0.0,[855.94   9.41],[ 59.94 750.41],[0.93455475 0.01238451],[0.94519016 0.        ],0.1,0.04994686503719448
1635,348,1,Popularity_Baseline,0.5,1.0,0.0,0.5,0.0,[855.94   9.42],[ 59.94 751.42],[0.93455475 0.01238105],[0.94519016 0.        ],0.1,0.04994686503719448
1636,499,1,Popularity_Baseline,0.5,1.0,0.0,1.0,0.0,[855.94   9.43],[ 59.94 752.43],[0.93455475 0.0123776 ],[0.94519016 0.        ],0.1,0.04994686503719448
1637,418,1,Popularity_Baseline,0.5,1.0,0.0,0.5,0.0,[855.94   9.44],[ 59.94 753.44],[0.93455475 0.01237416],[0.94519016 0.        ],0.1,0.04994686503719448
1638,165,1,Popularity_Baseline,0.5,1.0,0.0,0.0,0.0,[855.94   9.45],[ 59.94 754.45],[0.93455475 0.01237073],[0.94519016 0.        ],0.1,0.04994686503719448
1639,604,1,Popularity_Baseline,0.5,1.0,0.0,0.7,0.0,[855.94   9.46],[ 59.94 755.46],[0.93455475 0.01236731],[0.94519016 0.        ],0.1,0.04994686503719448
1640,147,1,Popularity_Baseline,0.5,1.0,0.0,0.0,0.0,[855.94   9.47],[ 59.94 756.47],[0.93455475 0.01236389],[0.94519016 0.        ],0.1,0.04994686503719448
1641,459,1,Popularity_Baseline,0.5,1.0,0.0,0.0,0.0,[855.94   9.48],[ 59.94 757.48],[0.93455475 0.01236049],[0.94519016 0.        ],0.1,0.04994686503719448
1642,457,1,Popularity_Baseline,0.5,1.0,0.0,0.7,0.0,[855.94   9.49],[ 59.94 758.49],[0.93455475 0.01235709],[0.94519016 0.        ],0.1,0.04994686503719448
1643,210,1,Popularity_Baseline,0.5,1.0,0.0,0.6,0.0,[855.94   9.5 ],[ 59.94 759.5 ],[0.93455475 0.01235371],[0.94519016 0.        ],0.1,0.04994686503719448
1644,337,1,Popularity_Baseline,0.5,1.0,0.0,0.0,0.0,[855.94   9.51],[ 59.94 760.51],[0.93455475 0.01235033],[0.94519016 0.        ],0.1,0.04994686503719448
1645,109,1,Popularity_Baseline,0.5,1.0,0.0,0.0,0.0,[855.94   9.52],[ 59.94 761.52],[0.93455475 0.01234696],[0.94519016 0.        ],0.1,0.04994686503719448
1646,518,1,Popularity_Baseline,0.5,1.0,0.0,0.0,0.0,[855.94   9.53],[ 59.94 762.53],[0.93455475 0.0123436 ],[0.94519016 0.        ],0.1,0.04994686503719448
1647,39,1,Popularity_Baseline,0.5,1.0,0.0,0.5,0.0,[855.94   9.54],[ 59.94 763.54],[0.93455475 0.01234025],[0.94519016 0.        ],0.1,0.04994686503719448
1648,393,1,Popularity_Baseline,0.5,1.0,0.0,0.0,0.0,[855.94   9.55],[ 59.94 764.55],[0.93455475 0.01233691],[0.94519016 0.        ],0.1,0.04994686503719448
1649,516,1,Popularity_Baseline,0.5,1.0,0.0,0.0,0.0,[855.94   9.56],[ 59.94 765.56],[0.93455475 0.01233357],[0.94519016 0.        ],0.1,0.04994686503719448
1650,485,1,Popularity_Baseline,0.5,1.0,0.0,0.0,0.0,[855.94   9.57],[ 59.94 766.57],[0.93455475 0.01233025],[0.94519016 0.        ],0.1,0.04994686503719448
1651,218,1,Popularity_Baseline,0.5,1.0,0.0,0.9,0.0,[855.94   9.58],[ 59.94 767.58],[0.93455475 0.01232693],[0.94519016 0.        ],0.1,0.04994686503719448
1652,210,1,Popularity_Baseline,0.5,1.0,0.0,0.0,0.0,[855.94   9.59],[ 59.94 768.59],[0.93455475 0.01232363],[0.94519016 0.        ],0.1,0.04994686503719448
1653,132,1,Popularity_Baseline,0.5,1.0,0.0,0.0,0.0,[855.94   9.6 ],[ 59.94 769.6 ],[0.93455475 0.01232033],[0.94519016 0.        ],0.1,0.04994686503719448
1654,167,1,Popularity_Baseline,0.5,1.0,0.0,0.0,0.0,[855.94   9.61],[ 59.94 770.61],[0.93455475 0.01231704],[0.94519016 0.        ],0.1,0.04994686503719448
1655,118,1,Popularity_Baseline,0.5,1.0,0.0,0.8,0.0,[855.94   9.62],[ 59.94 771.62],[0.93455475 0.01231376],[0.94519016 0.        ],0.1,0.04994686503719448
1656,451,1,Popularity_Baseline,0.5,1.0,0.0,0.0,0.0,[855.94   9.63],[ 59.94 772.63],[0.93455475 0.01231049],[0.94519016 0.        ],0.1,0.04994686503719448
1657,35,1,Popularity_Baseline,0.5,1.0,0.0,1.0,0.0,[855.94   9.64],[ 59.94 773.64],[0.93455475 0.01230722],[0.94519016 0.        ],0.1,0.04994686503719448
1658,493,1,Popularity_Baseline,0.5,1.0,0.0,0.0,0.0,[855.94   9.65],[ 59.94 774.65],[0.93455475 0.01230397],[0.94519016 0.        ],0.1,0.04994686503719448
1659,320,1,Popularity_Baseline,0.5,1.0,0.0,0.0,0.0,[855.94   9.66],[ 59.94 775.66],[0.93455475 0.01230072],[0.94519016 0.        ],0.1,0.04994686503719448
1660,23,1,Popularity_Baseline,0.5,1.0,0.0,0.0,0.0,[855.94   9.67],[ 59.94 776.67],[0.93455475 0.01229748],[0.94519016 0.        ],0.1,0.04994686503719448
1661,492,1,Popularity_Baseline,0.5,1.0,0.0,0.9,0.0,[855.94   9.68],[ 59.94 777.68],[0.93455475 0.01229425],[0.94519016 0.        ],0.1,0.04994686503719448
1662,303,1,Popularity_Baseline,0.5,1.0,0.0,0.0,0.0,[855.94   9.69],[ 59.94 778.69],[0.93455475 0.01229103],[0.94519016 0.        ],0.1,0.04994686503719448
1663,7,1,Popularity_Baseline,0.5,1.0,0.0,0.5,0.0,[855.94   9.7 ],[ 59.94 779.7 ],[0.93455475 0.01228781],[0.94519016 0.        ],0.1,0.04994686503719448
1664,411,1,Popularity_Baseline,0.5,1.0,0.0,0.0,0.0,[855.94   9.71],[ 59.94 780.71],[0.93455475 0.01228461],[0.94519016 0.        ],0.1,0.04994686503719448
1665,570,1,Popularity_Baseline,0.5,1.0,0.0,0.0,0.0,[855.94   9.72],[ 59.94 781.72],[0.93455475 0.01228141],[0.94519016 0.        ],0.1,0.04994686503719448
1666,351,1,Popularity_Baseline,0.5,1.0,0.0,0.0,0.0,[855.94   9.73],[ 59.94 782.73],[0.93455475 0.01227822],[0.94519016 0.        ],0.1,0.04994686503719448
1667,91,1,Popularity_Baseline,0.5,1.0,0.0,0.1,0.0,[855.94   9.74],[ 59.94 783.74],[0.93455475 0.01227504],[0.94519016 0.        ],0.1,0.04994686503719448
1668,388,1,Popularity_Baseline,0.5,1.0,0.0,0.0,0.0,[855.94   9.75],[ 59.94 784.75],[0.93455475 0.01227187],[0.94519016 0.        ],0.1,0.04994686503719448
1669,22,1,Popularity_Baseline,0.5,1.0,0.0,0.8,0.0,[855.94   9.76],[ 59.94 785.76],[0.93455475 0.0122687 ],[0.94519016 0.        ],0.1,0.04994686503719448
1670,236,1,Popularity_Baseline,0.5,1.0,0.0,1.0,0.0,[855.94   9.77],[ 59.94 786.77],[0.93455475 0.01226555],[0.94519016 0.        ],0.1,0.04994686503719448
1671,334,1,Popularity_Baseline,0.5,1.0,0.0,0.0,0.0,[855.94   9.78],[ 59.94 787.78],[0.93455475 0.0122624 ],[0.94519016 0.        ],0.1,0.04994686503719448
1672,602,1,Popularity_Baseline,0.5,1.0,0.0,0.1,0.0,[855.94   9.79],[ 59.94 788.79],[0.93455475 0.01225926],[0.94519016 0.        ],0.1,0.04994686503719448
1673,382,1,Popularity_Baseline,0.5,1.0,0.0,0.0,0.0,[855.94   9.8 ],[ 59.94 789.8 ],[0.93455475 0.01225613],[0.94519016 0.        ],0.1,0.04994686503719448
1674,362,1,Popularity_Baseline,0.5,1.0,0.0,0.0,0.0,[855.94   9.81],[ 59.94 790.81],[0.93455475 0.012253  ],[0.94519016 0.        ],0.1,0.04994686503719448
1675,402,1,Popularity_Baseline,0.5,1.0,0.0,0.0,0.0,[855.94   9.82],[ 59.94 791.82],[0.93455475 0.01224989],[0.94519016 0.        ],0.1,0.04994686503719448
1676,353,1,Popularity_Baseline,0.5,1.0,0.0,0.0,0.0,[855.94   9.83],[ 59.94 792.83],[0.93455475 0.01224678],[0.94519016 0.        ],0.1,0.04994686503719448
1677,446,1,Popularity_Baseline,0.5,1.0,0.0,0.0,0.0,[855.94   9.84],[ 59.94 793.84],[0.93455475 0.01224368],[0.94519016 0.        ],0.1,0.04994686503719448
1678,356,1,Popularity_Baseline,0.5,1.0,0.0,0.0,0.0,[855.94   9.85],[ 59.94 794.85],[0.93455475 0.01224059],[0.94519016 0.        ],0.1,0.04994686503719448
1679,1,1,Popularity_Baseline,0.5,1.0,0.0,0.0,0.0,[855.94   9.86],[ 59.94 795.86],[0.93455475 0.0122375 ],[0.94519016 0.        ],0.1,0.04994686503719448
1680,254,1,Popularity_Baseline,0.0,0.0,0.0,0.0,0.0,[855.94   9.87],[ 59.94 796.87],[0.93455475 0.01223442],[0.94519016 0.        ],0.1,0.04994686503719448
1681,563,1,Popularity_Baseline,0.5,1.0,0.0,0.0,0.0,[855.94   9.88],[ 59.94 797.88],[0.93455475 0.01223136],[0.94519016 0.        ],0.1,0.04994686503719448
1682,161,1,Popularity_Baseline,0.5,1.0,0.0,0.0,0.0,[855.94   9.89],[ 59.94 798.89],[0.93455475 0.01222829],[0.94519016 0.        ],0.1,0.04994686503719448
1683,119,1,Popularity_Baseline,0.5,1.0,0.0,0.0,0.0,[855.94   9.9 ],[ 59.94 799.9 ],[0.93455475 0.01222524],[0.94519016 0.        ],0.1,0.04994686503719448
1684,127,1,Popularity_Baseline,0.5,1.0,0.0,0.0,0.0,[855.94   9.91],[ 59.94 800.91],[0.93455475 0.01222219],[0.94519016 0.        ],0.1,0.04994686503719448
1685,135,1,Popularity_Baseline,0.5,1.0,0.0,0.0,0.0,[855.94   9.92],[ 59.94 801.92],[0.93455475 0.01221916],[0.94519016 0.        ],0.1,0.04994686503719448
1686,366,1,Popularity_Baseline,0.5,1.0,0.0,0.0,0.0,[855.94   9.93],[ 59.94 802.93],[0.93455475 0.01221613],[0.94519016 0.        ],0.1,0.04994686503719448
1687,429,1,Popularity_Baseline,0.5,1.0,0.0,0.0,0.0,[855.94   9.94],[ 59.94 803.94],[0.93455475 0.0122131 ],[0.94519016 0.        ],0.1,0.04994686503719448
1688,38,1,Popularity_Baseline,0.5,1.0,0.0,0.3,0.0,[855.94   9.95],[ 59.94 804.95],[0.93455475 0.01221009],[0.94519016 0.        ],0.1,0.04994686503719448
1689,462,1,Popularity_Baseline,0.5,1.0,0.0,0.0,0.0,[855.94   9.96],[ 59.94 805.96],[0.93455475 0.01220708],[0.94519016 0.        ],0.1,0.04994686503719448
1690,441,1,Popularity_Baseline,0.5,1.0,0.0,0.4,0.0,[855.94   9.97],[ 59.94 806.97],[0.93455475 0.01220408],[0.94519016 0.        ],0.1,0.04994686503719448
1691,262,1,Popularity_Baseline,0.5,1.0,0.0,0.0,0.0,[855.94   9.98],[ 59.94 807.98],[0.93455475 0.01220109],[0.94519016 0.        ],0.1,0.04994686503719448
1692,210,1,Popularity_Baseline,0.5,1.0,0.0,0.0,0.0,[855.94   9.99],[ 59.94 808.99],[0.93455475 0.0121981 ],[0.94519016 0.        ],0.1,0.04994686503719448
1693,298,1,Popularity_Baseline,0.5,1.0,0.0,0.2,0.0,[855.94  10.  ],[ 59.94 810.  ],[0.93455475 0.01219512],[0.94519016 0.        ],0.1,0.04994686503719448
1694,102,1,Popularity_Baseline,0.5,1.0,0.0,0.4,0.0,[855.94  10.01],[ 59.94 811.01],[0.93455475 0.01219215],[0.94519016 0.        ],0.1,0.04994686503719448
1695,201,1,Popularity_Baseline,0.5,1.0,0.0,0.4,0.0,[855.94  10.02],[ 59.94 812.02],[0.93455475 0.01218919],[0.94519016 0.        ],0.1,0.04994686503719448
1696,490,1,Popularity_Baseline,0.5,1.0,0.0,0.0,0.0,[855.94  10.03],[ 59.94 813.03],[0.93455475 0.01218623],[0.94519016 0.        ],0.1,0.04994686503719448
1697,485,1,Popularity_Baseline,0.5,1.0,0.0,0.0,0.0,[855.94  10.04],[ 59.94 814.04],[0.93455475 0.01218328],[0.94519016 0.        ],0.1,0.04994686503719448
1698,461,1,Popularity_Baseline,0.5,1.0,0.0,0.0,0.0,[855.94  10.05],[ 59.94 815.05],[0.93455475 0.01218034],[0.94519016 0.        ],0.1,0.04994686503719448
1699,404,1,Popularity_Baseline,0.5,1.0,0.0,0.0,0.0,[855.94  10.06],[ 59.94 816.06],[0.93455475 0.01217741],[0.94519016 0.        ],0.1,0.04994686503719448
1700,435,1,Popularity_Baseline,0.5,1.0,0.0,0.9,0.0,[855.94  10.07],[ 59.94 817.07],[0.93455475 0.01217448],[0.94519016 0.        ],0.1,0.04994686503719448
1701,117,1,Popularity_Baseline,0.5,1.0,0.0,0.0,0.0,[855.94  10.08],[ 59.94 818.08],[0.93455475 0.01217156],[0.94519016 0.        ],0.1,0.04994686503719448
1702,319,1,Popularity_Baseline,0.5,1.0,0.0,0.0,0.0,[855.94  10.09],[ 59.94 819.09],[0.93455475 0.01216865],[0.94519016 0.        ],0.1,0.04994686503719448
1703,600,1,Popularity_Baseline,0.0,0.0,0.0,0.0,0.0,[855.94  10.1 ],[ 59.94 820.1 ],[0.93455475 0.01216574],[0.94519016 0.        ],0.1,0.04994686503719448
1704,224,1,Popularity_Baseline,0.5,1.0,0.0,0.0,0.0,[855.94  10.11],[ 59.94 821.11],[0.93455475 0.01216284],[0.94519016 0.        ],0.1,0.04994686503719448
1705,584,1,Popularity_Baseline,0.5,1.0,0.0,0.0,0.0,[855.94  10.12],[ 59.94 822.12],[0.93455475 0.01215995],[0.94519016 0.        ],0.1,0.04994686503719448
1706,5,1,Popularity_Baseline,0.5,1.0,0.0,0.5,0.0,[855.94  10.13],[ 59.94 823.13],[0.93455475 0.01215707],[0.94519016 0.        ],0.1,0.04994686503719448
1707,35,1,Popularity_Baseline,0.5,1.0,0.0,0.0,0.0,[855.94  10.14],[ 59.94 824.14],[0.93455475 0.01215419],[0.94519016 0.        ],0.1,0.04994686503719448
1708,352,1,Popularity_Baseline,0.5,1.0,0.0,0.3,0.0,[855.94  10.15],[ 59.94 825.15],[0.93455475 0.01215132],[0.94519016 0.        ],0.1,0.04994686503719448
1709,468,1,Popularity_Baseline,0.5,1.0,0.0,0.0,0.0,[855.94  10.16],[ 59.94 826.16],[0.93455475 0.01214846],[0.94519016 0.        ],0.1,0.04994686503719448
1710,325,1,Popularity_Baseline,0.5,1.0,0.0,0.0,0.0,[855.94  10.17],[ 59.94 827.17],[0.93455475 0.0121456 ],[0.94519016 0.        ],0.1,0.04994686503719448
1711,16,1,Popularity_Baseline,0.5,1.0,0.0,0.0,0.0,[855.94  10.18],[ 59.94 828.18],[0.93455475 0.01214275],[0.94519016 0.        ],0.1,0.04994686503719448
1712,206,1,Popularity_Baseline,0.5,1.0,0.0,1.0,0.0,[855.94  10.19],[ 59.94 829.19],[0.93455475 0.01213991],[0.94519016 0.        ],0.1,0.04994686503719448
1713,279,1,Popularity_Baseline,0.5,1.0,0.0,0.0,0.0,[855.94  10.2 ],[ 59.94 830.2 ],[0.93455475 0.01213708],[0.94519016 0.        ],0.1,0.04994686503719448
1714,558,1,Popularity_Baseline,0.5,1.0,0.0,0.0,0.0,[855.94  10.21],[ 59.94 831.21],[0.93455475 0.01213425],[0.94519016 0.        ],0.1,0.04994686503719448
1715,128,1,Popularity_Baseline,0.5,1.0,0.0,0.0,0.0,[855.94  10.22],[ 59.94 832.22],[0.93455475 0.01213143],[0.94519016 0.        ],0.1,0.04994686503719448
1716,50,1,Popularity_Baseline,0.5,1.0,0.0,0.0,0.0,[855.94  10.23],[ 59.94 833.23],[0.93455475 0.01212861],[0.94519016 0.        ],0.1,0.04994686503719448
1717,318,1,Popularity_Baseline,0.5,1.0,0.0,0.0,0.0,[855.94  10.24],[ 59.94 834.24],[0.93455475 0.01212581],[0.94519016 0.        ],0.1,0.04994686503719448
1718,416,1,Popularity_Baseline,0.5,1.0,0.0,0.0,0.0,[855.94  10.25],[ 59.94 835.25],[0.93455475 0.012123  ],[0.94519016 0.        ],0.1,0.04994686503719448
1719,208,1,Popularity_Baseline,0.5,1.0,0.0,0.0,0.0,[855.94  10.26],[ 59.94 836.26],[0.93455475 0.01212021],[0.94519016 0.        ],0.1,0.04994686503719448
1720,135,1,Popularity_Baseline,0.5,1.0,0.0,0.0,0.0,[855.94  10.27],[ 59.94 837.27],[0.93455475 0.01211742],[0.94519016 0.        ],0.1,0.04994686503719448
1721,393,1,Popularity_Baseline,0.5,1.0,0.0,0.0,0.0,[855.94  10.28],[ 59.94 838.28],[0.93455475 0.01211464],[0.94519016 0.        ],0.1,0.04994686503719448
1722,586,1,Popularity_Baseline,0.5,1.0,0.0,0.4,0.0,[855.94  10.29],[ 59.94 839.29],[0.93455475 0.01211187],[0.94519016 0.        ],0.1,0.04994686503719448
1723,125,1,Popularity_Baseline,0.5,1.0,0.0,0.0,0.0,[855.94  10.3 ],[ 59.94 840.3 ],[0.93455475 0.0121091 ],[0.94519016 0.        ],0.1,0.04994686503719448
1724,46,1,Popularity_Baseline,0.5,1.0,0.0,0.0,0.0,[855.94  10.31],[ 59.94 841.31],[0.93455475 0.01210634],[0.94519016 0.        ],0.1,0.04994686503719448
1725,157,1,Popularity_Baseline,0.5,1.0,0.0,0.0,0.0,[855.94  10.32],[ 59.94 842.32],[0.93455475 0.01210358],[0.94519016 0.        ],0.1,0.04994686503719448
1726,39,1,Popularity_Baseline,0.5,1.0,0.0,0.0,0.0,[855.94  10.33],[ 59.94 843.33],[0.93455475 0.01210084],[0.94519016 0.        ],0.1,0.04994686503719448
1727,486,1,Popularity_Baseline,0.5,1.0,0.0,0.3,0.0,[855.94  10.34],[ 59.94 844.34],[0.93455475 0.0120981 ],[0.94519016 0.        ],0.1,0.04994686503719448
1728,393,1,Popularity_Baseline,0.5,1.0,0.0,0.0,0.0,[855.94  10.35],[ 59.94 845.35],[0.93455475 0.01209536],[0.94519016 0.        ],0.1,0.04994686503719448
1729,2,1,Popularity_Baseline,0.5,1.0,0.0,0.0,0.0,[855.94  10.36],[ 59.94 846.36],[0.93455475 0.01209263],[0.94519016 0.        ],0.1,0.04994686503719448
1730,514,1,Popularity_Baseline,0.5,1.0,0.0,0.0,0.0,[855.94  10.37],[ 59.94 847.37],[0.93455475 0.01208991],[0.94519016 0.        ],0.1,0.04994686503719448
1731,437,1,Popularity_Baseline,0.5,1.0,0.0,0.4,0.0,[855.94  10.38],[ 59.94 848.38],[0.93455475 0.0120872 ],[0.94519016 0.        ],0.1,0.04994686503719448
1732,501,1,Popularity_Baseline,0.5,1.0,0.0,0.0,0.0,[855.94  10.39],[ 59.94 849.39],[0.93455475 0.01208449],[0.94519016 0.        ],0.1,0.04994686503719448
1733,175,1,Popularity_Baseline,0.5,1.0,0.0,0.0,0.0,[855.94  10.4 ],[ 59.94 850.4 ],[0.93455475 0.01208178],[0.94519016 0.        ],0.1,0.04994686503719448
1734,321,1,Popularity_Baseline,0.5,1.0,0.0,0.0,0.0,[855.94  10.41],[ 59.94 851.41],[0.93455475 0.01207909],[0.94519016 0.        ],0.1,0.04994686503719448
1735,224,1,Popularity_Baseline,0.5,1.0,0.0,0.0,0.0,[855.94  10.42],[ 59.94 852.42],[0.93455475 0.0120764 ],[0.94519016 0.        ],0.1,0.04994686503719448
1736,213,1,Popularity_Baseline,0.5,1.0,0.0,0.0,0.0,[855.94  10.43],[ 59.94 853.43],[0.93455475 0.01207372],[0.94519016 0.        ],0.1,0.04994686503719448
1737,463,1,Popularity_Baseline,0.5,1.0,0.0,0.0,0.0,[855.94  10.44],[ 59.94 854.44],[0.93455475 0.01207104],[0.94519016 0.        ],0.1,0.04994686503719448
1738,414,1,Popularity_Baseline,0.0,0.0,0.0,0.0,0.0,[855.94  10.45],[ 59.94 855.45],[0.93455475 0.01206837],[0.94519016 0.        ],0.1,0.04994686503719448
1739,165,1,Popularity_Baseline,0.5,1.0,0.0,0.0,0.0,[855.94  10.46],[ 59.94 856.46],[0.93455475 0.0120657 ],[0.94519016 0.        ],0.1,0.04994686503719448
1740,343,1,Popularity_Baseline,0.5,1.0,0.0,0.0,0.0,[855.94  10.47],[ 59.94 857.47],[0.93455475 0.01206305],[0.94519016 0.        ],0.1,0.04994686503719448
1741,62,1,Popularity_Baseline,0.5,1.0,0.0,0.2,0.0,[855.94  10.48],[ 59.94 858.48],[0.93455475 0.01206039],[0.94519016 0.        ],0.1,0.04994686503719448
1742,254,1,Popularity_Baseline,0.0,0.0,0.0,0.0,0.0,[855.94  10.49],[ 59.94 859.49],[0.93455475 0.01205775],[0.94519016 0.        ],0.1,0.04994686503719448
1743,565,1,Popularity_Baseline,0.5,1.0,0.0,0.0,0.0,[855.94  10.5 ],[ 59.94 860.5 ],[0.93455475 0.01205511],[0.94519016 0.        ],0.1,0.04994686503719448
1744,211,1,Popularity_Baseline,0.5,1.0,0.0,0.0,0.0,[855.94  10.51],[ 59.94 861.51],[0.93455475 0.01205248],[0.94519016 0.        ],0.1,0.04994686503719448
1745,540,1,Popularity_Baseline,0.5,1.0,0.0,0.6,0.0,[855.94  10.52],[ 59.94 862.52],[0.93455475 0.01204985],[0.94519016 0.        ],0.1,0.04994686503719448
1746,371,1,Popularity_Baseline,0.5,1.0,0.0,0.0,0.0,[855.94  10.53],[ 59.94 863.53],[0.93455475 0.01204723],[0.94519016 0.        ],0.1,0.04994686503719448
1747,149,1,Popularity_Baseline,0.5,1.0,0.0,0.7,0.0,[855.94  10.54],[ 59.94 864.54],[0.93455475 0.01204461],[0.94519016 0.        ],0.1,0.04994686503719448
1748,552,1,Popularity_Baseline,0.5,1.0,0.0,0.0,0.0,[855.94  10.55],[ 59.94 865.55],[0.93455475 0.012042  ],[0.94519016 0.        ],0.1,0.04994686503719448
1749,418,1,Popularity_Baseline,0.5,1.0,0.0,0.0,0.0,[855.94  10.56],[ 59.94 866.56],[0.93455475 0.0120394 ],[0.94519016 0.        ],0.1,0.04994686503719448
1750,450,1,Popularity_Baseline,0.5,1.0,0.0,0.0,0.0,[855.94  10.57],[ 59.94 867.57],[0.93455475 0.01203681],[0.94519016 0.        ],0.1,0.04994686503719448
1751,87,1,Popularity_Baseline,0.5,1.0,0.0,0.0,0.0,[855.94  10.58],[ 59.94 868.58],[0.93455475 0.01203421],[0.94519016 0.        ],0.1,0.04994686503719448
1752,48,1,Popularity_Baseline,0.5,1.0,0.0,0.0,0.0,[855.94  10.59],[ 59.94 869.59],[0.93455475 0.01203163],[0.94519016 0.        ],0.1,0.04994686503719448
1753,269,1,Popularity_Baseline,0.5,1.0,0.0,1.0,0.0,[855.94  10.6 ],[ 59.94 870.6 ],[0.93455475 0.01202905],[0.94519016 0.        ],0.1,0.04994686503719448
1754,91,1,Popularity_Baseline,0.5,1.0,0.0,0.0,0.0,[855.94  10.61],[ 59.94 871.61],[0.93455475 0.01202648],[0.94519016 0.        ],0.1,0.04994686503719448
1755,276,1,Popularity_Baseline,0.5,1.0,0.0,0.0,0.0,[855.94  10.62],[ 59.94 872.62],[0.93455475 0.01202391],[0.94519016 0.        ],0.1,0.04994686503719448
1756,180,1,Popularity_Baseline,0.5,1.0,0.0,0.0,0.0,[855.94  10.63],[ 59.94 873.63],[0.93455475 0.01202135],[0.94519016 0.        ],0.1,0.04994686503719448
1757,476,1,Popularity_Baseline,0.5,1.0,0.0,0.5,0.0,[855.94  10.64],[ 59.94 874.64],[0.93455475 0.0120188 ],[0.94519016 0.        ],0.1,0.04994686503719448
1758,588,1,Popularity_Baseline,0.5,1.0,0.0,0.0,0.0,[855.94  10.65],[ 59.94 875.65],[0.93455475 0.01201625],[0.94519016 0.        ],0.1,0.04994686503719448
1759,221,1,Popularity_Baseline,0.5,1.0,0.0,0.0,0.0,[855.94  10.66],[ 59.94 876.66],[0.93455475 0.0120137 ],[0.94519016 0.        ],0.1,0.04994686503719448
1760,86,1,Popularity_Baseline,0.5,1.0,0.0,0.0,0.0,[855.94  10.67],[ 59.94 877.67],[0.93455475 0.01201117],[0.94519016 0.        ],0.1,0.04994686503719448
1761,345,1,Popularity_Baseline,0.5,1.0,0.0,1.0,0.0,[855.94  10.68],[ 59.94 878.68],[0.93455475 0.01200864],[0.94519016 0.        ],0.1,0.04994686503719448
1762,386,1,Popularity_Baseline,0.5,1.0,0.0,0.0,0.0,[855.94  10.69],[ 59.94 879.69],[0.93455475 0.01200611],[0.94519016 0.        ],0.1,0.04994686503719448
1763,195,1,Popularity_Baseline,0.5,1.0,0.0,0.0,0.0,[855.94  10.7 ],[ 59.94 880.7 ],[0.93455475 0.01200359],[0.94519016 0.        ],0.1,0.04994686503719448
1764,145,1,Popularity_Baseline,0.5,1.0,0.0,0.0,0.0,[855.94  10.71],[ 59.94 881.71],[0.93455475 0.01200108],[0.94519016 0.        ],0.1,0.04994686503719448
1765,336,1,Popularity_Baseline,0.5,1.0,0.0,0.0,0.0,[855.94  10.72],[ 59.94 882.72],[0.93455475 0.01199857],[0.94519016 0.        ],0.1,0.04994686503719448
1766,4,1,Popularity_Baseline,0.5,1.0,0.0,0.0,0.0,[855.94  10.73],[ 59.94 883.73],[0.93455475 0.01199606],[0.94519016 0.        ],0.1,0.04994686503719448
1767,303,1,Popularity_Baseline,0.5,1.0,0.0,0.0,0.0,[855.94  10.74],[ 59.94 884.74],[0.93455475 0.01199357],[0.94519016 0.        ],0.1,0.04994686503719448
1768,286,1,Popularity_Baseline,0.5,1.0,0.0,0.4,0.0,[855.94  10.75],[ 59.94 885.75],[0.93455475 0.01199108],[0.94519016 0.        ],0.1,0.04994686503719448
1769,187,1,Popularity_Baseline,0.5,1.0,0.0,0.0,0.0,[855.94  10.76],[ 59.94 886.76],[0.93455475 0.01198859],[0.94519016 0.        ],0.1,0.04994686503719448
1770,401,1,Popularity_Baseline,0.5,1.0,0.0,0.9,0.0,[855.94  10.77],[ 59.94 887.77],[0.93455475 0.01198611],[0.94519016 0.        ],0.1,0.04994686503719448
1771,388,1,Popularity_Baseline,0.5,1.0,0.0,0.0,0.0,[855.94  10.78],[ 59.94 888.78],[0.93455475 0.01198364],[0.94519016 0.        ],0.1,0.04994686503719448
1772,411,1,Popularity_Baseline,0.5,1.0,0.0,0.0,0.0,[855.94  10.79],[ 59.94 889.79],[0.93455475 0.01198117],[0.94519016 0.        ],0.1,0.04994686503719448
1773,236,1,Popularity_Baseline,0.5,1.0,0.0,0.0,0.0,[855.94  10.8 ],[ 59.94 890.8 ],[0.93455475 0.0119787 ],[0.94519016 0.        ],0.1,0.04994686503719448
1774,131,1,Popularity_Baseline,0.5,1.0,0.0,0.3,0.0,[855.94  10.81],[ 59.94 891.81],[0.93455475 0.01197625],[0.94519016 0.        ],0.1,0.04994686503719448
1775,517,1,Popularity_Baseline,0.5,1.0,0.0,0.0,0.0,[855.94  10.82],[ 59.94 892.82],[0.93455475 0.01197379],[0.94519016 0.        ],0.1,0.04994686503719448
1776,478,1,Popularity_Baseline,0.5,1.0,0.0,0.0,0.0,[855.94  10.83],[ 59.94 893.83],[0.93455475 0.01197135],[0.94519016 0.        ],0.1,0.04994686503719448
1777,478,1,Popularity_Baseline,0.5,1.0,0.0,0.0,0.0,[855.94  10.84],[ 59.94 894.84],[0.93455475 0.01196891],[0.94519016 0.        ],0.1,0.04994686503719448
1778,226,1,Popularity_Baseline,0.5,1.0,0.0,0.0,0.0,[855.94  10.85],[ 59.94 895.85],[0.93455475 0.01196647],[0.94519016 0.        ],0.1,0.04994686503719448
1779,21,1,Popularity_Baseline,0.5,1.0,0.0,0.0,0.0,[855.94  10.86],[ 59.94 896.86],[0.93455475 0.01196404],[0.94519016 0.        ],0.1,0.04994686503719448
1780,115,1,Popularity_Baseline,0.5,1.0,0.0,0.0,0.0,[855.94  10.87],[ 59.94 897.87],[0.93455475 0.01196162],[0.94519016 0.        ],0.1,0.04994686503719448
1781,300,1,Popularity_Baseline,0.5,1.0,0.0,0.0,0.0,[855.94  10.88],[ 59.94 898.88],[0.93455475 0.0119592 ],[0.94519016 0.        ],0.1,0.04994686503719448
1782,183,1,Popularity_Baseline,0.5,1.0,0.0,0.7,0.0,[855.94  10.89],[ 59.94 899.89],[0.93455475 0.01195678],[0.94519016 0.        ],0.1,0.04994686503719448
1783,317,1,Popularity_Baseline,0.5,1.0,0.0,0.0,0.0,[855.94  10.9 ],[ 59.94 900.9 ],[0.93455475 0.01195438],[0.94519016 0.        ],0.1,0.04994686503719448
1784,26,1,Popularity_Baseline,0.5,1.0,0.0,0.0,0.0,[855.94  10.91],[ 59.94 901.91],[0.93455475 0.01195197],[0.94519016 0.        ],0.1,0.04994686503719448
1785,558,1,Popularity_Baseline,0.5,1.0,0.0,0.0,0.0,[855.94  10.92],[ 59.94 902.92],[0.93455475 0.01194958],[0.94519016 0.        ],0.1,0.04994686503719448
1786,140,1,Popularity_Baseline,0.5,1.0,0.0,0.1,0.0,[855.94  10.93],[ 59.94 903.93],[0.93455475 0.01194718],[0.94519016 0.        ],0.1,0.04994686503719448
1787,154,1,Popularity_Baseline,0.5,1.0,0.0,0.9,0.0,[855.94  10.94],[ 59.94 904.94],[0.93455475 0.0119448 ],[0.94519016 0.        ],0.1,0.04994686503719448
1788,486,1,Popularity_Baseline,0.5,1.0,0.0,0.0,0.0,[855.94  10.95],[ 59.94 905.95],[0.93455475 0.01194241],[0.94519016 0.        ],0.1,0.04994686503719448
1789,298,1,Popularity_Baseline,0.5,1.0,0.0,0.0,0.0,[855.94  10.96],[ 59.94 906.96],[0.93455475 0.01194004],[0.94519016 0.        ],0.1,0.04994686503719448
1790,325,1,Popularity_Baseline,0.5,1.0,0.0,0.0,0.0,[855.94  10.97],[ 59.94 907.97],[0.93455475 0.01193767],[0.94519016 0.        ],0.1,0.04994686503719448
1791,496,1,Popularity_Baseline,0.5,1.0,0.0,1.0,0.0,[855.94  10.98],[ 59.94 908.98],[0.93455475 0.0119353 ],[0.94519016 0.        ],0.1,0.04994686503719448
1792,377,1,Popularity_Baseline,0.5,1.0,0.0,0.0,0.0,[855.94  10.99],[ 59.94 909.99],[0.93455475 0.01193294],[0.94519016 0.        ],0.1,0.04994686503719448
1793,572,1,Popularity_Baseline,0.5,1.0,0.0,0.0,0.0,[855.94  11.  ],[ 59.94 911.  ],[0.93455475 0.01193059],[0.94519016 0.        ],0.1,0.04994686503719448
1794,233,1,Popularity_Baseline,0.5,1.0,0.0,0.3,0.0,[855.94  11.01],[ 59.94 912.01],[0.93455475 0.01192824],[0.94519016 0.        ],0.1,0.04994686503719448
1795,49,1,Popularity_Baseline,0.5,1.0,0.0,0.0,0.0,[855.94  11.02],[ 59.94 913.02],[0.93455475 0.01192589],[0.94519016 0.        ],0.1,0.04994686503719448
1796,22,1,Popularity_Baseline,0.5,1.0,0.0,0.0,0.0,[855.94  11.03],[ 59.94 914.03],[0.93455475 0.01192355],[0.94519016 0.        ],0.1,0.04994686503719448
1797,408,1,Popularity_Baseline,0.5,1.0,0.0,0.0,0.0,[855.94  11.04],[ 59.94 915.04],[0.93455475 0.01192122],[0.94519016 0.        ],0.1,0.04994686503719448
1798,201,1,Popularity_Baseline,0.5,1.0,0.0,0.0,0.0,[855.94  11.05],[ 59.94 916.05],[0.93455475 0.01191889],[0.94519016 0.        ],0.1,0.04994686503719448
1799,483,1,Popularity_Baseline,0.5,1.0,0.0,0.1,0.0,[855.94  11.06],[ 59.94 917.06],[0.93455475 0.01191656],[0.94519016 0.        ],0.1,0.04994686503719448
1800,372,1,Popularity_Baseline,0.5,1.0,0.0,0.2,0.0,[855.94  11.07],[ 59.94 918.07],[0.93455475 0.01191424],[0.94519016 0.        ],0.1,0.04994686503719448
1801,524,1,Popularity_Baseline,0.5,1.0,0.0,0.4,0.0,[855.94  11.08],[ 59.94 919.08],[0.93455475 0.01191193],[0.94519016 0.        ],0.1,0.04994686503719448
1802,546,1,Popularity_Baseline,0.5,1.0,0.0,0.0,0.0,[855.94  11.09],[ 59.94 920.09],[0.93455475 0.01190962],[0.94519016 0.        ],0.1,0.04994686503719448
1803,475,1,Popularity_Baseline,0.5,1.0,0.0,0.0,0.0,[855.94  11.1 ],[ 59.94 921.1 ],[0.93455475 0.01190732],[0.94519016 0.        ],0.1,0.04994686503719448
1804,318,1,Popularity_Baseline,0.5,1.0,0.0,0.0,0.0,[855.94  11.11],[ 59.94 922.11],[0.93455475 0.01190502],[0.94519016 0.        ],0.1,0.04994686503719448
1805,282,1,Popularity_Baseline,0.5,1.0,0.0,0.0,0.0,[855.94  11.12],[ 59.94 923.12],[0.93455475 0.01190272],[0.94519016 0.        ],0.1,0.04994686503719448
1806,17,1,Popularity_Baseline,0.0,0.0,0.0,0.0,0.0,[855.94  11.13],[ 59.94 924.13],[0.93455475 0.01190043],[0.94519016 0.        ],0.1,0.04994686503719448
1807,88,1,Popularity_Baseline,0.5,1.0,0.0,0.0,0.0,[855.94  11.14],[ 59.94 925.14],[0.93455475 0.01189815],[0.94519016 0.        ],0.1,0.04994686503719448
1808,125,1,Popularity_Baseline,0.5,1.0,0.0,0.0,0.0,[855.94  11.15],[ 59.94 926.15],[0.93455475 0.01189587],[0.94519016 0.        ],0.1,0.04994686503719448
1809,219,1,Popularity_Baseline,0.5,1.0,0.0,0.3,0.0,[855.94  11.16],[ 59.94 927.16],[0.93455475 0.0118936 ],[0.94519016 0.        ],0.1,0.04994686503719448
1810,367,1,Popularity_Baseline,0.5,1.0,0.0,0.5,0.0,[855.94  11.17],[ 59.94 928.17],[0.93455475 0.01189133],[0.94519016 0.        ],0.1,0.04994686503719448
1811,347,1,Popularity_Baseline,0.5,1.0,0.0,0.0,0.0,[855.94  11.18],[ 59.94 929.18],[0.93455475 0.01188906],[0.94519016 0.        ],0.1,0.04994686503719448
1812,73,1,Popularity_Baseline,0.5,1.0,0.0,0.9,0.0,[855.94  11.19],[ 59.94 930.19],[0.93455475 0.0118868 ],[0.94519016 0.        ],0.1,0.04994686503719448
1813,27,1,Popularity_Baseline,0.5,1.0,0.0,0.0,0.0,[855.94  11.2 ],[ 59.94 931.2 ],[0.93455475 0.01188455],[0.94519016 0.        ],0.1,0.04994686503719448
1814,471,1,Popularity_Baseline,0.5,1.0,0.0,0.0,0.0,[855.94  11.21],[ 59.94 932.21],[0.93455475 0.0118823 ],[0.94519016 0.        ],0.1,0.04994686503719448
1815,326,1,Popularity_Baseline,0.5,1.0,0.0,0.0,0.0,[855.94  11.22],[ 59.94 933.22],[0.93455475 0.01188006],[0.94519016 0.        ],0.1,0.04994686503719448
1816,32,1,Popularity_Baseline,0.5,1.0,0.0,0.0,0.0,[855.94  11.23],[ 59.94 934.23],[0.93455475 0.01187782],[0.94519016 0.        ],0.1,0.04994686503719448
1817,270,1,Popularity_Baseline,0.5,1.0,0.0,1.0,0.0,[855.94  11.24],[ 59.94 935.24],[0.93455475 0.01187558],[0.94519016 0.        ],0.1,0.04994686503719448
1818,506,1,Popularity_Baseline,0.5,1.0,0.0,0.0,0.0,[855.94  11.25],[ 59.94 936.25],[0.93455475 0.01187335],[0.94519016 0.        ],0.1,0.04994686503719448
1819,4,1,Popularity_Baseline,0.5,1.0,0.0,0.0,0.0,[855.94  11.26],[ 59.94 937.26],[0.93455475 0.01187113],[0.94519016 0.        ],0.1,0.04994686503719448
1820,61,1,Popularity_Baseline,0.5,1.0,0.0,0.0,0.0,[855.94  11.27],[ 59.94 938.27],[0.93455475 0.0118689 ],[0.94519016 0.        ],0.1,0.04994686503719448
1821,184,1,Popularity_Baseline,0.5,1.0,0.0,1.0,0.0,[855.94  11.28],[ 59.94 939.28],[0.93455475 0.01186669],[0.94519016 0.        ],0.1,0.04994686503719448
1822,424,1,Popularity_Baseline,0.5,1.0,0.0,0.0,0.0,[855.94  11.29],[ 59.94 940.29],[0.93455475 0.01186448],[0.94519016 0.        ],0.1,0.04994686503719448
1823,566,1,Popularity_Baseline,0.5,1.0,0.0,0.4,0.0,[855.94  11.3 ],[ 59.94 941.3 ],[0.93455475 0.01186227],[0.94519016 0.        ],0.1,0.04994686503719448
1824,223,1,Popularity_Baseline,0.5,1.0,0.0,0.0,0.0,[855.94  11.31],[ 59.94 942.31],[0.93455475 0.01186007],[0.94519016 0.        ],0.1,0.04994686503719448
1825,448,1,Popularity_Baseline,0.5,1.0,0.0,0.0,0.0,[855.94  11.32],[ 59.94 943.32],[0.93455475 0.01185787],[0.94519016 0.        ],0.1,0.04994686503719448
1826,226,1,Popularity_Baseline,0.5,1.0,0.0,0.0,0.0,[855.94  11.33],[ 59.94 944.33],[0.93455475 0.01185568],[0.94519016 0.        ],0.1,0.04994686503719448
1827,558,1,Popularity_Baseline,0.5,1.0,0.0,0.0,0.0,[855.94  11.34],[ 59.94 945.34],[0.93455475 0.01185349],[0.94519016 0.        ],0.1,0.04994686503719448
1828,286,1,Popularity_Baseline,0.5,1.0,0.0,0.0,0.0,[855.94  11.35],[ 59.94 946.35],[0.93455475 0.01185131],[0.94519016 0.        ],0.1,0.04994686503719448
1829,513,1,Popularity_Baseline,0.5,1.0,0.0,0.0,0.0,[855.94  11.36],[ 59.94 947.36],[0.93455475 0.01184913],[0.94519016 0.        ],0.1,0.04994686503719448
1830,581,1,Popularity_Baseline,0.5,1.0,0.0,0.0,0.0,[855.94  11.37],[ 59.94 948.37],[0.93455475 0.01184696],[0.94519016 0.        ],0.1,0.04994686503719448
1831,526,1,Popularity_Baseline,0.5,1.0,0.0,0.7,0.0,[855.94  11.38],[ 59.94 949.38],[0.93455475 0.01184479],[0.94519016 0.        ],0.1,0.04994686503719448
1832,498,1,Popularity_Baseline,0.5,1.0,0.0,0.0,0.0,[855.94  11.39],[ 59.94 950.39],[0.93455475 0.01184263],[0.94519016 0.        ],0.1,0.04994686503719448
1833,86,1,Popularity_Baseline,0.5,1.0,0.0,0.0,0.0,[855.94  11.4 ],[ 59.94 951.4 ],[0.93455475 0.01184047],[0.94519016 0.        ],0.1,0.04994686503719448
1834,37,1,Popularity_Baseline,0.5,1.0,0.0,0.0,0.0,[855.94  11.41],[ 59.94 952.41],[0.93455475 0.01183831],[0.94519016 0.        ],0.1,0.04994686503719448
1835,279,1,Popularity_Baseline,0.5,1.0,0.0,0.0,0.0,[855.94  11.42],[ 59.94 953.42],[0.93455475 0.01183616],[0.94519016 0.        ],0.1,0.04994686503719448
1836,343,1,Popularity_Baseline,0.5,1.0,0.0,0.0,0.0,[855.94  11.43],[ 59.94 954.43],[0.93455475 0.01183401],[0.94519016 0.        ],0.1,0.04994686503719448
1837,554,1,Popularity_Baseline,0.5,1.0,0.0,0.0,0.0,[855.94  11.44],[ 59.94 955.44],[0.93455475 0.01183187],[0.94519016 0.        ],0.1,0.04994686503719448
1838,538,1,Popularity_Baseline,0.5,1.0,0.0,1.0,0.0,[855.94  11.45],[ 59.94 956.45],[0.93455475 0.01182973],[0.94519016 0.        ],0.1,0.04994686503719448
1839,563,1,Popularity_Baseline,0.5,1.0,0.0,0.0,0.0,[855.94  11.46],[ 59.94 957.46],[0.93455475 0.0118276 ],[0.94519016 0.        ],0.1,0.04994686503719448
1840,217,1,Popularity_Baseline,0.5,1.0,0.0,0.0,0.0,[855.94  11.47],[ 59.94 958.47],[0.93455475 0.01182547],[0.94519016 0.        ],0.1,0.04994686503719448
1841,259,1,Popularity_Baseline,0.5,1.0,0.0,1.0,0.0,[855.94  11.48],[ 59.94 959.48],[0.93455475 0.01182335],[0.94519016 0.        ],0.1,0.04994686503719448
1842,266,1,Popularity_Baseline,0.5,1.0,0.0,0.0,0.0,[855.94  11.49],[ 59.94 960.49],[0.93455475 0.01182123],[0.94519016 0.        ],0.1,0.04994686503719448
1843,269,1,Popularity_Baseline,0.5,1.0,0.0,0.0,0.0,[855.94  11.5 ],[ 59.94 961.5 ],[0.93455475 0.01181912],[0.94519016 0.        ],0.1,0.04994686503719448
1844,548,1,Popularity_Baseline,0.5,1.0,0.0,0.0,0.0,[855.94  11.51],[ 59.94 962.51],[0.93455475 0.01181701],[0.94519016 0.        ],0.1,0.04994686503719448
1845,313,1,Popularity_Baseline,0.5,1.0,0.0,0.0,0.0,[855.94  11.52],[ 59.94 963.52],[0.93455475 0.0118149 ],[0.94519016 0.        ],0.1,0.04994686503719448
1846,555,1,Popularity_Baseline,0.5,1.0,0.0,0.1,0.0,[855.94  11.53],[ 59.94 964.53],[0.93455475 0.0118128 ],[0.94519016 0.        ],0.1,0.04994686503719448
1847,275,1,Popularity_Baseline,0.5,1.0,0.0,0.0,0.0,[855.94  11.54],[ 59.94 965.54],[0.93455475 0.0118107 ],[0.94519016 0.        ],0.1,0.04994686503719448
1848,141,1,Popularity_Baseline,0.5,1.0,0.0,0.0,0.0,[855.94  11.55],[ 59.94 966.55],[0.93455475 0.01180861],[0.94519016 0.        ],0.1,0.04994686503719448
1849,108,1,Popularity_Baseline,0.5,1.0,0.0,0.0,0.0,[855.94  11.56],[ 59.94 967.56],[0.93455475 0.01180652],[0.94519016 0.        ],0.1,0.04994686503719448
1850,94,1,Popularity_Baseline,0.5,1.0,0.0,0.0,0.0,[855.94  11.57],[ 59.94 968.57],[0.93455475 0.01180444],[0.94519016 0.        ],0.1,0.04994686503719448
1851,585,1,Popularity_Baseline,0.5,1.0,0.0,0.9,0.0,[855.94  11.58],[ 59.94 969.58],[0.93455475 0.01180236],[0.94519016 0.        ],0.1,0.04994686503719448
1852,531,1,Popularity_Baseline,0.5,1.0,0.0,0.0,0.0,[855.94  11.59],[ 59.94 970.59],[0.93455475 0.01180028],[0.94519016 0.        ],0.1,0.04994686503719448
1853,441,1,Popularity_Baseline,0.5,1.0,0.0,0.0,0.0,[855.94  11.6 ],[ 59.94 971.6 ],[0.93455475 0.01179821],[0.94519016 0.        ],0.1,0.04994686503719448
1854,87,1,Popularity_Baseline,0.5,1.0,0.0,0.0,0.0,[855.94  11.61],[ 59.94 972.61],[0.93455475 0.01179614],[0.94519016 0.        ],0.1,0.04994686503719448
1855,405,1,Popularity_Baseline,0.5,1.0,0.0,0.7,0.0,[855.94  11.62],[ 59.94 973.62],[0.93455475 0.01179408],[0.94519016 0.        ],0.1,0.04994686503719448
1856,187,1,Popularity_Baseline,0.5,1.0,0.0,0.0,0.0,[855.94  11.63],[ 59.94 974.63],[0.93455475 0.01179202],[0.94519016 0.        ],0.1,0.04994686503719448
1857,13,1,Popularity_Baseline,0.5,1.0,0.0,0.0,0.0,[855.94  11.64],[ 59.94 975.64],[0.93455475 0.01178997],[0.94519016 0.        ],0.1,0.04994686503719448
1858,138,1,Popularity_Baseline,0.5,1.0,0.0,0.0,0.0,[855.94  11.65],[ 59.94 976.65],[0.93455475 0.01178792],[0.94519016 0.        ],0.1,0.04994686503719448
1859,134,1,Popularity_Baseline,0.5,1.0,0.0,0.7,0.0,[855.94  11.66],[ 59.94 977.66],[0.93455475 0.01178587],[0.94519016 0.        ],0.1,0.04994686503719448
1860,381,1,Popularity_Baseline,0.5,1.0,0.0,0.4,0.0,[855.94  11.67],[ 59.94 978.67],[0.93455475 0.01178383],[0.94519016 0.        ],0.1,0.04994686503719448
1861,80,1,Popularity_Baseline,0.5,1.0,0.0,0.0,0.0,[855.94  11.68],[ 59.94 979.68],[0.93455475 0.01178179],[0.94519016 0.        ],0.1,0.04994686503719448
1862,255,1,Popularity_Baseline,0.5,1.0,0.0,0.0,0.0,[855.94  11.69],[ 59.94 980.69],[0.93455475 0.01177976],[0.94519016 0.        ],0.1,0.04994686503719448
1863,245,1,Popularity_Baseline,0.5,1.0,0.0,0.0,0.0,[855.94  11.7 ],[ 59.94 981.7 ],[0.93455475 0.01177773],[0.94519016 0.        ],0.1,0.04994686503719448
1864,497,1,Popularity_Baseline,0.5,1.0,0.0,0.6,0.0,[855.94  11.71],[ 59.94 982.71],[0.93455475 0.01177571],[0.94519016 0.        ],0.1,0.04994686503719448
1865,563,1,Popularity_Baseline,0.5,1.0,0.0,0.0,0.0,[855.94  11.72],[ 59.94 983.72],[0.93455475 0.01177369],[0.94519016 0.        ],0.1,0.04994686503719448
1866,555,1,Popularity_Baseline,0.5,1.0,0.0,0.0,0.0,[855.94  11.73],[ 59.94 984.73],[0.93455475 0.01177167],[0.94519016 0.        ],0.1,0.04994686503719448
1867,308,1,Popularity_Baseline,0.5,1.0,0.0,0.0,0.0,[855.94  11.74],[ 59.94 985.74],[0.93455475 0.01176966],[0.94519016 0.        ],0.1,0.04994686503719448
1868,379,1,Popularity_Baseline,0.5,1.0,0.0,0.3,0.0,[855.94  11.75],[ 59.94 986.75],[0.93455475 0.01176765],[0.94519016 0.        ],0.1,0.04994686503719448
1869,216,1,Popularity_Baseline,0.5,1.0,0.0,0.0,0.0,[855.94  11.76],[ 59.94 987.76],[0.93455475 0.01176565],[0.94519016 0.        ],0.1,0.04994686503719448
1870,593,1,Popularity_Baseline,0.5,1.0,0.0,0.0,0.0,[855.94  11.77],[ 59.94 988.77],[0.93455475 0.01176365],[0.94519016 0.        ],0.1,0.04994686503719448
1871,590,1,Popularity_Baseline,0.0,0.0,0.0,0.0,0.0,[855.94  11.78],[ 59.94 989.78],[0.93455475 0.01176165],[0.94519016 0.        ],0.1,0.04994686503719448
1872,124,1,Popularity_Baseline,0.5,1.0,0.0,0.0,0.0,[855.94  11.79],[ 59.94 990.79],[0.93455475 0.01175966],[0.94519016 0.        ],0.1,0.04994686503719448
1873,606,1,Popularity_Baseline,0.0,0.0,0.0,0.0,0.0,[855.94  11.8 ],[ 59.94 991.8 ],[0.93455475 0.01175767],[0.94519016 0.        ],0.1,0.04994686503719448
1874,222,1,Popularity_Baseline,0.5,1.0,0.0,0.0,0.0,[855.94  11.81],[ 59.94 992.81],[0.93455475 0.01175569],[0.94519016 0.        ],0.1,0.04994686503719448
1875,102,1,Popularity_Baseline,0.5,1.0,0.0,0.0,0.0,[855.94  11.82],[ 59.94 993.82],[0.93455475 0.01175371],[0.94519016 0.        ],0.1,0.04994686503719448
1876,271,1,Popularity_Baseline,0.5,1.0,0.0,0.0,0.0,[855.94  11.83],[ 59.94 994.83],[0.93455475 0.01175173],[0.94519016 0.        ],0.1,0.04994686503719448
1877,548,1,Popularity_Baseline,0.5,1.0,0.0,0.0,0.0,[855.94  11.84],[ 59.94 995.84],[0.93455475 0.01174976],[0.94519016 0.        ],0.1,0.04994686503719448
1878,182,1,Popularity_Baseline,0.0,0.0,0.0,0.0,0.0,[855.94  11.85],[ 59.94 996.85],[0.93455475 0.01174779],[0.94519016 0.        ],0.1,0.04994686503719448
1879,324,1,Popularity_Baseline,0.5,1.0,0.0,1.0,0.0,[855.94  11.86],[ 59.94 997.86],[0.93455475 0.01174583],[0.94519016 0.        ],0.1,0.04994686503719448
1880,187,1,Popularity_Baseline,0.5,1.0,0.0,0.0,0.0,[855.94  11.87],[ 59.94 998.87],[0.93455475 0.01174387],[0.94519016 0.        ],0.1,0.04994686503719448
1881,416,1,Popularity_Baseline,0.5,1.0,0.0,0.0,0.0,[855.94  11.88],[ 59.94 999.88],[0.93455475 0.01174192],[0.94519016 0.        ],0.1,0.04994686503719448
1882,580,1,Popularity_Baseline,0.0,0.0,0.0,0.0,0.0,[855.94  11.89],[  59.94 1000.89],[0.93455475 0.01173996],[0.94519016 0.        ],0.1,0.04994686503719448
1883,303,1,Popularity_Baseline,0.5,1.0,0.0,0.0,0.0,[855.94  11.9 ],[  59.94 1001.9 ],[0.93455475 0.01173802],[0.94519016 0.        ],0.1,0.04994686503719448
1884,549,1,Popularity_Baseline,0.5,1.0,0.0,0.0,0.0,[855.94  11.91],[  59.94 1002.91],[0.93455475 0.01173607],[0.94519016 0.        ],0.1,0.04994686503719448
1885,533,1,Popularity_Baseline,0.5,1.0,0.0,0.0,0.0,[855.94  11.92],[  59.94 1003.92],[0.93455475 0.01173413],[0.94519016 0.        ],0.1,0.04994686503719448
1886,108,1,Popularity_Baseline,0.5,1.0,0.0,0.0,0.0,[855.94  11.93],[  59.94 1004.93],[0.93455475 0.0117322 ],[0.94519016 0.        ],0.1,0.04994686503719448
1887,42,1,Popularity_Baseline,0.5,1.0,0.0,0.0,0.0,[855.94  11.94],[  59.94 1005.94],[0.93455475 0.01173026],[0.94519016 0.        ],0.1,0.04994686503719448
1888,49,1,Popularity_Baseline,0.5,1.0,0.0,0.0,0.0,[855.94  11.95],[  59.94 1006.95],[0.93455475 0.01172833],[0.94519016 0.        ],0.1,0.04994686503719448
1889,393,1,Popularity_Baseline,0.5,1.0,0.0,0.0,0.0,[855.94  11.96],[  59.94 1007.96],[0.93455475 0.01172641],[0.94519016 0.        ],0.1,0.04994686503719448
1890,130,1,Popularity_Baseline,0.5,1.0,0.0,0.0,0.0,[855.94  11.97],[  59.94 1008.97],[0.93455475 0.01172449],[0.94519016 0.        ],0.1,0.04994686503719448
1891,224,1,Popularity_Baseline,0.5,1.0,0.0,0.0,0.0,[855.94  11.98],[  59.94 1009.98],[0.93455475 0.01172257],[0.94519016 0.        ],0.1,0.04994686503719448
1892,267,1,Popularity_Baseline,0.5,1.0,0.0,0.4,0.0,[855.94  11.99],[  59.94 1010.99],[0.93455475 0.01172066],[0.94519016 0.        ],0.1,0.04994686503719448
1893,509,1,Popularity_Baseline,0.5,1.0,0.0,0.0,0.0,[855.94  12.  ],[  59.94 1012.  ],[0.93455475 0.01171875],[0.94519016 0.        ],0.1,0.04994686503719448
1894,419,1,Popularity_Baseline,0.5,1.0,0.0,0.0,0.0,[855.94  12.01],[  59.94 1013.01],[0.93455475 0.01171684],[0.94519016 0.        ],0.1,0.04994686503719448
1895,274,1,Popularity_Baseline,0.0,0.0,0.0,0.0,0.0,[855.94  12.02],[  59.94 1014.02],[0.93455475 0.01171494],[0.94519016 0.        ],0.1,0.04994686503719448
1896,60,1,Popularity_Baseline,0.5,1.0,0.0,0.0,0.0,[855.94  12.03],[  59.94 1015.03],[0.93455475 0.01171305],[0.94519016 0.        ],0.1,0.04994686503719448
1897,496,1,Popularity_Baseline,0.5,1.0,0.0,0.0,0.0,[855.94  12.04],[  59.94 1016.04],[0.93455475 0.01171115],[0.94519016 0.        ],0.1,0.04994686503719448
1898,460,1,Popularity_Baseline,0.5,1.0,0.0,0.0,0.0,[855.94  12.05],[  59.94 1017.05],[0.93455475 0.01170926],[0.94519016 0.        ],0.1,0.04994686503719448
1899,247,1,Popularity_Baseline,0.0,0.0,0.0,0.0,0.0,[855.94  12.06],[  59.94 1018.06],[0.93455475 0.01170737],[0.94519016 0.        ],0.1,0.04994686503719448
1900,291,1,Popularity_Baseline,0.5,1.0,0.0,0.0,0.0,[855.94  12.07],[  59.94 1019.07],[0.93455475 0.01170549],[0.94519016 0.        ],0.1,0.04994686503719448
1901,594,1,Popularity_Baseline,0.5,1.0,0.0,0.0,0.0,[855.94  12.08],[  59.94 1020.08],[0.93455475 0.01170361],[0.94519016 0.        ],0.1,0.04994686503719448
1902,375,1,Popularity_Baseline,0.5,1.0,0.0,0.8,0.0,[855.94  12.09],[  59.94 1021.09],[0.93455475 0.01170174],[0.94519016 0.        ],0.1,0.04994686503719448
1903,151,1,Popularity_Baseline,0.5,1.0,0.0,0.0,0.0,[855.94  12.1 ],[  59.94 1022.1 ],[0.93455475 0.01169986],[0.94519016 0.        ],0.1,0.04994686503719448
1904,411,1,Popularity_Baseline,0.5,1.0,0.0,0.0,0.0,[855.94  12.11],[  59.94 1023.11],[0.93455475 0.011698  ],[0.94519016 0.        ],0.1,0.04994686503719448
1905,429,1,Popularity_Baseline,0.5,1.0,0.0,0.0,0.0,[855.94  12.12],[  59.94 1024.12],[0.93455475 0.01169613],[0.94519016 0.        ],0.1,0.04994686503719448
1906,322,1,Popularity_Baseline,0.5,1.0,0.0,0.0,0.0,[855.94  12.13],[  59.94 1025.13],[0.93455475 0.01169427],[0.94519016 0.        ],0.1,0.04994686503719448
1907,391,1,Popularity_Baseline,0.0,0.0,0.0,0.0,0.0,[855.94  12.14],[  59.94 1026.14],[0.93455475 0.01169241],[0.94519016 0.        ],0.1,0.04994686503719448
1908,406,1,Popularity_Baseline,0.5,1.0,0.0,1.0,0.0,[855.94  12.15],[  59.94 1027.15],[0.93455475 0.01169056],[0.94519016 0.        ],0.1,0.04994686503719448
1909,162,1,Popularity_Baseline,0.5,1.0,0.0,0.6,0.0,[855.94  12.16],[  59.94 1028.16],[0.93455475 0.01168871],[0.94519016 0.        ],0.1,0.04994686503719448
1910,443,1,Popularity_Baseline,0.5,1.0,0.0,0.0,0.0,[855.94  12.17],[  59.94 1029.17],[0.93455475 0.01168687],[0.94519016 0.        ],0.1,0.04994686503719448
1911,183,1,Popularity_Baseline,0.5,1.0,0.0,0.0,0.0,[855.94  12.18],[  59.94 1030.18],[0.93455475 0.01168502],[0.94519016 0.        ],0.1,0.04994686503719448
1912,448,1,Popularity_Baseline,0.5,1.0,0.0,0.0,0.0,[855.94  12.19],[  59.94 1031.19],[0.93455475 0.01168318],[0.94519016 0.        ],0.1,0.04994686503719448
1913,292,1,Popularity_Baseline,0.5,1.0,0.0,0.0,0.0,[855.94  12.2 ],[  59.94 1032.2 ],[0.93455475 0.01168135],[0.94519016 0.        ],0.1,0.04994686503719448
1914,601,1,Popularity_Baseline,0.5,1.0,0.0,0.0,0.0,[855.94  12.21],[  59.94 1033.21],[0.93455475 0.01167952],[0.94519016 0.        ],0.1,0.04994686503719448
1915,436,1,Popularity_Baseline,0.5,1.0,0.0,0.0,0.0,[855.94  12.22],[  59.94 1034.22],[0.93455475 0.01167769],[0.94519016 0.        ],0.1,0.04994686503719448
1916,549,1,Popularity_Baseline,0.5,1.0,0.0,0.0,0.0,[855.94  12.23],[  59.94 1035.23],[0.93455475 0.01167586],[0.94519016 0.        ],0.1,0.04994686503719448
1917,61,1,Popularity_Baseline,0.5,1.0,0.0,0.0,0.0,[855.94  12.24],[  59.94 1036.24],[0.93455475 0.01167404],[0.94519016 0.        ],0.1,0.04994686503719448
1918,482,1,Popularity_Baseline,0.5,1.0,0.0,0.0,0.0,[855.94  12.25],[  59.94 1037.25],[0.93455475 0.01167222],[0.94519016 0.        ],0.1,0.04994686503719448
1919,477,1,Popularity_Baseline,0.5,1.0,0.0,0.0,0.0,[855.94  12.26],[  59.94 1038.26],[0.93455475 0.01167041],[0.94519016 0.        ],0.1,0.04994686503719448
1920,590,1,Popularity_Baseline,0.0,0.0,0.0,0.0,0.0,[855.94  12.27],[  59.94 1039.27],[0.93455475 0.0116686 ],[0.94519016 0.        ],0.1,0.04994686503719448
1921,343,1,Popularity_Baseline,0.5,1.0,0.0,0.0,0.0,[855.94  12.28],[  59.94 1040.28],[0.93455475 0.01166679],[0.94519016 0.        ],0.1,0.04994686503719448
1922,240,1,Popularity_Baseline,0.5,1.0,0.0,0.0,0.0,[855.94  12.29],[  59.94 1041.29],[0.93455475 0.01166499],[0.94519016 0.        ],0.1,0.04994686503719448
1923,254,1,Popularity_Baseline,0.0,0.0,0.0,0.0,0.0,[855.94  12.3 ],[  59.94 1042.3 ],[0.93455475 0.01166319],[0.94519016 0.        ],0.1,0.04994686503719448
1924,76,1,Popularity_Baseline,0.5,1.0,0.0,0.0,0.0,[855.94  12.31],[  59.94 1043.31],[0.93455475 0.01166139],[0.94519016 0.        ],0.1,0.04994686503719448
1925,610,1,Popularity_Baseline,0.0,0.0,0.0,0.0,0.0,[855.94  12.32],[  59.94 1044.32],[0.93455475 0.0116596 ],[0.94519016 0.        ],0.1,0.04994686503719448
1926,115,1,Popularity_Baseline,0.5,1.0,0.0,0.0,0.0,[855.94  12.33],[  59.94 1045.33],[0.93455475 0.01165781],[0.94519016 0.        ],0.1,0.04994686503719448
1927,177,1,Popularity_Baseline,0.5,1.0,0.0,0.2,0.0,[855.94  12.34],[  59.94 1046.34],[0.93455475 0.01165602],[0.94519016 0.        ],0.1,0.04994686503719448
1928,127,1,Popularity_Baseline,0.5,1.0,0.0,0.0,0.0,[855.94  12.35],[  59.94 1047.35],[0.93455475 0.01165424],[0.94519016 0.        ],0.1,0.04994686503719448
1929,521,1,Popularity_Baseline,0.5,1.0,0.0,1.0,0.0,[855.94  12.36],[  59.94 1048.36],[0.93455475 0.01165246],[0.94519016 0.        ],0.1,0.04994686503719448
1930,495,1,Popularity_Baseline,0.5,1.0,0.0,0.0,0.0,[855.94  12.37],[  59.94 1049.37],[0.93455475 0.01165069],[0.94519016 0.        ],0.1,0.04994686503719448
1931,187,1,Popularity_Baseline,0.5,1.0,0.0,0.0,0.0,[855.94  12.38],[  59.94 1050.38],[0.93455475 0.01164891],[0.94519016 0.        ],0.1,0.04994686503719448
1932,523,1,Popularity_Baseline,0.5,1.0,0.0,0.7,0.0,[855.94  12.39],[  59.94 1051.39],[0.93455475 0.01164715],[0.94519016 0.        ],0.1,0.04994686503719448
1933,569,1,Popularity_Baseline,0.5,1.0,0.0,0.0,0.0,[855.94  12.4 ],[  59.94 1052.4 ],[0.93455475 0.01164538],[0.94519016 0.        ],0.1,0.04994686503719448
1934,535,1,Popularity_Baseline,0.5,1.0,0.0,0.9,0.0,[855.94  12.41],[  59.94 1053.41],[0.93455475 0.01164362],[0.94519016 0.        ],0.1,0.04994686503719448
1935,528,1,Popularity_Baseline,0.5,1.0,0.0,0.0,0.0,[855.94  12.42],[  59.94 1054.42],[0.93455475 0.01164186],[0.94519016 0.        ],0.1,0.04994686503719448
1936,507,1,Popularity_Baseline,0.5,1.0,0.0,0.0,0.0,[855.94  12.43],[  59.94 1055.43],[0.93455475 0.0116401 ],[0.94519016 0.        ],0.1,0.04994686503719448
1937,534,1,Popularity_Baseline,0.5,1.0,0.0,0.0,0.0,[855.94  12.44],[  59.94 1056.44],[0.93455475 0.01163835],[0.94519016 0.        ],0.1,0.04994686503719448
1938,384,1,Popularity_Baseline,0.5,1.0,0.0,0.0,0.0,[855.94  12.45],[  59.94 1057.45],[0.93455475 0.0116366 ],[0.94519016 0.        ],0.1,0.04994686503719448
1939,427,1,Popularity_Baseline,0.5,1.0,0.0,0.8,0.0,[855.94  12.46],[  59.94 1058.46],[0.93455475 0.01163486],[0.94519016 0.        ],0.1,0.04994686503719448
1940,143,1,Popularity_Baseline,0.5,1.0,0.0,0.0,0.0,[855.94  12.47],[  59.94 1059.47],[0.93455475 0.01163311],[0.94519016 0.        ],0.1,0.04994686503719448
1941,599,1,Popularity_Baseline,0.5,1.0,0.0,0.1,0.0,[855.94  12.48],[  59.94 1060.48],[0.93455475 0.01163137],[0.94519016 0.        ],0.1,0.04994686503719448
1942,597,1,Popularity_Baseline,0.5,1.0,0.0,0.5,0.0,[855.94  12.49],[  59.94 1061.49],[0.93455475 0.01162964],[0.94519016 0.        ],0.1,0.04994686503719448
1943,113,1,Popularity_Baseline,0.5,1.0,0.0,0.0,0.0,[855.94  12.5 ],[  59.94 1062.5 ],[0.93455475 0.01162791],[0.94519016 0.        ],0.1,0.04994686503719448
1944,147,1,Popularity_Baseline,0.5,1.0,0.0,0.0,0.0,[855.94  12.51],[  59.94 1063.51],[0.93455475 0.01162618],[0.94519016 0.        ],0.1,0.04994686503719448
1945,297,1,Popularity_Baseline,0.5,1.0,0.0,0.0,0.0,[855.94  12.52],[  59.94 1064.52],[0.93455475 0.01162445],[0.94519016 0.        ],0.1,0.04994686503719448
1946,254,1,Popularity_Baseline,0.0,0.0,0.0,0.0,0.0,[855.94  12.53],[  59.94 1065.53],[0.93455475 0.01162273],[0.94519016 0.        ],0.1,0.04994686503719448
1947,42,1,Popularity_Baseline,0.5,1.0,0.0,0.0,0.0,[855.94  12.54],[  59.94 1066.54],[0.93455475 0.01162101],[0.94519016 0.        ],0.1,0.04994686503719448
1948,539,1,Popularity_Baseline,0.5,1.0,0.0,0.0,0.0,[855.94  12.55],[  59.94 1067.55],[0.93455475 0.01161929],[0.94519016 0.        ],0.1,0.04994686503719448
1949,96,1,Popularity_Baseline,0.5,1.0,0.0,0.0,0.0,[855.94  12.56],[  59.94 1068.56],[0.93455475 0.01161758],[0.94519016 0.        ],0.1,0.04994686503719448
1950,601,1,Popularity_Baseline,0.5,1.0,0.0,0.0,0.0,[855.94  12.57],[  59.94 1069.57],[0.93455475 0.01161587],[0.94519016 0.        ],0.1,0.04994686503719448
1951,230,1,Popularity_Baseline,0.5,1.0,0.0,0.0,0.0,[855.94  12.58],[  59.94 1070.58],[0.93455475 0.01161417],[0.94519016 0.        ],0.1,0.04994686503719448
1952,75,1,Popularity_Baseline,0.5,1.0,0.0,0.7,0.0,[855.94  12.59],[  59.94 1071.59],[0.93455475 0.01161246],[0.94519016 0.        ],0.1,0.04994686503719448
1953,270,1,Popularity_Baseline,0.5,1.0,0.0,0.0,0.0,[855.94  12.6 ],[  59.94 1072.6 ],[0.93455475 0.01161076],[0.94519016 0.        ],0.1,0.04994686503719448
1954,497,1,Popularity_Baseline,0.5,1.0,0.0,0.0,0.0,[855.94  12.61],[  59.94 1073.61],[0.93455475 0.01160907],[0.94519016 0.        ],0.1,0.04994686503719448
1955,126,1,Popularity_Baseline,0.5,1.0,0.0,0.0,0.0,[855.94  12.62],[  59.94 1074.62],[0.93455475 0.01160737],[0.94519016 0.        ],0.1,0.04994686503719448
1956,304,1,Popularity_Baseline,0.0,0.0,0.0,0.0,0.0,[855.94  12.63],[  59.94 1075.63],[0.93455475 0.01160568],[0.94519016 0.        ],0.1,0.04994686503719448
1957,102,1,Popularity_Baseline,0.5,1.0,0.0,0.0,0.0,[855.94  12.64],[  59.94 1076.64],[0.93455475 0.011604  ],[0.94519016 0.        ],0.1,0.04994686503719448
1958,55,1,Popularity_Baseline,0.5,1.0,0.0,1.0,0.0,[855.94  12.65],[  59.94 1077.65],[0.93455475 0.01160231],[0.94519016 0.        ],0.1,0.04994686503719448
1959,74,1,Popularity_Baseline,0.5,1.0,0.0,0.0,0.0,[855.94  12.66],[  59.94 1078.66],[0.93455475 0.01160063],[0.94519016 0.        ],0.1,0.04994686503719448
1960,404,1,Popularity_Baseline,0.5,1.0,0.0,0.0,0.0,[855.94  12.67],[  59.94 1079.67],[0.93455475 0.01159895],[0.94519016 0.        ],0.1,0.04994686503719448
1961,560,1,Popularity_Baseline,0.5,1.0,0.0,0.0,0.0,[855.94  12.68],[  59.94 1080.68],[0.93455475 0.01159728],[0.94519016 0.        ],0.1,0.04994686503719448
1962,269,1,Popularity_Baseline,0.5,1.0,0.0,0.0,0.0,[855.94  12.69],[  59.94 1081.69],[0.93455475 0.01159561],[0.94519016 0.        ],0.1,0.04994686503719448
1963,608,1,Popularity_Baseline,0.0,0.0,0.0,0.0,0.0,[855.94  12.7 ],[  59.94 1082.7 ],[0.93455475 0.01159394],[0.94519016 0.        ],0.1,0.04994686503719448
1964,205,1,Popularity_Baseline,0.5,1.0,0.0,0.0,0.0,[855.94  12.71],[  59.94 1083.71],[0.93455475 0.01159227],[0.94519016 0.        ],0.1,0.04994686503719448
1965,260,1,Popularity_Baseline,0.5,1.0,0.0,0.9,0.0,[855.94  12.72],[  59.94 1084.72],[0.93455475 0.01159061],[0.94519016 0.        ],0.1,0.04994686503719448
1966,286,1,Popularity_Baseline,0.5,1.0,0.0,0.0,0.0,[855.94  12.73],[  59.94 1085.73],[0.93455475 0.01158895],[0.94519016 0.        ],0.1,0.04994686503719448
1967,156,1,Popularity_Baseline,0.5,1.0,0.0,0.0,0.0,[855.94  12.74],[  59.94 1086.74],[0.93455475 0.0115873 ],[0.94519016 0.        ],0.1,0.04994686503719448
1968,589,1,Popularity_Baseline,0.5,1.0,0.0,0.0,0.0,[855.94  12.75],[  59.94 1087.75],[0.93455475 0.01158564],[0.94519016 0.        ],0.1,0.04994686503719448
1969,34,1,Popularity_Baseline,0.5,1.0,0.0,0.0,0.0,[855.94  12.76],[  59.94 1088.76],[0.93455475 0.01158399],[0.94519016 0.        ],0.1,0.04994686503719448
1970,86,1,Popularity_Baseline,0.5,1.0,0.0,0.0,0.0,[855.94  12.77],[  59.94 1089.77],[0.93455475 0.01158235],[0.94519016 0.        ],0.1,0.04994686503719448
1971,245,1,Popularity_Baseline,0.5,1.0,0.0,0.0,0.0,[855.94  12.78],[  59.94 1090.78],[0.93455475 0.0115807 ],[0.94519016 0.        ],0.1,0.04994686503719448
1972,219,1,Popularity_Baseline,0.5,1.0,0.0,0.0,0.0,[855.94  12.79],[  59.94 1091.79],[0.93455475 0.01157906],[0.94519016 0.        ],0.1,0.04994686503719448
1973,185,1,Popularity_Baseline,0.5,1.0,0.0,0.0,0.0,[855.94  12.8 ],[  59.94 1092.8 ],[0.93455475 0.01157742],[0.94519016 0.        ],0.1,0.04994686503719448
1974,135,1,Popularity_Baseline,0.5,1.0,0.0,0.0,0.0,[855.94  12.81],[  59.94 1093.81],[0.93455475 0.01157579],[0.94519016 0.        ],0.1,0.04994686503719448
1975,402,1,Popularity_Baseline,0.5,1.0,0.0,0.0,0.0,[855.94  12.82],[  59.94 1094.82],[0.93455475 0.01157416],[0.94519016 0.        ],0.1,0.04994686503719448
1976,467,1,Popularity_Baseline,0.5,1.0,0.0,0.0,0.0,[855.94  12.83],[  59.94 1095.83],[0.93455475 0.01157253],[0.94519016 0.        ],0.1,0.04994686503719448
1977,477,1,Popularity_Baseline,0.5,1.0,0.0,0.0,0.0,[855.94  12.84],[  59.94 1096.84],[0.93455475 0.0115709 ],[0.94519016 0.        ],0.1,0.04994686503719448
1978,532,1,Popularity_Baseline,0.5,1.0,0.0,0.3,0.0,[855.94  12.85],[  59.94 1097.85],[0.93455475 0.01156928],[0.94519016 0.        ],0.1,0.04994686503719448
1979,543,1,Popularity_Baseline,0.5,1.0,0.0,0.0,0.0,[855.94  12.86],[  59.94 1098.86],[0.93455475 0.01156766],[0.94519016 0.        ],0.1,0.04994686503719448
1980,2,1,Popularity_Baseline,0.5,1.0,0.0,0.0,0.0,[855.94  12.87],[  59.94 1099.87],[0.93455475 0.01156604],[0.94519016 0.        ],0.1,0.04994686503719448
1981,547,1,Popularity_Baseline,0.5,1.0,0.0,0.0,0.0,[855.94  12.88],[  59.94 1100.88],[0.93455475 0.01156443],[0.94519016 0.        ],0.1,0.04994686503719448
1982,281,1,Popularity_Baseline,0.5,1.0,0.0,0.0,0.0,[855.94  12.89],[  59.94 1101.89],[0.93455475 0.01156282],[0.94519016 0.        ],0.1,0.04994686503719448
1983,387,1,Popularity_Baseline,0.5,1.0,0.0,0.0,0.0,[855.94  12.9 ],[  59.94 1102.9 ],[0.93455475 0.01156121],[0.94519016 0.        ],0.1,0.04994686503719448
1984,138,1,Popularity_Baseline,0.5,1.0,0.0,0.0,0.0,[855.94  12.91],[  59.94 1103.91],[0.93455475 0.01155961],[0.94519016 0.        ],0.1,0.04994686503719448
1985,372,1,Popularity_Baseline,0.5,1.0,0.0,0.0,0.0,[855.94  12.92],[  59.94 1104.92],[0.93455475 0.011558  ],[0.94519016 0.        ],0.1,0.04994686503719448
1986,220,1,Popularity_Baseline,0.5,1.0,0.0,0.0,0.0,[855.94  12.93],[  59.94 1105.93],[0.93455475 0.01155641],[0.94519016 0.        ],0.1,0.04994686503719448
1987,59,1,Popularity_Baseline,0.5,1.0,0.0,0.3,0.0,[855.94  12.94],[  59.94 1106.94],[0.93455475 0.01155481],[0.94519016 0.        ],0.1,0.04994686503719448
1988,522,1,Popularity_Baseline,0.5,1.0,0.0,0.0,0.0,[855.94  12.95],[  59.94 1107.95],[0.93455475 0.01155322],[0.94519016 0.        ],0.1,0.04994686503719448
1989,178,1,Popularity_Baseline,0.5,1.0,0.0,0.1,0.0,[855.94  12.96],[  59.94 1108.96],[0.93455475 0.01155163],[0.94519016 0.        ],0.1,0.04994686503719448
1990,378,1,Popularity_Baseline,0.5,1.0,0.0,0.0,0.0,[855.94  12.97],[  59.94 1109.97],[0.93455475 0.01155004],[0.94519016 0.        ],0.1,0.04994686503719448
1991,53,1,Popularity_Baseline,0.5,1.0,0.0,0.0,0.0,[855.94  12.98],[  59.94 1110.98],[0.93455475 0.01154845],[0.94519016 0.        ],0.1,0.04994686503719448
1992,273,1,Popularity_Baseline,0.5,1.0,0.0,0.0,0.0,[855.94  12.99],[  59.94 1111.99],[0.93455475 0.01154687],[0.94519016 0.        ],0.1,0.04994686503719448
1993,372,1,Popularity_Baseline,0.5,1.0,0.0,0.0,0.0,[855.94  13.  ],[  59.94 1113.  ],[0.93455475 0.01154529],[0.94519016 0.        ],0.1,0.04994686503719448
1994,97,1,Popularity_Baseline,0.5,1.0,0.0,0.0,0.0,[855.94  13.01],[  59.94 1114.01],[0.93455475 0.01154372],[0.94519016 0.        ],0.1,0.04994686503719448
1995,450,1,Popularity_Baseline,0.5,1.0,0.0,0.0,0.0,[855.94  13.02],[  59.94 1115.02],[0.93455475 0.01154214],[0.94519016 0.        ],0.1,0.04994686503719448
1996,547,1,Popularity_Baseline,0.5,1.0,0.0,0.0,0.0,[855.94  13.03],[  59.94 1116.03],[0.93455475 0.01154057],[0.94519016 0.        ],0.1,0.04994686503719448
1997,495,1,Popularity_Baseline,0.5,1.0,0.0,0.0,0.0,[855.94  13.04],[  59.94 1117.04],[0.93455475 0.01153901],[0.94519016 0.        ],0.1,0.04994686503719448
1998,201,1,Popularity_Baseline,0.5,1.0,0.0,0.0,0.0,[855.94  13.05],[  59.94 1118.05],[0.93455475 0.01153744],[0.94519016 0.        ],0.1,0.04994686503719448
1999,558,1,Popularity_Baseline,0.5,1.0,0.0,0.0,0.0,[855.94  13.06],[  59.94 1119.06],[0.93455475 0.01153588],[0.94519016 0.        ],0.1,0.04994686503719448
