userId,movieId,rating,timestamp
318,5110,4.0,1267474334
288,553,3.0,1014821680
314,356,4.0,834241426
184,193585,3.5,1537109805
414,5480,3.0,1058144659
182,1060,2.5,1077140729
126,231,1.0,845925656
462,99007,3.5,1360901235
483,27660,4.0,1178213578
234,260,5.0,1004407958
288,1193,5.0,979163450
63,7980,4.5,1443200182
387,2300,4.5,1094876459
176,110,5.0,840108930
28,2912,2.5,1242288441
607,3684,3.0,963079372
367,4053,3.0,997814246
298,52328,3.0,1449592536
198,3481,4.0,1039796825
414,33725,2.0,1216147050
593,1197,1.5,1181008009
318,118784,3.5,1418982971
517,5016,1.5,1488398940
399,1198,5.0,1167220403
66,1748,5.0,1099188071
381,53121,3.5,1199054020
84,440,4.0,858771912
294,135,3.0,966596934
429,279,3.0,828124616
104,4291,3.5,1053336453
414,6503,3.5,1057178037
174,474,4.0,848487152
357,6377,4.5,1348610194
599,3201,4.0,1498498562
199,1954,4.0,1261363367
592,165,3.0,837349867
414,1680,3.0,961514246
610,133802,4.0,1493849992
462,148982,4.0,1515473938
200,7149,3.0,1229889245
279,101864,3.0,1506395143
603,2278,1.0,963177670
560,3301,3.0,1469649214
8,11,4.0,839463806
382,1721,5.0,1515160906
177,6619,3.0,1435837777
448,2349,2.0,1019123880
527,3359,4.0,1033173644
600,1251,4.0,1237708978
318,162,3.5,1333827211
135,1376,3.0,1009693108
20,262,4.5,1054038142
140,3948,2.5,1172256087
572,2321,3.0,979923864
103,72998,3.0,1431957882
232,588,3.0,1077235202
575,2567,4.0,926510311
262,135,3.0,840311042
182,5095,4.5,1055155071
298,53972,2.5,1447598553
367,1565,4.0,997812260
68,6218,2.0,1359323476
406,46972,4.0,1296959410
318,45666,3.5,1325870115
597,125,4.0,940361937
4,171,3.0,945078428
387,51540,3.0,1173159711
256,4025,3.5,1446580304
195,235,5.0,974709939
141,104,3.5,1513130895
62,52604,4.5,1521822937
68,53129,4.5,1261086126
460,7022,3.5,1359177713
225,2633,4.0,949261391
387,3263,3.0,1117430024
318,1193,4.0,1424546885
595,1094,4.0,938807597
19,1625,4.0,965710871
103,68157,5.0,1440990360
495,2409,4.5,1458636262
381,4299,4.0,1167542790
318,48385,4.0,1237233480
286,2294,3.5,1119561594
143,8643,3.0,1444881338
532,1213,5.0,1025570428
119,48774,4.0,1453664029
57,2701,1.0,965798631
232,44399,1.5,1218171050
84,1246,4.0,858772136
305,71135,4.0,1460662252
605,596,2.5,1277175784
105,6618,4.0,1447563266
177,1035,2.5,1435534428
212,64034,3.0,1490115201
463,2019,4.0,1145460514
387,6100,4.0,1155284355
599,8985,1.5,1498504551
560,1274,3.5,1478019649
477,66,0.5,1201158662
229,165,3.0,838143949
217,3524,3.0,955944401
47,31685,3.0,1496210576
342,2840,3.0,1042822234
382,750,5.0,1515160627
83,71535,2.0,1333841976
414,5463,4.0,1038842174
158,2826,4.5,1290765010
123,2571,4.0,1447269089
448,114925,2.0,1463239504
597,2468,1.0,941641362
182,1610,4.0,1054783775
125,27482,4.5,1474295654
91,471,1.0,1112713817
492,673,5.0,863976287
489,10,2.5,1333101410
256,105504,4.0,1446581316
474,57,3.0,1060105374
448,2694,4.0,1164622318
610,1276,4.5,1493850248
560,53322,4.0,1469650441
135,380,3.0,1009692038
448,96114,2.0,1377516263
298,45728,2.5,1447584632
357,1022,4.5,1348627557
491,8529,5.0,1526672907
140,5899,3.0,1084272976
452,3147,5.0,1019581156
365,72998,4.0,1488332464
368,1515,2.0,971277132
217,858,2.0,956194704
249,142422,3.5,1462136212
140,3751,3.0,977403302
305,47610,2.5,1460136471
307,110,3.5,1186087165
182,6879,3.0,1078244810
418,137337,4.0,1461867778
75,1374,2.0,1158967591
564,63131,3.5,1478451787
226,6541,3.0,1097545747
596,3755,2.5,1535833828
202,2921,4.0,974924297
334,52973,3.0,1266680408
74,2420,2.5,1207499132
212,122920,3.0,1523216927
106,6539,5.0,1467360730
298,1690,2.0,1453033075
70,508,4.5,1355198208
57,1385,2.0,969754432
88,79132,4.5,1331421494
599,61132,2.5,1498518612
414,48142,3.5,1167845428
335,296,5.0,1261542334
68,1208,3.0,1158532363
325,858,5.0,1039395381
298,112552,3.5,1447518030
425,2003,3.0,1085490963
249,74458,5.0,1346841382
246,49932,4.5,1354124937
160,5903,3.0,1065991969
527,919,5.0,1033175704
452,1792,5.0,1019580934
483,3868,4.0,1181494338
561,3555,3.5,1491094374
28,68791,4.5,1277002158
330,1721,3.5,1285905078
307,56757,4.5,1207701882
474,6936,4.0,1100698379
597,2599,5.0,940361149
28,8010,4.0,1235806217
587,3450,1.0,953137416
339,55276,4.5,1460518581
307,708,2.5,1186161579
254,4993,4.5,1180445990
424,2797,3.5,1457844372
567,138036,3.0,1525287186
410,3468,5.0,990807791
45,3268,1.0,950740376
567,156605,4.5,1525283448
19,2936,4.0,965705867
417,4878,5.0,1529283854
544,68,5.0,850688776
68,7046,2.0,1275957577
328,2174,5.0,1494211405
599,72226,3.0,1498521693
483,4361,4.5,1327277993
603,724,3.0,963180134
156,8228,5.0,1109452344
566,708,3.0,849006776
109,516,3.0,841142032
458,349,5.0,845651650
483,2805,3.5,1215897525
555,1020,3.0,978746793
217,2613,2.0,955940741
182,527,4.0,1054781427
474,261,4.0,979180620
216,3977,4.0,974733513
62,110,4.5,1521822303
524,165,3.0,851608818
474,708,4.5,1053020875
6,490,3.0,845554584
119,78469,3.5,1442823834
414,87306,4.5,1328313089
313,5544,4.0,1030475254
292,1358,2.0,990062637
610,2288,5.0,1479542921
539,3264,3.5,1332474537
414,122922,3.5,1519593462
23,1952,3.0,1107341802
226,3897,4.5,1114839811
177,3034,4.0,1435535839
380,74868,3.0,1493421437
228,3005,4.0,1363222662
603,1883,3.0,963178259
488,314,2.5,1112382491
28,2762,3.0,1234570602
563,85056,3.5,1441845115
414,3999,2.0,1216151260
43,292,5.0,848993718
313,6,3.0,1030556299
68,3034,3.0,1158534005
395,380,3.0,841503395
249,71535,4.5,1346757615
570,2640,3.0,1181478347
317,2028,5.0,1430361527
167,5952,4.5,1154721758
62,128360,5.0,1521489877
380,3408,3.0,1493423336
590,70286,4.0,1266473601
152,1207,4.5,1450572522
315,2067,4.0,939920310
111,1644,0.5,1518640852
351,3863,2.5,1325977875
606,4995,4.0,1171323919
186,10,4.0,1031088020
448,34018,3.0,1171203494
474,2184,3.5,1084798863
432,5445,4.0,1316391715
483,1291,5.0,1415579027
404,161,4.0,838375784
24,552,3.5,1458941837
47,51931,5.0,1496205747
140,6539,3.5,1079472360
201,592,3.0,939226657
18,139385,3.5,1473351954
344,81847,4.0,1420497410
371,2641,3.5,1407691722
21,592,3.5,1419795406
474,2206,4.5,1100119901
122,112515,4.5,1461562764
414,4256,3.0,1012242003
399,2571,5.0,1167220314
66,6188,3.5,1113190478
599,81834,3.0,1498525401
275,858,5.0,1049076161
599,3196,3.0,1498521774
156,4014,1.5,1106854018
307,42002,2.0,1186257777
115,2028,5.0,944950805
510,2599,4.0,1141158913
156,5577,4.0,1106882178
217,2408,3.0,955945068
104,2355,4.0,1048589315
51,3255,3.0,1230929494
64,31878,4.0,1161530878
19,3717,2.0,965702842
226,2716,4.0,1095662766
438,292,3.5,1105666223
380,34048,3.0,1493419970
474,4085,2.0,1047054836
339,58376,3.0,1460184217
474,6744,2.5,1062387694
219,2355,3.5,1217436316
534,87869,3.0,1459787997
356,34437,3.0,1229140295
28,65216,3.5,1234850034
222,5220,1.5,1391352491
1,2048,5.0,964982791
610,48516,5.0,1479542152
527,2944,4.0,1033175331
432,6947,1.5,1335139655
154,72998,5.0,1486297187
448,120783,2.5,1461945772
113,2749,4.0,980307472
603,492,4.0,963178398
419,60756,4.5,1350347673
605,33493,2.0,1277175872
514,5952,2.0,1533871481
381,46530,3.5,1165975499
414,5589,4.0,1034001757
264,364,3.5,1136978642
420,45499,3.0,1218036707
369,1220,3.5,1237081577
182,3729,4.0,1054782223
274,919,3.5,1171427932
470,539,4.0,849075545
599,7845,3.0,1498524464
166,46976,4.5,1188774629
560,41569,3.0,1469650327
140,5152,3.0,1034362738
19,1064,2.0,965708098
599,1653,3.5,1498797939
553,231,3.5,1230773406
10,72011,2.5,1455301741
599,6557,0.5,1498502617
260,2959,4.0,1109411015
599,5471,1.5,1519338127
534,4533,4.5,1459787996
424,27020,3.5,1457901562
89,49286,2.5,1520408488
516,4349,4.0,994625189
45,3617,4.0,1007995150
50,170705,3.5,1514498530
323,1092,3.0,1422640528
221,8228,4.5,1118246660
438,7259,2.0,1105654412
151,1432,4.0,855948013
325,4848,4.0,1039396639
6,477,4.0,845554141
414,647,3.0,961512495
178,454,4.5,1164355349
224,2080,4.0,971812611
480,165,3.0,1179177627
597,733,1.0,940420917
219,8807,4.0,1195699544
608,1080,2.0,1117408365
105,67923,4.0,1446618556
105,7254,4.0,1446571915
117,531,3.0,844163615
582,91529,4.5,1446792661
451,1059,4.0,854090644
599,1845,2.5,1519119541
610,4902,4.0,1493845804
534,64695,4.0,1459792399
125,122892,3.0,1474414820
268,2973,4.0,940183036
248,500,3.0,1534602101
28,3033,3.0,1277002147
219,5267,2.0,1195944722
288,2613,1.0,976138321
91,1080,4.0,1112710878
438,5879,2.0,1105654430
140,4019,3.0,997958529
232,2268,4.0,1261435371
448,5418,3.0,1042827236
462,508,2.5,1154037955
610,27746,3.0,1493848598
474,5992,3.0,1100292016
68,3740,2.5,1261623651
22,5013,0.5,1268727056
325,296,5.0,1039395929
19,3396,5.0,965705896
605,71160,3.0,1277175715
586,187593,4.0,1529899179
226,2100,3.0,1097545890
288,5528,4.0,1057599241
42,2791,5.0,996258232
588,20,2.0,839317230
483,160,3.5,1178293850
298,8641,4.0,1447584592
599,7373,3.5,1498798228
6,348,3.0,845553938
219,541,3.5,1194687801
596,616,4.0,1535827076
573,8641,5.0,1341797599
573,2028,5.0,1186589564
599,26782,2.0,1519369048
22,7147,0.5,1268726811
414,2172,3.0,979568961
448,39444,3.0,1184426926
477,30749,4.0,1200940574
387,2921,4.0,1094876861
91,736,2.5,1112711143
186,4896,4.0,1031072959
448,5752,3.0,1074715109
603,4708,4.0,1002403424
603,3174,1.0,963180480
239,1682,4.0,1221158451
474,224,3.5,1100292192
213,1036,4.0,1316196016
465,3681,4.0,959895645
606,8636,2.5,1181689537
274,33493,4.0,1172616822
305,40583,3.0,1464675022
560,1291,4.0,1469647842
370,1777,4.0,1159161827
331,55765,4.0,1537158317
462,183199,4.0,1529413839
400,3949,5.0,1498870465
11,1687,3.0,902154647
573,8961,4.5,1186589698
610,4306,3.5,1493844678
560,6863,3.0,1469648866
309,1250,5.0,1086563279
177,1939,5.0,1435536971
135,3052,5.0,1009692038
469,1466,3.0,965336695
610,91529,4.5,1493844922
6,986,4.0,845556475
177,6708,4.5,1435524860
449,2054,2.0,1053198986
16,4002,3.5,1377476669
462,1961,2.0,1154037877
305,112852,4.5,1460136524
438,2687,4.0,1105668437
104,733,3.0,1049205396
42,1222,5.0,996216146
68,46972,3.0,1261623505
448,105211,3.5,1412437686
346,3363,3.5,1094646994
191,427,1.0,829760897
525,59315,3.0,1476475926
555,1862,3.0,978842188
555,2846,5.0,978748334
391,2948,4.0,1032389003
100,223,3.5,1100185924
226,3535,4.5,1132092634
12,2572,5.0,1247263689
213,51935,3.5,1316195289
288,3703,3.0,975691813
129,8665,4.0,1167378423
62,164179,4.0,1521489143
546,1970,4.0,973588711
1,1,4.0,964982703
184,170813,2.0,1537109401
169,4823,4.0,1070250460
474,48326,3.0,1180012371
599,99007,2.5,1498515612
182,1243,5.0,1054780345
381,52722,1.0,1199054053
274,78041,3.0,1293657951
331,4239,4.0,1537158162
105,126090,4.5,1446573130
448,7076,4.0,1074423312
160,4343,2.0,1065992278
583,88405,3.0,1481474223
288,1084,4.0,978647266
522,1214,5.0,1449731619
185,2692,4.0,1044311995
182,4015,1.5,1127221081
597,1221,5.0,940361738
590,71464,3.0,1297830436
382,4700,3.5,1515172658
119,8622,3.5,1505333113
98,71745,0.5,1532457670
380,6058,3.0,1494528747
474,6785,4.5,1100291681
318,42176,4.0,1435309000
91,316,4.0,1112713249
380,1552,4.0,1494803555
414,4246,4.0,1073681635
448,5356,0.5,1261243271
262,57,3.0,840306644
437,296,5.0,859722193
140,6950,3.5,1080845528
313,1285,5.0,1030557688
298,85780,2.5,1447584807
387,5072,4.5,1117354929
380,68157,3.0,1493420409
368,3768,1.0,971275240
318,94959,3.5,1424546941
111,51935,3.0,1516144014
43,217,5.0,848994890
318,3683,4.5,1457474046
599,292,3.0,1519243230
566,329,3.0,849005292
326,64620,4.0,1419881000
305,68319,4.0,1518197820
326,30812,1.5,1357502291
148,1197,3.0,1482548478
414,2766,3.0,961437391
514,2118,3.5,1535944654
580,1923,4.0,1167790046
298,53125,2.5,1449592168
249,5989,3.5,1346757924
51,2011,3.5,1230929592
372,1036,5.0,874417240
68,527,4.0,1305861414
234,353,4.0,1004408151
521,43,4.0,852713446
605,52435,3.0,1277175992
438,4718,4.0,1105654091
202,2983,4.0,974924755
216,3685,5.0,975212641
292,3552,3.5,1265679741
483,1380,2.0,1215870826
603,2463,3.0,953927978
385,1199,5.0,865025958
479,5197,2.0,1039362619
211,33166,5.0,1350913115
177,60126,3.0,1435525743
274,1079,4.0,1221685774
419,64969,3.5,1350347554
259,1356,0.5,1146845349
268,1680,3.0,940180491
363,708,3.5,1502584572
432,1721,4.0,1316391552
68,185,3.0,1158532023
103,79134,3.5,1431955808
68,1200,2.5,1158531997
469,3697,2.0,965334834
378,44191,4.0,1445346981
580,6333,4.5,1167674182
132,551,3.5,1157922289
610,1218,5.0,1479542012
89,73160,2.5,1520409557
599,8622,3.5,1519135974
246,74789,4.0,1355956382
606,26776,4.0,1173021908
103,4896,2.5,1431957373
111,93831,1.5,1516152515
525,88163,4.0,1476477734
21,145,3.0,1376823315
432,84392,3.5,1315245046
332,1093,4.0,1352670948
103,5378,3.0,1431957388
105,1265,4.0,1447579905
146,502,2.5,1312507926
483,5965,4.5,1234133751
103,1291,4.0,1431957092
292,3994,2.0,1039914864
68,3471,1.5,1254028207
288,1721,3.0,976121266
590,1269,3.5,1297830317
119,7454,3.5,1455448434
357,72998,4.0,1348627480
414,2672,3.0,961437055
83,924,5.0,1332839611
462,1682,4.0,1123891809
84,1073,4.0,857653289
357,1958,4.5,1348627695
221,4029,4.0,1111177886
62,4993,5.0,1521488587
596,2687,4.0,1535827083
51,4340,2.5,1230930946
475,2006,4.5,1498029445
380,60937,3.0,1494696415
464,1097,4.0,1275549800
591,3408,4.0,970524881
52,7438,4.5,1468051321
27,911,5.0,965149512
307,4141,1.5,1186257333
554,1213,5.0,944902081
489,59615,0.5,1332704830
249,5093,3.0,1354108065
25,187593,5.0,1535470534
408,3996,3.5,1467454816
399,2959,3.0,1167220282
186,442,4.0,1031080284
328,111781,3.5,1494211634
570,1387,3.0,1181477831
186,1931,5.0,1031087825
63,6934,3.0,1443290270
52,1198,3.5,1468051097
547,2919,3.0,942723498
551,5010,4.0,1504926031
117,186,3.0,844163019
132,5952,3.0,1157920621
68,52245,4.5,1261624235
125,137857,3.5,1480789748
7,6934,2.0,1106712812
262,593,2.0,840305605
122,2542,5.0,1461561648
509,60069,3.5,1436393616
437,1183,5.0,859721191
202,1214,4.0,974921250
427,6349,1.0,1053069100
357,1285,5.0,1348627812
351,8914,3.0,1328290627
31,25,2.0,850466616
191,144,4.0,829760897
66,6786,4.5,1099188107
246,87222,5.0,1354125731
336,168,4.0,1120568038
17,2959,4.5,1305696867
460,3827,3.5,1359176129
438,4700,3.5,1105654129
414,6299,4.0,1095465986
385,235,2.0,834691757
274,40815,3.0,1171428530
68,435,2.0,1158533526
448,41569,4.0,1148466801
557,1198,3.5,1452797292
20,2006,2.0,1054036200
603,1419,4.0,953926854
490,81591,4.0,1324372022
599,3270,3.5,1498501626
294,333,1.0,966596048
7,46530,1.0,1157949732
599,5452,2.0,1498510097
195,1923,3.0,974709882
249,91978,3.5,1430483129
567,51255,3.0,1525287228
51,260,5.0,1230931614
382,91660,2.0,1515174811
82,1556,1.5,1084465259
425,1792,4.0,1114173276
429,420,2.0,828124615
169,104,5.0,1078284796
356,3160,4.0,1232431038
438,3354,3.5,1105649885
288,3039,3.0,975692577
391,260,5.0,1032387863
126,434,3.0,845925690
599,183301,3.0,1519148271
274,5944,1.0,1171759788
19,3809,3.0,965706415
391,1035,5.0,1030824826
306,88785,3.0,1518380865
54,377,3.0,839921390
555,1220,4.0,978820747
536,45,5.0,832840081
68,168,3.0,1240093526
140,21,4.0,949666898
380,2076,5.0,1494803781
66,1036,4.0,1093747439
459,260,4.0,1520233064
508,2366,1.5,1268297455
41,1089,2.0,1459367458
414,52,3.0,961438413
504,1307,4.5,1063644704
372,1172,5.0,874415441
7,33836,1.0,1125442102
466,5459,4.0,1439915394
287,2959,4.0,1110230576
249,3147,4.0,1346757751
68,91500,5.0,1351295099
267,3999,2.0,979230762
600,8261,4.5,1237850965
448,3082,3.5,1173560585
604,311,3.0,832080690
270,1073,5.0,853918849
414,7161,2.0,1106195415
483,3996,4.5,1181494870
357,2134,3.0,1348609834
215,2686,5.0,1260905552
424,3261,4.5,1457902620
332,2021,1.5,1352672264
440,1199,4.5,1237569063
562,3105,4.0,1368897330
19,606,2.0,965705362
113,916,5.0,980306890
380,3754,1.0,1494613425
462,162414,5.0,1478489531
182,288,4.5,1054783872
425,786,3.0,1085477688
500,2018,3.0,1005528301
45,8636,3.5,1091305570
187,47997,0.5,1180301655
554,1208,3.0,944902697
255,1863,3.0,1005717340
555,3497,3.0,978823349
489,2671,3.5,1332774022
474,45028,4.0,1165539890
182,3462,4.5,1054783919
448,91325,2.0,1328370503
249,68659,3.0,1356550226
298,367,2.5,1450441628
307,5103,2.5,1186174183
608,924,3.0,1147210995
555,1375,3.0,978822506
135,2605,3.0,1009691339
348,58559,4.5,1378850219
474,941,3.5,1091456369
525,1197,4.5,1476476375
95,162,5.0,1043340311
45,39,3.0,951170338
252,143355,4.0,1498283807
567,68954,3.0,1525286751
381,2953,2.0,1164381760
448,135861,4.0,1466434592
307,6287,3.5,1186085082
462,25,3.0,1154037817
156,2110,2.0,946798548
401,6942,4.0,1514346693
249,69844,4.0,1415415455
608,1061,3.0,1117408039
586,58105,4.0,1529901595
414,1884,4.0,1036505560
241,106782,3.5,1447536439
257,2599,1.5,1141625607
608,799,4.0,1147794982
28,2706,3.0,1242290771
139,54286,2.5,1453924231
284,349,3.0,832695146
19,2072,2.0,965707518
318,31410,4.5,1302949847
197,296,5.0,947461923
528,1961,3.5,1391736663
19,597,3.0,965706967
603,2504,3.0,963178928
527,329,4.0,1033175897
202,1394,4.0,974923542
392,1198,5.0,1027524111
51,383,3.0,1230930616
51,333,2.0,1230929800
567,89774,2.5,1525288125
425,6323,4.0,1106483560
292,104841,3.5,1421974348
474,1959,4.0,1105465745
563,8869,3.0,1441845709
209,92259,4.0,1524607518
414,48560,2.5,1187622233
186,2193,4.0,1031087700
32,788,1.0,856736227
551,8798,4.0,1504925825
19,2315,2.0,965705263
480,8917,2.5,1179163798
462,32582,5.0,1201445771
422,3968,2.0,989716259
387,6920,4.5,1117354754
388,62999,5.0,1386694287
182,2106,4.5,1054782751
6,700,4.0,845556147
305,5010,4.5,1460838699
561,1263,4.0,1491094994
274,45499,3.5,1173041146
156,1923,4.0,939853546
428,6957,4.0,1111523815
606,194,4.0,1171408317
580,3697,3.0,1167792771
153,597,0.5,1525552912
483,106918,4.5,1415577180
222,97168,2.5,1391347968
290,1997,4.0,974939475
448,6365,1.5,1206302799
414,8644,3.5,1125287806
260,2766,3.5,1109410119
482,2640,5.0,1105397001
599,2450,2.0,1498509676
27,2046,4.0,962685470
415,971,4.5,1382469873
328,8368,4.0,1494210783
288,2236,3.0,1172757996
58,224,3.0,847719065
414,2791,4.0,961595418
266,1089,5.0,945670798
288,10,3.0,978465794
512,300,4.0,841449359
109,151,4.0,841108346
474,2132,3.5,1100119904
334,720,4.0,1225477269
600,3083,4.0,1237743428
68,58839,1.0,1240093080
411,208,4.0,835532100
274,180,3.5,1171785271
480,46967,4.5,1179165511
23,2912,3.5,1107162744
354,903,4.0,1200953304
252,134853,5.0,1498283693
597,1100,1.0,941730312
361,858,2.5,1204047542
304,1653,4.0,896045740
199,2997,4.0,946523761
489,86000,4.0,1333656838
18,4816,3.0,1456919460
452,2028,5.0,1013394673
448,102686,2.5,1386235249
474,6981,4.0,1095773445
561,108190,1.0,1491091543
318,3408,2.5,1270752540
599,34405,3.5,1498500262
438,3889,3.0,1105664769
96,2858,5.0,964772972
606,27821,2.5,1175722715
590,53972,3.0,1258427930
199,53550,3.5,1261364752
275,587,3.0,1049076150
318,6378,3.5,1238514673
290,3735,4.0,974938151
522,3911,2.5,1254101231
599,82459,3.0,1498523247
577,1293,4.0,945978364
73,8636,4.0,1464275204
412,2278,3.0,939114613
464,1625,5.0,1275549320
95,4015,2.0,1043339957
608,4963,4.5,1117162382
177,1380,3.5,1435534283
254,47629,2.0,1180447632
104,54259,4.0,1355729646
600,1030,3.0,1237714080
483,3489,4.5,1181495743
372,1297,4.0,874415199
538,902,4.0,1307845496
599,60803,2.5,1519184742
475,4993,5.0,1498029357
454,61240,3.5,1279547116
473,48385,3.5,1169351425
330,356,5.0,1285904215
434,5418,4.0,1270604720
603,708,3.0,954482471
466,8368,4.5,1439915315
130,588,2.0,832589546
177,53993,3.0,1435525859
29,87306,4.5,1309585079
597,1906,3.0,941559341
603,1285,4.0,1002403496
132,520,1.5,1157967999
57,1562,2.0,969754038
68,1732,0.5,1158532491
521,58,4.0,852713185
7,1917,4.0,1106635484
380,5690,4.0,1494804788
414,31,3.0,961518520
153,1907,3.0,1525552223
288,5267,3.5,1101316592
280,31685,3.0,1348533373
68,166528,4.5,1526947652
232,37720,3.0,1182909848
591,2716,3.0,970524920
109,587,3.0,841107643
606,1270,3.5,1171325845
391,2108,4.0,1030827326
179,708,4.0,852114193
474,4024,2.5,1053021767
599,8798,3.0,1498523618
64,2329,4.0,1161519962
332,5502,2.0,1352673403
74,926,5.0,1207502168
474,1994,4.0,1136251475
41,2268,2.5,1459367652
288,2373,2.0,978466567
391,4361,4.0,1030945247
16,750,4.5,1377476825
480,6281,3.5,1179164201
52,46976,5.0,1468051892
290,2919,4.0,974942150
594,6373,5.0,1111977531
317,8798,5.0,1430512256
288,48082,3.5,1173363674
328,527,5.0,1494207073
21,111759,4.5,1403460346
365,160954,1.5,1489796765
92,2501,4.0,1294941362
28,3556,3.0,1242289161
107,292,4.0,832003754
348,527,5.0,1378850186
166,7143,4.5,1190828657
492,653,4.0,863976055
274,54286,3.0,1198044915
294,2000,4.0,966597510
22,5902,3.5,1268726753
610,160836,3.0,1493844794
226,5650,5.0,1095713547
140,1095,2.0,949666857
474,2295,5.0,975173593
567,5952,3.0,1525287070
280,63992,4.0,1348533877
239,1704,5.0,1221158311
606,26242,3.5,1172355490
140,3175,2.5,1075154390
517,56174,3.0,1487953180
305,3566,3.0,1460304485
479,3253,4.0,1039362608
610,91660,3.0,1493848574
438,33493,3.5,1116810694
18,4993,4.5,1455209675
292,106487,4.5,1453675869
382,26765,2.0,1515250155
603,356,3.0,953926642
354,48385,3.0,1200870263
206,648,3.0,850763267
414,50804,3.0,1183481157
603,1554,3.0,954482557
24,2115,4.0,1458941695
318,51540,4.0,1347014123
325,235,5.0,1039399069
599,4203,2.0,1519326504
312,1272,4.0,1043177200
41,2671,3.0,1458938961
199,356,2.0,940372744
307,4697,1.5,1186085929
599,360,2.5,1498514471
590,3868,3.0,1258427888
19,2355,3.0,965705896
134,173,3.0,832841267
606,47,3.0,1171927423
140,2617,2.0,944488906
503,79798,3.0,1335219684
228,836,3.5,1363222739
190,8961,4.0,1504310067
509,7151,3.0,1435995007
210,62834,4.0,1480713045
599,27773,4.0,1498499042
96,2948,3.0,964772778
68,4041,2.5,1158535892
10,5943,3.0,1455303078
354,52722,4.0,1200941421
339,51255,2.5,1460183156
570,1206,3.5,1181477917
474,2067,3.5,1053021624
606,1188,3.0,1171229433
599,1042,2.0,1519139368
182,8581,4.5,1091809459
41,106918,4.0,1458943677
235,265,4.0,841422596
57,2396,5.0,965796869
391,50,4.0,1030827636
117,350,3.0,844162955
275,1188,3.0,1049079562
357,6593,4.0,1348627995
405,110,4.0,1295913228
240,174,5.0,849123103
298,5673,3.0,1447598448
200,5481,3.5,1229877721
605,74530,3.0,1277176182
597,1290,3.0,941639767
414,5420,2.0,1055265775
341,356,3.5,1439750914
603,527,3.0,953925102
41,288,3.0,1459367592
198,1446,5.0,1034136085
387,356,4.0,1095040458
480,49286,2.0,1179165128
610,7894,3.5,1479544798
274,5853,3.5,1248337542
288,2163,2.0,975692853
600,2527,3.0,1237743037
111,110669,4.0,1518812734
249,184253,4.0,1518388863
359,2470,3.5,1198113389
578,45720,4.5,1300996651
482,5388,4.0,1105396953
601,8961,5.0,1441639891
482,8985,4.5,1105397449
62,2124,5.0,1525636840
448,87869,3.0,1356510643
256,97938,4.5,1446580977
469,1831,2.0,965335000
489,5128,2.5,1333831327
606,5618,4.5,1172441052
605,4896,3.5,1277175611
491,4306,2.0,1522605168
380,88140,5.0,1493420735
414,1040,3.0,965067631
330,2081,3.5,1285905630
350,805,3.0,864941053
186,3751,4.0,1031080851
288,6003,4.0,1066059244
43,344,4.0,848993662
443,78574,4.0,1420236741
64,2826,3.5,1161620716
470,292,5.0,849075031
32,337,3.0,856737205
100,539,4.5,1100184295
210,8636,4.5,1527266085
89,6604,4.0,1520409648
200,3977,4.0,1229886309
63,1089,3.0,1443201184
599,1719,3.5,1519475938
169,3,5.0,1078284750
560,2355,3.0,1469654116
89,2294,3.5,1520408531
555,3918,3.0,978823527
223,2396,4.0,1226209812
64,5903,3.5,1161566145
177,93008,5.0,1435721089
391,3006,2.0,1032388253
325,318,5.0,1039397072
586,98809,4.5,1529899331
14,376,4.0,835441620
484,1380,4.0,1342296299
13,3996,5.0,987895902
380,4011,5.0,1494613084
119,296,4.0,1436563596
448,151559,2.0,1487877726
89,1269,2.5,1520408303
298,4718,3.0,1447598254
298,1526,2.0,1466278019
292,103253,4.0,1442098845
212,1200,3.5,1523216803
387,1206,5.0,1094875230
298,46970,2.0,1447598897
316,3751,2.5,1111493386
100,648,4.0,1100185920
608,370,2.0,1117490748
432,45447,4.0,1335140004
177,8464,4.5,1435532959
489,4306,4.0,1333101413
563,6593,3.5,1449288362
414,106782,4.0,1485656712
543,213,0.5,1377069202
45,5589,3.0,1034343805
600,923,4.0,1237715413
89,136355,5.0,1520409066
606,25850,4.5,1177442293
590,52722,3.0,1258417005
448,88744,2.5,1351976991
573,1089,4.5,1186589585
327,745,3.5,1234788133
610,66310,3.5,1493848780
380,839,2.0,1493668047
380,1350,3.0,1494804165
42,2713,3.0,996262416
222,3868,4.0,1391346636
307,2169,1.5,1186173322
332,3168,3.5,1352672471
564,2572,3.0,1478453983
448,47810,1.0,1180460260
508,671,2.5,1268297502
509,6662,3.5,1436101877
477,2915,3.5,1200941618
608,2468,2.0,1117415484
305,62644,4.0,1460137207
474,1939,3.5,1081177682
538,3552,4.0,1307845513
105,4788,5.0,1526207223
132,586,2.0,1157922708
219,31221,0.5,1198782845
45,19,4.5,1091306129
601,68954,5.0,1513712151
380,329,3.0,1493420030
489,2193,3.5,1334588014
532,4262,4.0,1025523292
298,98809,3.0,1447597890
288,6534,3.5,1068836891
11,377,3.0,902154431
201,11,4.0,939227085
567,97913,2.5,1525288182
567,103772,2.0,1525288499
86,1680,4.5,1343944714
98,5444,4.5,1532457999
573,1573,4.5,1248842087
20,1073,5.0,1054038071
495,111364,3.5,1458636814
307,333,3.0,1186162123
181,165,3.0,845469325
11,1552,4.0,902154458
225,5060,1.0,949111389
610,33158,1.5,1493847713
66,260,2.5,1093747550
489,541,4.0,1333101450
62,89864,4.5,1521489672
309,3081,0.5,1086563584
178,5995,4.5,1163673634
200,3911,3.5,1229878135
474,1,4.0,978575760
98,2324,4.0,1532457439
21,30793,3.5,1500701995
380,152081,5.0,1508108671
212,72226,4.5,1490115587
567,51573,3.0,1525286804
298,103141,3.0,1447599714
26,225,3.0,836950483
480,3677,5.0,1179160752
254,44199,4.5,1180563998
305,26249,5.0,1519639479
325,3927,3.0,1039397688
226,1961,4.0,1095662798
66,5548,4.5,1113188591
61,1213,4.0,1145532539
104,27706,2.5,1131231485
560,35836,4.0,1469648780
135,3441,4.0,1009693144
225,2915,4.0,949111248
292,3173,1.0,1017364729
599,1380,3.0,1498524887
182,720,4.5,1057526367
265,3196,4.0,965316395
610,5507,2.0,1493846038
111,37729,2.5,1516143882
577,329,3.0,945965866
275,4886,4.0,1049077518
1,2450,4.0,964982620
318,143355,3.5,1512681939
590,2871,3.5,1258415207
480,1391,2.0,1179178383
210,4896,4.5,1527266266
514,3478,3.0,1533947109
21,167036,4.0,1483340756
580,50,5.0,1167789884
59,1696,5.0,953610077
7,6333,4.0,1106636516
304,1680,3.0,933167454
534,34162,5.0,1459787999
573,4776,4.5,1186589362
600,6773,4.0,1237715649
507,266,3.0,838964765
599,8380,2.5,1519422605
339,157699,3.5,1481945488
217,2527,3.0,955940667
307,3863,1.5,1186087745
462,2596,3.0,1123891116
8,236,3.0,839463767
561,1,4.0,1491094681
606,30822,3.0,1177359451
426,1197,5.0,1451080688
354,3623,2.0,1200870496
582,94864,4.0,1446794052
604,2,5.0,832080293
453,2027,3.0,1005967708
426,31,5.0,1451080848
373,344,3.0,846829862
177,3461,2.0,1435536531
121,435,2.0,847656100
332,46322,3.0,1352674093
294,357,2.0,966595458
380,719,3.0,1494803916
19,965,2.0,965710693
91,832,3.0,1112710947
610,5954,5.0,1493845265
187,2628,1.5,1180734850
90,896,3.0,856354513
474,2078,4.0,983032723
121,353,3.0,847656245
307,8949,3.0,1187192193
144,1036,3.5,1137323713
137,3198,3.5,1204863846
573,1210,5.0,1186589710
226,7153,4.5,1095663758
132,1748,3.0,1329983783
8,539,3.0,839463728
98,81564,5.0,1532457544
57,2921,5.0,965798591
321,165,3.0,843212390
213,55232,3.5,1316195912
414,2676,2.0,961436800
589,337,5.0,856043369
215,2918,4.5,1260909185
514,1449,4.0,1533946074
474,3206,2.0,1047044056
387,2810,4.0,1132907050
122,4239,4.5,1461562346
352,3113,4.0,1493673901
231,54286,4.0,1433089651
304,338,4.0,897895513
122,5669,4.5,1461562136
6,251,3.0,845556257
603,6,4.0,963177624
336,3948,5.0,1120568193
111,61255,4.0,1516153844
603,534,4.0,954482383
480,5010,4.0,1179160872
217,2194,4.0,955942896
181,502,2.0,845470780
318,2580,4.0,1325872395
212,6564,3.0,1498429718
119,7458,4.5,1505333121
249,1,4.0,1347317775
599,91653,2.5,1498527588
567,5673,3.5,1525282187
304,2316,4.0,909345935
111,3052,5.0,1516153898
84,1011,3.0,860398764
600,5540,3.5,1237760186
606,4357,4.5,1171327795
602,144,3.0,840876566
1,2700,5.0,964980985
417,3535,3.0,1529283948
275,5060,4.0,1049078197
307,5736,1.5,1189608033
448,1230,5.0,1029135309
483,7090,5.0,1178358547
76,52281,3.5,1439167865
414,50158,2.5,1216151127
86,3578,4.0,1344082855
494,1036,5.0,1001666641
499,1220,5.0,1289960540
448,919,4.0,1019125217
543,59900,0.5,1230602551
233,33794,3.5,1529333683
391,608,5.0,1030944152
474,6791,5.0,1064171871
601,1527,4.0,1521398196
7,5218,3.5,1106712866
78,344,4.0,1252575201
182,5014,4.0,1055157786
368,1917,3.0,971276975
217,3300,3.0,955940859
6,293,3.0,845553660
555,2858,5.0,978744284
561,109487,3.0,1491091013
368,2456,1.0,971274067
452,2763,5.0,1019580723
110,47,4.5,1175330162
271,2826,2.0,1234302168
234,126,2.0,1004409854
561,115210,3.0,1491091534
584,204,4.0,834987933
448,8781,3.5,1103897760
210,122900,4.5,1517173101
64,48,3.0,1161529467
414,1833,2.0,961517710
597,1962,4.0,941639536
307,5572,2.0,1186085900
567,86332,1.5,1525289201
82,6378,4.0,1084467452
488,2302,3.0,1112381821
50,72998,2.0,1514891142
11,1408,5.0,902154383
292,102123,1.5,1421974644
448,380,3.0,1019124334
414,2470,4.0,961594982
412,1147,5.0,939114868
260,6502,4.5,1109408502
509,126142,4.0,1435998617
537,8984,5.0,1424138279
475,2353,4.5,1498031891
480,1073,3.5,1179177700
339,1265,5.0,1460518931
109,454,3.0,841106621
448,2375,3.0,1019125813
503,318,4.0,1335219008
272,589,3.5,1533490657
474,3394,1.5,1068213767
382,3638,3.5,1515172759
428,1527,4.0,1111623379
479,110,2.0,1039360660
534,97752,4.5,1459787995
290,903,5.0,974938228
344,736,4.5,1420496779
79,2150,4.0,975281314
177,337,2.5,1435890667
357,1221,5.0,1348610451
422,1968,2.0,989715982
313,1125,1.0,1030558411
606,2312,4.0,1171408409
319,152081,4.5,1461351517
525,61024,2.0,1476479753
437,628,4.0,859721081
524,204,3.0,851608839
480,1078,3.5,1179160744
317,30707,5.0,1430517275
232,52283,2.5,1180747408
586,4886,5.0,1529899525
182,356,5.0,1054782675
105,3415,4.5,1446618593
599,2719,1.5,1498504444
401,33615,2.5,1514347874
295,1213,4.5,1320064972
600,1569,2.5,1237708409
448,2053,2.0,1019563932
305,112818,5.0,1460564166
514,2301,2.0,1534114012
187,6368,5.0,1161850357
288,2174,3.5,1054569066
474,26680,3.0,1112632610
332,1729,4.0,1352672996
414,6670,2.5,1216149720
156,457,3.5,1106854612
132,6157,3.0,1161799768
474,6954,3.5,1089897178
319,115617,4.5,1461351785
82,6566,1.5,1084467522
33,2268,4.0,939715369
414,58156,2.0,1273978067
425,1210,3.0,1085477285
57,265,2.0,972172342
395,586,3.0,841503793
362,56156,3.0,1530638135
294,342,1.0,966596048
469,2966,4.0,965333510
50,164280,3.5,1529600343
41,4034,3.5,1459367560
290,2959,3.0,975032265
62,71106,4.5,1522190336
68,68954,3.0,1261084433
352,1198,4.0,1493932037
555,1265,4.0,978746275
110,296,4.5,1175330118
476,377,3.0,835021982
90,1144,4.0,856354526
342,1268,3.0,1042821231
125,131920,4.5,1474295590
104,4963,3.5,1416241898
1,1377,3.0,964982653
18,2421,3.0,1455749739
66,7027,4.0,1093747697
103,3468,5.0,1431969791
561,4886,4.0,1491090971
381,2471,4.0,1168665981
357,4361,4.0,1348612024
448,4027,2.0,1034700847
489,590,4.0,1333101281
249,3039,4.0,1354225932
326,72605,4.0,1322251662
238,2067,5.0,1007931845
334,26776,4.0,1267812862
200,4161,3.5,1229888764
456,1060,4.0,856883707
153,586,2.5,1525549564
275,5603,5.0,1049078254
68,2278,3.5,1158533673
217,205,3.0,955943259
199,5747,4.5,1074006455
265,969,5.0,965314300
160,2745,3.0,971116289
318,162578,4.0,1525426774
610,51939,2.5,1493848022
111,3825,3.0,1516143948
522,91529,4.0,1388124665
91,2717,3.0,1112718067
452,1127,5.0,1019580705
414,6385,4.0,1060644404
464,4226,4.0,1287399793
356,1206,4.0,1229142952
410,2145,4.0,990910594
133,50,3.0,843491446
482,647,3.5,1105396636
131,3178,3.0,1349838715
198,4381,2.0,1034196027
414,52241,3.5,1188919798
353,234,2.0,831940012
274,3646,2.5,1171829693
474,42740,3.5,1165540081
414,40815,3.5,1511535762
600,317,0.5,1237759435
62,114678,4.5,1521931629
553,555,3.5,1219558132
314,1374,3.0,852051027
57,1220,4.0,969753346
239,32,5.0,1221159452
599,2339,1.5,1519255520
552,6003,3.0,1112151145
339,64614,4.0,1460346387
247,104841,4.0,1467646515
414,33794,4.5,1118949162
156,1358,4.0,1106855335
610,4034,3.5,1493845019
608,2080,3.0,1117415527
275,6001,5.0,1049076828
277,1167,3.0,861813370
448,5540,4.0,1029240574
306,76093,3.0,1518380221
490,2136,1.0,1328145544
339,48394,2.5,1460183593
365,103772,3.0,1489796879
42,4155,3.0,996216820
249,95720,3.5,1353290746
534,1688,4.0,1459787997
245,2289,3.0,951183191
483,1589,2.5,1215897037
44,849,3.0,869252088
346,32587,2.5,1125857645
599,215,4.5,1498539255
339,48780,5.0,1460183043
109,1020,3.0,841152033
597,442,1.0,941729405
477,48774,4.5,1200940819
599,524,2.5,1498511883
239,2355,3.5,1221158823
187,5445,3.5,1161863913
610,122924,3.5,1493845868
304,5060,4.0,891173173
477,56921,4.5,1229452472
577,2028,5.0,945966132
193,26116,5.0,1436558810
555,1213,5.0,978840077
580,1917,3.5,1167860614
448,82459,4.0,1327257756
73,109483,2.0,1464198150
182,1271,4.0,1055156626
474,7357,3.5,1107873097
464,1617,5.0,1325590119
414,6185,3.5,1076948512
368,1968,3.0,971273072
183,1387,5.0,992331493
205,95167,4.0,1519901669
307,2145,3.0,1186162818
84,1242,5.0,860397133
477,46530,4.5,1200941952
368,2808,2.0,975830276
64,7254,3.0,1161521699
247,260,4.0,1467643884
473,5785,3.5,1169351797
262,36,5.0,840305940
375,3996,4.5,1225314333
219,457,4.5,1237239231
405,1214,4.0,1300134613
215,3252,4.0,1260909388
599,216,2.5,1498516455
599,3068,3.0,1519171960
506,27,3.0,1424487740
255,2023,1.0,1005717223
387,3984,3.0,1095041721
91,6755,4.0,1112711649
305,2571,5.0,1460135333
567,5028,2.0,1525288406
606,7101,2.5,1173396473
434,3527,4.0,1271039310
525,33004,4.0,1476476406
189,2959,4.0,1439465118
365,101112,2.0,1488333361
199,6218,3.5,1060288894
100,3536,4.0,1100184302
125,99437,4.5,1474296112
108,3512,3.0,1042841603
63,111362,3.5,1443200063
373,253,5.0,846829968
572,342,2.0,945888197
4,595,3.0,986848609
204,7361,4.5,1327183274
122,2502,5.0,1461561661
168,1233,4.5,1306801988
101,2492,1.0,968440828
28,2490,4.5,1234516086
414,322,5.0,961517791
350,708,3.0,864941017
606,1968,4.0,1171325390
547,2859,3.0,942723549
170,168,4.0,840473073
6,594,4.0,845553819
385,1211,5.0,865024813
599,491,3.0,1498524950
419,2412,2.0,1318337952
82,3717,4.0,1084467355
298,5872,2.5,1449592202
6,383,3.0,845554320
409,3099,4.0,967920117
131,4993,3.5,1349840317
249,1721,2.0,1347318423
599,1373,3.0,1498525076
274,4887,3.5,1171828357
599,7017,2.0,1519148979
357,2396,3.0,1348610326
597,288,3.0,941730541
357,1682,3.5,1348611902
180,1197,4.0,1270237872
294,2395,3.0,966595614
567,58301,4.5,1525283351
601,48516,5.0,1521467762
285,1247,5.0,1449625781
177,7,1.0,1435534432
247,48516,4.5,1467644247
495,69122,5.0,1458635578
469,3095,4.0,965661866
411,524,3.0,835533493
372,924,2.0,874416443
387,177,3.0,1179199967
91,2096,3.0,1112718163
140,8529,3.5,1115290578
62,104374,4.5,1523721884
423,296,4.5,1155285837
610,74370,4.0,1493848497
385,466,3.0,842892869
599,2948,3.0,1498523300
590,955,4.0,1258418946
459,4886,4.5,1520233566
47,539,3.0,1496209510
51,36,3.0,1230929322
600,1617,3.0,1237715075
479,2146,3.0,1039362619
555,3444,2.0,978823569
249,49649,2.5,1415415883
476,590,5.0,835021273
354,2699,3.5,1200941489
376,541,5.0,1364994224
513,1374,4.5,1159980410
309,1944,4.0,1086565138
474,2424,5.0,974669217
414,49651,4.0,1167249144
50,190183,3.5,1533302021
182,1221,4.5,1054781955
610,48385,4.5,1493847017
200,6541,2.5,1229888021
266,2890,5.0,946506680
156,933,5.0,946799400
5,474,4.0,847435337
520,1136,5.0,1326609174
288,1357,3.5,1054569550
428,2687,1.5,1111524415
312,3070,4.0,1043176746
474,2478,3.0,1046887848
534,45431,3.5,1459787997
82,6014,4.0,1084466879
64,4262,3.5,1161559735
6,367,4.0,845553317
489,2529,4.0,1385823814
474,5279,3.5,1135721035
177,98154,4.5,1435836860
216,4005,2.0,975598722
603,2988,4.0,953927944
610,6548,3.0,1493846789
187,912,4.0,1161864021
122,1394,5.0,1461562978
169,914,5.0,1059427248
610,1241,5.0,1479543018
113,3504,4.0,980087865
232,4148,4.5,1171779063
42,2541,5.0,996262242
470,762,3.0,849224529
387,6533,4.5,1094877835
428,3793,2.0,1111523955
352,114935,4.5,1493674835
111,103810,4.0,1516151997
298,4896,3.0,1447598132
570,208,2.5,1181477417
610,158872,3.5,1493848024
307,1500,2.5,1186161752
553,27831,4.0,1219555671
249,5463,4.0,1415415540
298,80549,2.0,1447517046
438,2571,5.0,1105664235
117,515,4.0,844163615
344,2701,4.5,1420497125
265,3826,2.0,967559142
352,44191,4.0,1493674062
177,1370,3.5,1435534328
507,34,5.0,838964683
480,5574,2.0,1179165634
425,273,3.5,1085490918
239,1917,4.0,1221158553
307,33004,3.5,1189457438
135,427,3.0,1009691529
279,90405,3.5,1506394296
249,593,4.0,1346758020
274,56715,3.5,1288866184
190,7323,4.5,1504310606
432,92348,4.0,1328049736
103,2918,5.0,1431957241
608,3461,2.0,1117503237
66,272,3.5,1113190319
490,87232,3.5,1324371200
432,3753,3.5,1316391271
480,235,3.0,1179161589
305,5378,3.0,1460302558
156,2599,4.0,1106853832
33,1542,4.0,939716676
33,28,5.0,939654815
18,2997,4.0,1455231386
570,53000,3.0,1181555723
483,79242,4.0,1311844828
564,148626,3.5,1478454171
318,72720,4.0,1507743527
448,4585,4.0,1019128279
212,109374,4.0,1490115452
599,653,2.0,1498511181
42,912,5.0,996261986
474,7121,5.0,1070286605
199,5481,3.0,1030155435
474,1995,2.0,1046984846
424,2571,2.0,1457842880
89,7293,2.0,1520408377
414,56782,3.5,1216145558
307,33171,0.5,1190682690
592,316,4.0,837349901
608,597,2.5,1117490737
321,153,5.0,843212390
363,122918,5.0,1502584592
105,5952,4.0,1446571726
307,1586,2.0,1186163104
89,47725,4.0,1520409022
590,1307,3.0,1258420830
567,1921,3.0,1525287268
213,8360,5.0,1316196196
414,261,4.0,961437526
380,158,3.0,1493667610
56,173,3.0,835799330
105,104841,4.0,1447538114
610,94867,3.5,1493848703
372,1215,5.0,874415164
474,3724,3.5,1201833307
414,3256,3.0,961515808
387,2571,4.0,1094876701
135,3809,3.0,1009691977
474,47950,3.5,1165540186
352,86880,4.0,1493674625
307,55820,4.5,1205343192
50,5618,4.0,1527106171
525,3977,3.0,1476479371
414,3686,4.0,961682008
249,81229,3.5,1347318319
305,4963,4.0,1460135856
268,1966,4.0,940193664
599,1959,3.0,1519139634
220,1193,5.0,1230060289
111,7225,4.0,1517440172
312,1210,5.0,1043175521
392,2827,3.0,1027524290
380,151763,4.0,1537040595
393,60684,4.0,1430507659
382,93139,1.5,1515248680
177,2572,4.5,1435534583
160,480,2.0,971114075
599,1923,3.0,1498525465
226,2125,3.5,1114839197
414,7454,2.5,1089043897
254,592,2.5,1180446258
165,5502,4.0,1046741616
18,8117,4.0,1456859960
609,833,3.0,847221080
414,230,3.0,961517975
341,2502,4.5,1487284796
140,1090,4.0,1055092338
560,62849,3.5,1469654837
567,80463,3.5,1525286310
48,1580,5.0,1127128859
279,63082,3.0,1506395614
317,81932,2.0,1430513471
232,4701,3.0,1182909317
310,1517,4.0,1078649327
599,89492,3.5,1498542405
263,6218,4.0,1090948166
42,1673,5.0,996218171
103,90890,4.0,1431956407
182,1214,4.5,1066151134
73,4306,2.5,1464196962
62,104863,4.0,1528843953
35,235,4.0,830939733
608,2081,0.5,1117161828
541,491,3.0,835643720
260,1784,3.0,1109408200
91,2598,3.0,1112716738
273,344,4.0,835799005
226,4229,1.0,1095695395
274,104,3.5,1171934885
227,105844,4.0,1447210401
474,2094,3.0,974667743
178,593,4.5,1164354905
42,2990,5.0,996258902
525,27660,3.0,1476481149
453,2329,4.0,972622556
428,4018,2.0,1111525236
18,364,3.0,1455209887
116,480,4.0,1337199676
554,2080,5.0,944900345
497,50,3.0,1429127291
563,914,4.0,1439932656
42,1653,5.0,996218645
561,7361,3.0,1491092287
307,2581,1.5,1186162820
156,2752,3.0,939898085
105,172577,5.0,1526206863
50,1252,4.0,1523039137
380,6934,3.0,1494071247
62,63992,1.0,1528934225
318,2761,3.5,1342627045
466,4963,5.0,1439915252
50,3034,3.0,1514239076
462,318,4.0,1127101020
288,2105,3.0,975691905
144,778,4.0,1136812815
6,1061,4.0,845556860
118,608,4.0,944924329
174,253,5.0,848487003
274,4954,4.0,1171827898
232,36533,1.5,1218171141
18,64957,3.5,1455821116
141,4886,4.0,1513130010
525,4857,3.5,1476482478
380,7367,3.0,1494071530
89,133867,4.5,1520409360
379,457,5.0,847397247
380,2,5.0,1493420295
290,150,4.0,974942273
357,596,4.0,1348627644
561,6,4.0,1491092289
230,34,2.0,1196304670
233,78103,2.5,1537470566
64,1193,5.0,1161528996
301,1784,4.5,1211377859
567,157200,2.0,1525288352
354,4262,4.5,1200953037
380,4368,1.0,1509047617
182,6754,2.5,1076826061
599,1997,3.5,1498798036
216,2946,4.0,975212451
522,91658,5.0,1388124661
352,71057,4.5,1493674801
217,2860,2.0,955935615
478,337,2.5,1121467335
220,648,3.0,1230055720
484,3948,4.0,1342296164
274,71282,3.5,1290110327
599,1084,3.5,1498501471
177,31297,3.5,1435539307
387,1104,4.0,1094876737
474,3811,4.0,1107444826
288,3397,3.0,975692634
398,26631,4.5,1311207645
169,2502,5.0,1078285093
448,96079,4.0,1361711769
42,163,3.0,996219086
171,648,3.0,866904159
232,8530,3.5,1218164507
325,4714,2.0,1039397724
599,139130,2.5,1498518165
380,67923,3.0,1494635505
41,79132,0.5,1459367686
282,2858,4.5,1378490462
599,4632,2.5,1498515250
462,1090,4.0,1123891836
93,2567,3.0,942767242
328,50,4.0,1494206971
608,223,2.5,1117491315
68,55765,3.5,1208743301
504,6950,4.0,1072066296
414,3638,3.0,961437686
436,169,3.0,833530110
177,82459,4.0,1435525040
224,2167,1.0,971811594
91,4993,4.5,1112711439
4,4034,5.0,986848753
80,78349,4.0,1377308161
536,349,5.0,832839804
251,527,5.0,1470676652
570,2139,3.5,1181554524
1,3243,3.0,964981093
393,58559,5.0,1430505824
182,112,3.5,1054783878
140,30749,3.0,1115290214
249,86960,2.0,1346753584
474,7026,1.5,1087832795
480,4774,2.5,1179164317
326,71462,4.0,1322252335
474,1265,3.0,974668666
18,1617,4.0,1459375071
599,26283,3.0,1519136610
44,661,3.0,869252012
551,8368,4.0,1505548127
527,2797,5.0,1033173667
95,5619,4.0,1043339302
198,1213,4.0,1034137793
246,6773,4.0,1354134598
608,1476,2.5,1117504971
561,2699,3.0,1491095209
399,3114,4.0,1167222222
312,3732,3.0,1043176399
219,1005,1.5,1198782801
520,1198,5.0,1326609042
370,3081,3.5,1159161854
7,48783,4.5,1162163488
387,1097,3.5,1095040505
399,1210,5.0,1167220405
126,480,3.0,845925690
520,471,5.0,1326609921
314,31,3.0,834241586
249,3615,3.5,1356439579
219,1831,0.5,1195349347
596,4015,2.0,1535836091
534,119655,3.5,1459793444
318,7064,3.5,1286611736
436,595,3.0,833529522
432,74458,4.5,1315244366
470,788,3.0,849370517
135,2560,3.0,1009691078
239,1221,5.0,1221158628
105,32,3.5,1446571805
164,1527,3.0,999708293
266,2770,3.0,945669609
280,3916,5.0,1348533171
532,4351,3.0,1025523643
104,38038,5.0,1130609197
23,6857,3.5,1107163501
274,4989,3.5,1172110088
552,3893,3.0,1112151335
40,153,3.0,832058897
489,1580,3.0,1334170377
17,1732,5.0,1322629209
569,380,3.0,849190587
414,52299,3.5,1249834842
596,58559,4.0,1535627189
288,2617,2.0,978465833
489,370,0.5,1385823692
417,109487,3.5,1532133590
563,72407,2.5,1441845631
186,4299,3.0,1031073136
552,3593,1.0,1112151329
45,317,3.0,951170669
455,597,4.0,836436412
68,2288,3.0,1230498441
560,4993,4.0,1469647838
119,148626,5.0,1468093256
151,786,4.0,855947242
22,3949,0.5,1268726317
307,2054,1.5,1186161644
588,434,3.0,839316184
403,2761,3.0,1225243390
195,233,3.0,1008558036
294,2986,1.0,966597791
104,837,3.0,1294417428
217,1580,5.0,955940584
305,54286,4.0,1460135616
18,128620,3.5,1502901639
247,953,2.0,1467759763
607,1407,5.0,963079508
593,26084,3.5,1181008663
169,150,4.5,1078284469
555,1320,5.0,978748483
509,1391,3.5,1436101414
477,1947,2.0,1201159382
380,5903,5.0,1493420522
33,2324,3.0,939646784
139,5679,2.5,1453924322
68,2019,3.5,1158534757
394,588,2.0,838994173
357,1208,3.5,1348611143
16,260,3.0,1377476936
122,94864,4.0,1461561643
34,5349,5.0,1162048858
161,2018,3.5,1176498704
294,2792,4.0,966596414
570,3578,4.0,1181478670
428,2858,3.5,1111488882
489,1801,3.0,1333232530
318,2745,3.5,1413054821
371,26662,4.5,1407692031
352,110730,3.0,1493675317
555,1884,3.0,980124315
249,5171,3.0,1415415471
1,2143,4.0,964981725
153,4896,3.0,1525552226
319,112552,5.0,1461352150
599,1694,3.0,1498525348
202,2064,4.0,974923542
369,3863,3.5,1237082825
4,3408,4.0,986849238
116,2724,5.0,1337196130
414,3041,1.0,991145357
331,37729,3.5,1537158322
414,8638,4.0,1101751640
448,1967,3.0,1019126914
592,356,5.0,837350034
139,5152,3.5,1453924991
144,2762,4.0,1137323586
462,164917,4.5,1484542705
89,3088,0.5,1520408325
477,5902,4.0,1200941609
318,128991,4.5,1426937105
280,41566,3.5,1348532066
125,67695,5.0,1474294341
599,115713,3.5,1498528866
158,2490,5.0,1290764747
365,58559,3.5,1488332410
91,515,1.0,1112713768
608,1784,3.5,1117491418
563,53974,3.0,1447186264
513,1101,2.5,1159980360
501,93,3.0,844974090
368,1208,5.0,971274603
477,368,4.0,1200941720
249,38294,2.5,1354106497
514,1994,4.0,1533872652
436,276,2.0,833529846
477,1835,4.5,1200945341
605,2052,3.0,1277176745
280,2541,4.0,1348532990
177,4963,4.0,1435524217
32,78,4.0,856736477
453,3452,3.0,972622080
139,77561,1.5,1453924578
509,1022,3.0,1435997868
448,91658,4.0,1356194044
603,509,5.0,954482471
479,1485,4.0,1039367736
222,94777,3.0,1391347979
585,64614,4.5,1307416497
520,1131,3.0,1326611220
596,80549,3.5,1535827269
603,2745,2.0,953928263
469,441,5.0,965425798
50,97225,2.0,1527108237
249,4878,4.0,1346757809
219,5989,3.5,1194686282
523,318,5.0,1503126542
63,1196,5.0,1443199754
599,3213,2.5,1498518380
466,45722,4.5,1439915362
177,4995,4.0,1435524227
517,586,5.0,1487954357
610,91535,3.5,1493846223
414,39449,2.0,1145900777
318,8983,4.5,1275844911
542,318,5.0,1163387043
409,3219,3.0,968978362
318,144478,4.5,1451218699
592,520,2.0,837350519
298,44191,3.5,1447518123
202,1296,4.0,974912892
414,5093,3.0,1031058532
437,800,5.0,859721361
170,208,4.0,840380955
525,2080,2.0,1476480308
165,5445,4.0,1046741616
599,357,2.5,1498517885
105,112556,4.0,1446572332
219,208,2.0,1194740092
414,1840,4.0,961518003
73,93840,2.0,1464282962
414,141,4.0,961595919
597,11,3.0,941558713
201,543,5.0,939224710
603,3812,3.0,963176666
606,3010,4.0,1171737820
246,79132,5.0,1353869424
600,1584,2.0,1237712936
325,1614,2.0,1039396037
159,480,3.0,1508640163
314,648,3.0,834241586
56,434,3.0,835799140
483,368,4.0,1178358693
600,6559,3.0,1237761984
610,101112,3.0,1493847967
111,151739,4.0,1516153545
603,2572,3.0,953925933
372,1394,3.0,874415902
603,156,2.0,963178259
414,3157,4.0,1005067181
288,880,2.0,975692280
45,593,4.0,951756812
564,61024,3.5,1478451779
217,2150,3.0,955943856
319,110,4.5,1461351712
177,6429,4.0,1435720464
319,1907,4.0,1461351974
603,900,4.0,953926605
84,477,4.0,857653756
242,253,5.0,834073137
428,3717,2.0,1111623521
24,32,3.5,1458942033
559,273,3.0,845476170
117,236,3.0,844162985
414,2019,5.0,1519593885
570,5349,4.0,1181478738
509,116823,3.5,1435997134
448,4816,3.0,1060601459
414,5521,4.0,1034001695
606,7018,3.5,1171754649
369,1077,3.5,1237082932
387,6852,3.0,1153557772
534,4874,4.5,1459787999
301,55820,5.0,1211377253
606,6803,3.5,1171326912
35,60,5.0,830939912
356,56367,3.5,1229143083
381,5349,3.5,1200824554
332,1249,2.5,1352673550
82,5065,3.0,1084465558
534,77866,4.0,1459787995
260,188,4.0,1109408671
105,4993,4.0,1446573293
413,8665,5.0,1484439902
517,152037,1.0,1487958429
603,6184,5.0,963176419
86,2762,4.0,1344082799
534,79695,4.0,1459787995
68,2541,4.0,1158534693
387,2005,2.5,1095040977
357,589,3.5,1348611029
282,5218,4.5,1378497817
596,2393,4.0,1535834068
367,3797,4.0,997814281
274,1882,1.5,1171759275
91,4629,1.5,1112717386
76,57669,4.0,1439167975
239,163,4.5,1221866504
222,90405,4.0,1391349194
51,2598,3.5,1230930292
599,86332,2.5,1498517636
59,1480,4.0,953609197
67,6377,4.0,1501273885
288,4865,3.5,1054568438
514,260,5.0,1533871727
95,2990,2.0,1043339283
102,329,2.0,835877081
260,7123,2.5,1109409891
63,7153,4.0,1443199780
117,150,4.0,844162743
380,32587,4.0,1493423259
174,553,5.0,848487173
143,40962,3.0,1444880385
177,1955,5.0,1435535665
294,1784,3.0,966595488
298,4226,3.0,1447598089
587,3361,5.0,953138576
140,4857,4.5,1055092325
202,741,4.0,974925068
509,44022,3.0,1435994577
279,168248,4.0,1506394781
608,1405,1.5,1117504652
599,1409,1.5,1519233936
600,3248,1.0,1237762604
308,410,4.0,1421374432
327,150,4.5,1234788741
63,2115,4.0,1443200254
227,527,4.0,1447189837
232,69757,5.0,1269465448
98,46578,5.0,1532458168
144,1961,3.0,1136811794
225,2248,4.0,949111600
226,2005,5.0,1095663312
462,2028,2.0,1127101042
89,107951,5.0,1520409436
356,1246,5.0,1229143549
221,32632,3.5,1121365202
387,4799,2.5,1117431238
298,6554,0.5,1466278175
104,597,4.0,1048590395
51,7254,4.5,1230929929
414,96588,3.5,1525558876
402,61,5.0,849598453
606,7090,4.5,1174346020
345,2971,5.0,1342828599
249,1911,3.0,1354225828
216,1273,3.0,975212571
527,1097,5.0,1033173716
330,3826,2.5,1285903276
474,2054,4.0,1046886480
221,1212,5.0,1111178150
18,78469,3.0,1456750794
313,1882,1.0,1030475095
44,66,3.0,869252563
248,176371,2.5,1534591786
495,2335,3.0,1458636405
103,1296,3.5,1431968438
448,3740,3.0,1019128386
132,235,3.0,1157919810
286,2997,4.5,1119563197
483,54001,4.5,1186314344
73,87869,3.5,1464198213
524,1183,3.0,852404399
82,1127,3.0,1084468078
260,7361,3.5,1109409099
255,3157,1.0,1005717292
218,3608,1.0,1111625050
177,3364,3.5,1435720436
606,5418,4.0,1171736716
85,1446,4.0,889466953
448,2335,4.0,1164622080
603,1206,5.0,953926787
448,33830,2.0,1261909117
287,441,4.5,1110231272
132,3262,2.5,1329983495
290,1834,4.0,974938617
57,2088,1.0,965798432
256,4232,3.0,1447001239
608,1673,3.5,1117161820
235,551,3.0,841422596
565,420,3.0,846533428
304,539,4.0,891173316
607,86,4.0,963079311
380,1221,5.0,1493474216
448,90439,3.0,1368990175
334,76093,4.0,1290273727
480,37733,3.0,1179162208
579,2355,4.0,958881146
584,225,5.0,834987730
34,4367,4.5,1162048495
184,193567,3.0,1537099103
376,91535,5.0,1364958405
167,4306,4.5,1154721715
391,329,2.0,1032647761
234,2571,5.0,1004408002
339,81788,4.5,1460183987
474,3739,3.5,1137521380
606,7215,3.5,1171821842
610,7163,1.5,1479541995
561,102407,2.5,1491094361
48,2115,5.0,1127128639
436,594,4.0,833530707
156,3224,5.0,951113027
46,231,3.0,834787757
367,318,5.0,997811194
497,111362,2.0,1429191471
534,27706,4.5,1459787996
428,5900,2.0,1111524895
514,1196,5.0,1533871843
248,166528,3.0,1534591681
111,6503,3.5,1516143939
450,3948,4.0,974704704
453,588,5.0,1005966844
562,2648,3.5,1368892423
105,55765,3.5,1446571938
483,4896,4.5,1178358133
438,30816,3.0,1105649606
190,4447,3.5,1504310123
460,44199,4.5,1359177695
298,356,3.0,1449757614
587,32,5.0,953141417
292,7569,4.0,1332678616
101,2702,4.0,968442375
174,527,3.0,848487075
152,2571,4.0,1450572453
462,2447,3.0,1137445383
517,899,4.5,1487957169
599,316,3.0,1498521582
380,166558,3.0,1508110341
21,2001,2.5,1376823286
294,3043,1.0,966596804
89,179211,2.5,1520408792
580,49272,4.5,1167791650
599,4427,2.5,1519175643
59,1674,5.0,953610338
116,2716,3.5,1337199899
525,2716,4.0,1476476420
414,4583,4.0,1037024199
136,168,4.0,832449475
474,2431,1.0,1002757147
555,3663,2.0,978842188
274,1969,2.5,1172024221
111,6957,0.5,1516141230
483,442,2.5,1181496571
438,2028,4.0,1105666237
294,546,1.0,966634356
111,6539,3.0,1516140846
226,1029,3.5,1114838696
166,5952,4.5,1188774589
610,72605,3.5,1493849842
156,4029,4.5,1106882162
140,3827,3.0,993208295
218,1625,2.0,1111624908
414,5988,3.0,1053624517
534,316,3.5,1459787997
606,1089,5.0,1171327143
606,8601,4.0,1171328320
534,2987,4.0,1459787996
62,1089,5.0,1521488724
232,58627,3.5,1272854735
373,11,2.0,846830094
315,2529,3.0,939920310
221,9018,5.0,1121365559
483,2916,4.5,1181495009
68,6711,5.0,1158531509
307,1322,0.5,1186084959
474,31030,4.0,1107444837
260,4235,3.5,1109410787
372,1214,5.0,874417086
419,81417,5.0,1321581149
105,133716,4.5,1526208028
156,2294,3.0,940018188
274,6,4.0,1197022122
47,49530,3.0,1496206730
89,96655,2.5,1520408868
547,2194,3.0,942723549
140,3101,4.0,967048994
159,1961,3.0,1508641205
182,5501,1.5,1063275441
334,55247,3.5,1225476990
111,35836,3.5,1516140956
288,1061,3.0,978647358
393,4011,5.0,1430506157
68,1479,4.0,1158535133
440,541,5.0,1237569095
53,1441,5.0,1237748056
221,520,2.5,1111176244
249,1080,5.0,1346757739
64,1645,2.5,1161529243
1,2872,5.0,964981680
448,780,3.0,1019133014
232,68793,3.5,1247190966
4,648,3.0,945079906
287,1732,3.5,1110231549
351,2762,4.0,1325979560
378,7143,3.5,1445347057
52,34405,4.5,1468051595
448,94780,2.0,1371983752
417,92259,5.0,1530156615
249,2115,3.5,1346757909
19,2203,3.0,965710671
42,1270,4.0,996258052
27,2532,3.0,965151214
552,3148,4.0,1111473159
102,344,4.0,835875790
91,4369,3.5,1112712431
307,4867,2.5,1186172917
361,1370,3.5,1204047961
365,92420,0.5,1488594755
563,45221,3.0,1446863357
330,2291,4.0,1285905355
288,2378,1.0,975692782
516,4429,5.0,994625299
384,344,4.0,993555941
52,69122,5.0,1468051452
554,2657,2.0,944900580
112,6,4.5,1513989933
414,5416,5.0,1040048665
464,90384,2.0,1325590952
414,42002,3.0,1167845402
167,1732,4.0,1154723140
307,524,2.5,1186162607
580,5349,3.5,1167793008
111,5066,1.5,1516141826
18,1527,3.5,1455050095
183,858,3.0,992331344
408,152077,4.0,1485814582
492,494,4.0,863976005
16,1252,4.5,1377476948
378,99114,3.0,1445346195
572,2302,4.0,945892539
510,2640,3.0,1141158903
608,43928,2.0,1147527532
160,2455,4.0,971117691
309,1104,3.0,1086565114
318,71838,4.0,1347180246
100,594,3.0,1100183782
239,45499,4.5,1221158567
567,178827,3.5,1525285951
162,272,5.0,836511416
567,167746,3.5,1525285822
454,2160,4.5,1279547251
284,589,5.0,832695327
438,5267,4.0,1105650140
140,364,4.0,949666898
73,149354,2.0,1464198038
448,6947,3.0,1113128608
101,3285,4.0,968440850
597,2303,3.0,941640463
280,1270,3.5,1348435815
1,3052,5.0,964981208
407,260,4.0,1424349164
610,3977,2.0,1493845895
385,417,5.0,834692129
89,5110,3.0,1520408703
143,96821,2.0,1444880376
18,59615,2.5,1455231357
216,39,3.0,975212451
317,4011,4.0,1430361490
438,4019,4.0,1105650133
448,2791,5.0,1019125935
493,3763,2.0,1001562846
509,2081,3.5,1436000053
482,786,4.0,1105395950
139,4020,2.0,1453925243
599,356,3.5,1498797749
412,2396,5.0,939114177
527,4912,5.0,1033173682
7,1219,5.0,1106635496
182,1464,4.5,1075765031
262,497,4.0,840305955
438,6548,5.0,1105650062
311,3996,3.0,1057854319
489,49824,4.0,1333804497
550,5989,4.0,1488728316
428,719,2.0,1111524858
15,256,3.0,1299425021
596,165639,3.5,1535721423
570,1584,4.5,1181477850
109,805,4.0,841189685
580,1617,4.0,1167791109
580,2600,4.0,1167793421
603,1956,4.0,953927944
221,1125,4.0,1111176433
387,1209,3.0,1094876481
417,7254,5.0,1529283713
140,3257,3.0,967049135
199,50068,3.5,1261363917
15,59315,2.0,1510572096
68,2109,3.0,1158535411
69,1258,5.0,1021643477
483,2598,4.0,1226359932
606,2442,4.0,1175637494
380,1587,4.0,1494803993
368,2858,4.0,975805197
608,2672,3.5,1117490895
506,62113,1.0,1424487505
567,120799,1.5,1525288931
414,32019,2.0,1216151253
448,4212,3.0,1019132407
217,1387,4.0,955935905
489,8874,4.5,1332773285
298,54745,3.0,1466277284
563,94325,4.0,1441844896
288,6874,4.0,1091633972
217,421,3.0,955942112
462,1784,1.0,1171562142
478,1101,3.0,1121467330
203,4993,5.0,1390094672
156,7008,5.0,1106881226
91,5952,4.0,1112713695
143,8533,4.0,1444768543
409,2352,4.0,968979119
356,5074,3.5,1229139708
424,1464,4.5,1457902102
607,3034,2.0,963078417
610,164179,5.0,1493845631
182,6902,4.0,1075801156
368,2819,3.0,971275596
599,2571,5.0,1519029461
414,780,4.0,961512595
19,2572,3.0,965706365
534,8917,4.0,1459792429
600,902,2.0,1237858756
527,1269,4.0,1033173847
241,56367,3.5,1447536448
254,6874,5.0,1180446317
230,3253,1.5,1196305081
146,765,3.0,1312507825
216,928,5.0,974733351
380,1388,4.0,1494804382
229,150,5.0,836941256
33,1841,3.0,939717614
600,367,3.0,1237715117
555,2348,4.0,978820940
491,317,4.0,1526673130
288,2791,4.0,975692577
525,292,3.5,1476477448
58,440,4.0,847718786
424,106782,4.0,1457844025
71,801,4.0,864738741
6,89,4.0,845555124
288,585,3.0,978559935
305,54995,5.0,1461875290
474,668,3.5,1118667178
39,1127,4.0,974789432
434,2959,5.0,1270603481
567,144620,1.5,1525289058
105,5481,4.0,1446573435
80,8950,5.0,1377308692
177,454,2.5,1435890562
298,136449,3.5,1477826185
373,216,3.0,846830457
414,7375,2.0,1113230265
288,908,3.0,975691307
54,480,3.0,839921084
483,7147,5.0,1178211270
382,59501,4.0,1515162043
177,6373,3.0,1435526050
438,3316,2.0,1105672082
266,1042,3.0,945669609
22,4306,3.0,1268727454
609,1056,3.0,847221080
91,1485,2.5,1112713644
438,6957,3.5,1105654013
562,99007,4.0,1368893076
351,593,4.5,1326028138
480,5810,2.5,1179164226
57,2194,4.0,969754244
608,3148,4.5,1117409486
18,26614,3.5,1485297353
448,91935,2.5,1355595506
610,140267,4.0,1493848268
132,79132,3.0,1329983560
316,3186,3.5,1111493628
259,410,3.0,1146845313
606,6944,3.0,1181770084
437,590,5.0,859721360
282,80463,3.5,1378491678
562,1982,5.0,1368893519
603,1916,5.0,963177606
352,2701,2.0,1493673663
261,2502,4.0,1404881465
235,318,4.0,841422371
100,5620,5.0,1100186982
156,562,4.0,946799612
469,2731,4.0,965846146
533,1215,5.0,1424754092
387,32587,4.0,1137922810
104,5816,4.5,1053336400
57,999,2.0,972174733
10,106696,4.5,1455306204
332,33679,2.5,1352673752
414,5633,3.5,1072068743
448,50068,4.0,1172235963
414,1047,2.0,961515928
596,95510,3.0,1535709899
436,355,3.0,833530134
608,533,3.5,1117505201
211,1831,3.0,1350911987
40,104,1.0,832059697
32,653,3.0,856736227
517,2571,2.5,1487962668
462,2411,1.0,1174438240
480,5388,3.0,1179163795
387,413,1.0,1095041179
57,2009,4.0,965798759
414,4640,3.0,1072057804
480,8644,1.5,1179165151
555,1542,4.0,978746676
167,8636,4.0,1154721630
226,1020,2.5,1099624701
373,587,3.0,846830015
444,6,4.0,832677558
603,3135,4.0,953926877
42,436,4.0,996220726
483,32554,4.5,1272483284
115,2321,4.0,965425392
249,2605,3.5,1440669070
156,1408,4.0,946799147
356,6863,3.5,1229143438
58,208,4.0,847718580
367,551,2.0,997812312
135,2002,3.0,1009692173
484,3535,3.5,1342297269
274,1136,3.5,1171409305
141,3751,3.0,1513130960
564,85367,4.0,1478454021
373,186,1.0,846830172
139,4238,2.5,1453925114
290,2940,4.0,974938864
448,3802,2.0,1019133161
368,2985,3.0,975829254
83,161,3.5,1333843500
464,54286,3.0,1275549167
307,919,5.0,1186161447
249,3448,4.0,1421494913
184,5388,3.5,1537094597
438,1500,4.0,1105649561
68,551,2.0,1158532937
477,4454,5.0,1245030211
414,151,5.0,961512525
580,1225,4.0,1167790551
380,631,4.0,1494279043
52,95167,5.0,1468051421
98,122912,5.0,1532457477
537,45722,5.0,1424317130
313,2138,5.0,1030475342
600,2335,3.0,1237851673
521,733,4.0,852713143
597,1635,5.0,940362325
18,5008,4.5,1456744749
232,2054,2.5,1182910449
469,2613,2.0,965334332
232,7454,3.0,1218166758
29,3681,4.0,1307907026
477,5410,3.0,1200948509
21,106491,3.5,1403460183
483,80463,4.0,1415579247
18,92094,3.5,1466977156
339,2716,2.5,1460182487
57,357,4.0,969753458
68,53972,3.0,1208743400
480,382,2.5,1179159631
80,80363,4.0,1377391137
525,1907,3.5,1476480287
404,367,3.0,838375894
560,86882,3.0,1469657505
221,7013,4.0,1119984076
483,5541,3.5,1181494355
57,1100,2.0,969754781
139,3555,3.5,1453924452
408,2723,3.5,1468057563
253,66097,4.5,1286644656
36,919,1.5,1100803557
1,3744,4.0,964980694
185,1,4.0,1044311830
19,435,2.0,965703973
199,51255,4.0,1261364275
140,5620,3.0,1115290654
438,45186,4.0,1146924144
606,5617,4.0,1178054397
149,610,5.0,902085002
51,8464,5.0,1230929921
323,7153,2.5,1422640081
200,5225,4.0,1229877425
492,881,3.0,863976820
414,5573,2.0,1216151114
480,37380,1.0,1179165934
42,1883,2.0,996219167
335,380,4.5,1261542421
269,74,5.0,850865586
318,1097,3.5,1240164134
437,1171,4.0,859721766
199,3362,4.0,1261364736
567,152077,3.0,1525287438
288,1023,5.0,978469199
339,4226,4.5,1460868616
21,2167,3.5,1441393080
202,1097,4.0,974912792
599,4215,1.5,1498504377
221,3481,4.0,1111177918
442,3363,1.5,1331560564
286,2712,3.0,1119561974
590,1407,2.5,1258421009
177,1247,5.0,1435534239
312,2640,4.0,1043176663
608,33679,4.5,1147211749
274,441,4.0,1171172494
426,4344,0.5,1451080438
419,53894,3.5,1321766438
301,4022,2.5,1211377660
232,2,4.0,1085351710
525,7090,4.5,1476476849
33,2294,3.0,939646982
610,87222,3.5,1479542292
593,6539,1.0,1181007588
249,1101,3.5,1416930822
454,53953,2.5,1279480358
352,1923,3.0,1493673542
239,1036,4.0,1221158283
202,1960,3.0,974912892
452,1614,4.0,1019585534
307,6220,1.0,1186258010
562,27667,3.0,1368892965
600,3004,2.5,1237711721
369,377,2.0,1237081517
469,1884,5.0,965425885
167,442,1.5,1154719061
1,2997,4.0,964980896
380,6695,3.0,1494267967
105,63859,4.0,1447563596
599,47721,3.5,1519137683
224,3108,4.0,971812765
430,2076,5.0,995828418
560,3354,3.5,1469650397
283,788,4.0,901228494
352,109487,5.0,1493674112
610,117867,4.0,1493849881
219,3175,2.0,1194932278
270,637,2.0,853918942
28,53550,2.5,1234337605
514,1198,5.0,1533871625
387,546,3.0,1189233367
199,3062,4.5,1060289034
414,1135,3.0,961596071
566,1027,2.0,849008838
239,1252,3.5,1221159168
368,3846,4.0,971273951
116,160,4.0,1337200317
564,80860,3.0,1481817613
275,3578,4.0,1049077746
480,2100,2.0,1179178312
160,3160,4.5,1065992724
177,1270,5.0,1435533569
574,110,5.0,834634504
193,778,4.0,1435857306
217,432,3.0,955945177
514,74458,4.0,1533872690
226,51088,4.0,1172866331
122,27831,4.5,1461562881
113,357,4.0,980051777
474,48879,4.0,1180012301
391,165,2.0,1030944490
414,481,3.0,961518108
414,4161,3.0,997709153
305,1246,4.0,1518198580
105,118888,4.0,1526207345
339,2502,4.5,1460519194
24,51662,4.0,1458941627
217,1020,3.0,955944364
298,134528,0.5,1458650132
19,2248,3.0,965705822
28,7438,4.0,1234341377
263,6377,4.5,1090948139
414,91630,2.0,1511535737
367,1304,5.0,997811508
599,5283,2.5,1498517488
52,96079,3.0,1468051310
448,6764,2.5,1121515014
489,59315,4.5,1334170359
610,62081,2.5,1493849123
1,1023,5.0,964982681
226,4220,4.0,1130137102
281,8368,4.0,1183000002
420,6934,3.5,1218207495
352,3408,4.0,1493673586
357,1350,4.5,1348610792
287,432,0.5,1110229803
496,912,4.5,1415166610
596,98243,4.0,1535827280
28,34319,3.0,1234516113
380,3999,3.0,1494613248
563,95307,4.0,1447291859
280,58559,4.5,1348532588
230,55241,4.5,1196304253
282,41716,4.0,1378497305
524,923,3.0,851609788
64,111,4.0,1161521289
561,57528,3.0,1491095535
275,916,3.0,1049079466
249,45730,3.5,1355342271
306,6377,4.0,1518380209
140,4975,2.0,1055896066
232,761,2.5,1218169518
232,47999,3.5,1241829512
474,337,4.0,979180118
202,3685,4.0,974925453
217,47,2.0,955942953
391,1247,4.0,1030944986
274,2338,3.0,1171828778
105,3578,4.0,1446573294
464,56169,4.0,1325594014
599,178129,3.5,1519139317
233,70286,3.0,1532964925
555,3638,5.0,978841817
21,50872,3.5,1452051990
236,2858,5.0,943015099
600,27731,5.0,1237746755
263,6773,3.5,1090948250
366,48516,4.5,1445546548
68,8366,3.0,1158535504
599,145,3.0,1498524108
352,117529,3.0,1493920235
187,3504,5.0,1161954752
489,1061,1.0,1333022996
52,51077,3.0,1468052071
310,236,0.5,1078647868
356,49272,4.0,1229143238
10,356,3.5,1455301685
489,5881,4.0,1333234031
219,54503,4.5,1194680984
410,3083,3.0,990807637
489,72874,1.0,1333656875
339,1584,5.0,1460346477
448,1479,3.0,1019125110
279,2403,4.0,1506394440
525,45722,2.0,1476479883
381,2078,3.0,1167543404
16,2641,3.0,1377476582
275,4211,4.0,1049078597
599,21,4.0,1498499235
382,131934,1.0,1515163786
50,188301,3.0,1533302277
417,27773,5.0,1529283992
477,2502,4.5,1200941188
352,134130,5.0,1493674140
414,45662,2.5,1216151045
606,994,5.0,1171816775
274,43932,1.5,1172458240
573,26471,5.0,1341798755
290,3219,3.0,975032333
381,2762,5.0,1200824255
608,181,0.5,1117415643
68,553,3.0,1158533034
274,6157,2.5,1171758527
298,63113,1.5,1447516933
232,673,2.5,1182909281
414,222,4.0,961514135
68,8623,3.5,1293500383
425,2571,3.5,1085477519
559,329,3.0,845475849
357,4995,4.0,1348612227
44,833,2.0,869252237
526,3168,4.5,1502132559
19,1257,3.0,965705725
520,2321,4.0,1326609774
129,5679,2.0,1167376727
57,3671,4.0,965798574
51,5377,5.0,1230931924
73,6936,5.0,1464197277
438,3980,3.0,1105763839
132,5673,2.0,1157982799
177,3827,3.0,1435524805
141,6373,3.0,1513131841
307,6187,4.0,1204234597
600,837,3.5,1237763067
89,5419,5.0,1520408969
510,216,3.0,1141159400
376,4993,4.5,1364933127
177,25856,3.5,1435540067
217,3434,1.0,955941778
586,95510,4.5,1529900260
526,44555,4.0,1502132890
34,70,3.5,1162048002
377,585,4.0,1340341855
448,114662,4.0,1450196550
220,2355,4.0,1230055577
117,252,4.0,844163019
391,595,3.0,1032389209
448,1704,4.0,1081171097
580,541,5.0,1167789987
610,43679,3.5,1493849186
62,108729,4.0,1521489254
610,34532,3.5,1493849170
5,253,3.0,847435292
249,27478,3.5,1346754180
217,1968,4.0,955943727
593,2683,1.5,1181007822
294,2115,3.0,966634003
57,224,4.0,965797175
534,112175,3.0,1459787995
290,1056,3.0,974942787
294,170,2.0,966597739
599,87,0.5,1519184941
18,57528,2.5,1456924845
167,1080,3.5,1154718733
265,1620,3.0,965318521
610,1200,5.0,1479544099
599,5630,2.5,1498518648
111,75805,3.0,1516152501
380,122906,3.5,1536872699
414,8529,4.0,1089129104
313,2700,3.0,1030557804
346,8928,4.0,1133799776
555,737,1.0,978842115
111,5481,3.5,1516141007
601,176371,4.0,1521397623
555,1170,2.0,980125797
563,88785,3.0,1448253813
274,3726,3.5,1296946956
599,122922,2.5,1498529192
105,26183,3.5,1446573224
32,1367,3.0,856736374
6,126,3.0,845555342
64,1215,4.0,1161559633
304,329,4.0,914132642
414,185,2.0,961515354
82,1,2.5,1084467729
108,5673,5.0,1042840264
474,5033,2.0,1013367353
448,107,4.0,1019125396
177,44022,2.5,1435525303
600,25947,5.0,1237858027
239,5782,4.5,1221159365
489,3148,4.5,1333022952
352,91535,3.0,1493674829
266,514,5.0,945669505
477,2,4.0,1200939962
425,45431,3.5,1163186190
600,7,3.5,1237851387
387,4914,4.0,1117354819
323,173,3.0,1422640199
99,420,2.0,829828005
560,4027,4.5,1469650015
388,6550,3.5,1386689560
237,7361,4.0,1411233537
54,1,3.0,830247330
356,6934,4.0,1229143345
223,8636,3.0,1226209772
247,4993,4.0,1467644043
4,4074,3.0,986848665
412,951,5.0,939114304
182,3915,4.0,1126561673
482,8644,4.5,1105396143
109,485,2.0,841108711
552,161,2.5,1111473069
405,1213,4.5,1295914277
434,60069,3.5,1270604022
391,1580,2.0,1030826899
432,89208,3.5,1328049786
104,1247,4.0,1048595744
151,840,4.0,855948083
500,216,4.0,1005527406
420,5952,4.5,1218041507
68,3697,3.0,1158535790
606,8014,4.5,1171324979
474,2929,3.5,1109039853
491,5299,3.5,1526673199
414,724,2.0,961518367
328,4027,5.0,1494211889
594,7373,0.5,1108950822
275,1123,5.0,1049076228
509,8807,3.0,1435994225
10,4246,3.5,1455302676
66,1284,5.0,1099187922
274,1918,3.0,1171172457
573,6586,4.0,1186721947
274,2826,3.5,1227005824
438,6383,2.0,1105664644
160,671,1.0,971114178
401,167036,3.0,1510450729
109,524,3.0,841109953
600,5617,4.0,1237762074
551,6365,4.0,1504925932
51,34338,5.0,1230930704
570,1307,3.5,1181477719
68,2948,4.0,1158534014
414,4219,3.0,984495424
525,1682,4.5,1476477635
86,7153,4.0,1344082577
177,1275,1.5,1435534643
219,54259,4.5,1206231957
113,2108,4.0,980051801
477,1357,4.0,1200946372
195,996,1.0,974706168
310,6711,5.0,1078648222
460,48780,4.5,1359176813
282,26614,4.0,1378497986
95,2423,4.0,1071803893
22,48394,1.5,1268726542
560,109374,4.0,1469652903
56,733,4.0,835799427
373,367,1.0,846829997
318,44195,4.5,1305313518
307,4061,3.0,1186173265
492,830,3.0,863976409
567,111781,2.5,1525287910
387,55118,3.5,1191649955
599,1584,2.0,1498510384
462,184721,4.0,1533519112
274,6365,3.0,1171409773
199,3578,4.0,959638011
252,122922,4.0,1498283957
470,719,3.0,849843318
405,3676,5.0,1295910163
482,8636,5.0,1105396134
144,6218,3.5,1136813125
425,7090,3.0,1106482663
57,1210,4.0,965798130
75,1889,3.0,1158968225
288,5171,2.0,1034954166
610,73017,3.5,1493845069
330,590,4.0,1285904939
453,3006,4.0,972621310
603,1112,5.0,963177579
560,30707,3.0,1469648588
253,3536,3.5,1286642767
247,152081,4.0,1467645450
555,2423,4.0,978821138
474,27,2.0,1069686414
539,88,3.5,1332474517
196,134130,4.5,1460954008
387,44759,1.0,1199012909
597,2407,4.0,941641110
387,5103,2.5,1095121232
232,919,4.0,1076956366
66,1784,5.0,1093143924
91,1215,5.0,1112711597
453,5377,4.0,1034602241
555,3591,3.0,978822154
141,2028,4.0,1513129890
93,86,4.0,942946013
594,1733,5.0,1108972364
239,2797,4.0,1221158362
181,24,3.0,845470571
217,2763,3.0,956194939
232,33495,3.0,1218167249
124,1092,4.0,1336409634
448,112183,3.5,1449501174
184,127152,4.0,1537099611
292,588,4.0,1265680373
177,42002,4.0,1435837362
288,3918,1.0,975691402
1,2580,5.0,964983000
356,1884,4.0,1229139637
45,368,4.0,1091306135
590,40819,3.5,1258429558
559,333,2.0,845476159
570,1240,3.5,1181477372
42,110,4.0,996217933
370,7090,4.5,1159317697
483,4052,5.0,1178215451
599,3361,3.0,1498525086
590,4878,3.0,1260490920
111,161580,4.5,1516153346
58,44,2.0,847718960
448,135518,2.0,1470249128
599,203,2.5,1498514928
452,1376,5.0,1019580751
58,477,4.0,847719333
19,170,3.0,965711598
288,1011,3.0,976120488
62,69844,4.5,1521489666
76,8641,3.0,1439165920
64,40819,4.0,1161520768
381,1080,4.0,1165975908
70,376,1.5,1355184504
610,87869,3.5,1493847206
600,673,1.0,1237851349
140,32596,2.5,1115290499
68,51662,4.0,1198454565
562,2916,4.0,1368897594
517,2141,1.5,1487957061
580,4848,4.0,1167790007
263,318,5.0,940383911
73,63992,2.0,1464282935
42,1127,4.0,996258299
21,97913,2.0,1468114333
313,1136,2.0,1030557292
380,2124,5.0,1493474212
288,383,2.0,985625113
586,539,3.5,1529899992
475,101864,4.5,1498031176
489,1220,3.0,1385823565
412,904,5.0,939114573
215,296,3.5,1260909003
387,1278,3.0,1094849200
607,780,4.0,963080278
357,49530,4.0,1348627473
525,27878,4.0,1476477373
68,54281,3.5,1240092802
418,5952,5.0,1461865702
235,48,3.0,841422615
450,3863,4.0,974704776
43,610,5.0,848994332
602,481,3.0,840876620
484,2572,4.0,1342296830
540,260,5.0,1179108620
105,3980,4.0,1446750738
182,1291,3.5,1054783760
484,4639,2.5,1342298454
62,60069,4.5,1521490257
169,5957,4.0,1059428848
99,252,5.0,829828006
18,51540,4.5,1455821297
391,4306,4.0,1032388273
298,89087,0.5,1447517910
511,92259,5.0,1450094070
100,590,4.0,1100184825
599,71535,3.0,1498524922
219,4446,4.0,1195349122
469,1269,4.0,965425407
599,1876,2.0,1498510406
111,4878,4.0,1516140863
140,6219,3.0,1071665311
606,6449,3.0,1181665741
392,2628,2.0,1027524145
418,3408,3.0,1461865932
156,912,5.0,946798960
514,5377,4.5,1535943283
368,1690,2.0,975829943
437,1292,3.0,859722136
103,4881,5.0,1431969702
15,47,3.5,1510571970
229,474,3.0,838144001
474,1340,3.5,1189991056
601,1197,5.0,1521398207
115,2355,3.0,948322711
365,45672,3.5,1489797190
202,953,5.0,974912002
89,95843,5.0,1520409017
111,97913,3.5,1516141188
326,356,5.0,1322251219
376,1721,3.5,1364994119
597,1307,5.0,941641148
413,4262,5.0,1484439749
318,6365,3.5,1237233416
356,5650,4.0,1229140388
376,97304,5.0,1364994775
73,51255,4.5,1464275234
199,3063,2.0,941295627
260,8464,3.0,1109408696
280,2485,3.5,1348435130
461,1246,4.5,1505935259
109,223,3.0,841108665
28,778,3.5,1235806117
231,1196,3.5,1433089453
480,919,5.0,1179177957
599,2071,3.0,1519369366
288,593,5.0,976120853
561,3704,3.5,1491092099
268,1616,1.0,940193511
429,315,4.0,828124616
166,6157,2.5,1189037950
483,1748,5.0,1178210922
249,81932,4.0,1346847536
452,3107,4.0,1019580751
560,39183,3.0,1469650339
128,608,5.0,899033437
391,4499,4.0,1032390139
606,4246,4.0,1171578954
90,85,5.0,856354195
140,1950,4.0,1021898963
448,104078,4.0,1439154367
180,2717,4.0,1270237614
340,592,5.0,848666337
474,1290,3.0,1047043749
462,1954,5.0,1174438213
509,58559,3.5,1435993009
531,1198,5.0,1032961819
474,41,3.5,1089386983
414,1944,4.0,961512442
474,2186,4.5,1087831510
48,5445,4.5,1127128898
104,54780,3.5,1357855880
139,53953,0.5,1453925178
607,4023,3.0,997847173
58,36,4.0,847718991
599,26492,3.0,1519352490
605,6539,5.0,1277175742
187,541,4.5,1161850214
446,342,3.0,843839593
387,674,1.0,1117356451
540,2567,3.0,1179108054
525,8641,3.5,1476476859
543,2380,5.0,1230602235
448,5528,4.0,1143893757
432,57274,5.0,1316391360
382,85510,3.0,1515249326
543,267,5.0,1230602169
37,292,4.0,845239483
294,3693,2.0,966596297
182,1242,4.5,1054780907
603,45,4.0,963179538
567,101142,2.5,1525290802
606,95105,2.5,1349083032
434,8784,4.5,1271039329
226,45447,4.0,1164616630
580,3498,2.0,1167790554
21,59429,2.5,1376823737
219,3248,2.0,1198782725
137,2968,3.5,1204859040
297,1556,1.0,900876328
274,7369,1.5,1172024383
4,1580,3.0,986935244
216,1080,3.0,975212199
288,688,3.0,978466670
288,1179,3.0,976121042
249,2194,4.5,1387738194
139,5952,4.0,1453923969
414,58998,3.5,1489548259
610,80831,3.5,1493848222
432,84189,3.5,1315243119
28,41863,4.5,1234341471
68,89492,4.5,1321936093
524,762,2.0,852404842
517,1721,3.5,1487953281
96,780,3.0,964772862
448,155659,4.0,1490814265
103,3174,4.5,1431968191
298,111113,2.0,1466277616
186,364,4.0,1031079149
599,27762,2.5,1519420065
477,8874,5.0,1200939544
590,2,2.5,1258420835
308,1197,4.5,1421373693
462,4027,2.5,1123893621
232,2006,3.5,1218165584
254,7361,4.5,1180446482
288,2020,4.0,979163695
16,1223,4.0,1377477855
438,5574,4.0,1105664674
269,32,4.0,850865423
560,2762,4.0,1469648014
525,3671,4.0,1476476435
380,163,5.0,1493420576
603,4765,4.0,1000194022
38,480,3.0,841341296
608,5507,3.5,1117507055
434,500,2.0,1270604782
608,4734,1.5,1117674760
436,368,3.0,833530619
539,6753,4.5,1332475283
104,33004,4.0,1294441573
195,1365,3.0,1008558696
64,3608,5.0,1161566444
186,2369,4.0,1031081475
62,7254,4.0,1521489196
19,3034,3.0,965709047
483,637,3.5,1181495934
224,2174,5.0,971811933
560,1961,3.5,1469648111
138,1805,0.5,1222676017
41,99114,4.0,1458933737
182,2136,0.5,1063285523
307,4571,3.0,1186086526
448,118354,3.0,1453137366
414,2266,2.0,961439278
221,2921,4.0,1118246921
317,97304,2.0,1430514474
68,628,3.5,1158534567
274,1255,3.5,1200444417
125,74789,2.0,1474295022
119,114184,3.5,1447664445
19,1806,2.0,965706683
312,3024,3.0,1043176423
50,113374,3.0,1516264368
414,6295,2.0,1105474074
414,6315,2.5,1053623937
318,1845,4.5,1445630849
125,158783,4.0,1489005130
91,104,1.5,1112713462
527,1198,5.0,1033175704
217,1687,3.0,955941099
599,4214,2.5,1498514758
514,6299,2.5,1533946273
474,5816,4.5,1053021098
387,1977,2.0,1162190957
474,55442,3.5,1238350498
109,590,3.0,841107357
57,1179,2.0,972172824
303,589,5.0,1053303177
604,285,4.0,832080636
187,4878,3.5,1161849216
132,6323,3.0,1157924990
305,56171,3.0,1460136824
4,1732,4.0,945079889
555,2701,2.0,978842188
135,589,4.0,1009691144
448,79132,4.0,1316888022
232,5502,4.0,1076952044
317,4262,5.0,1430512248
610,2944,4.0,1493850338
372,1584,4.0,874414409
111,166534,0.5,1516141946
217,374,3.0,955945401
8,2,4.0,839463806
177,2227,4.0,1435538390
380,6874,4.0,1494071216
446,317,3.0,843839306
573,2571,5.0,1186589585
195,1302,5.0,974708152
594,252,5.0,1108973713
554,2702,3.0,944898710
24,4973,3.5,1458940978
380,34532,3.0,1494071673
156,1094,4.0,946799057
307,8360,3.0,1186162227
275,6218,5.0,1049077892
18,2058,3.5,1476911164
477,1225,4.0,1200941464
414,46723,4.0,1175542830
103,8807,4.0,1431970127
606,1809,3.5,1172016478
599,743,1.0,1519181827
217,2642,3.0,955942393
173,150,4.0,843397856
381,6564,3.0,1168664488
531,590,3.0,1032961880
465,1218,5.0,959895941
6,76,4.0,845555317
527,1376,4.0,1033175078
4,1225,4.0,964539326
318,1020,3.0,1276200045
469,2660,3.0,965335315
43,60,5.0,848994424
140,2490,4.0,951163625
445,35836,3.0,1454622164
570,1374,3.5,1181478220
414,260,5.0,961514667
15,97938,4.0,1510572473
160,3608,1.0,971113779
509,86332,3.5,1435992685
64,4239,3.5,1161559818
290,1617,4.0,975031129
95,2968,4.5,1105400903
288,8959,2.0,1210006352
610,88129,5.0,1493845236
480,27839,2.5,1179166249
265,2028,4.0,965316313
591,2770,3.0,970524787
115,2694,2.0,945304932
438,5401,3.5,1105654160
414,242,4.0,961681576
344,5459,4.5,1420497307
81,316,4.0,845299563
141,367,2.5,1513131870
448,3033,4.0,1019128107
111,158813,2.5,1516153857
278,527,5.0,1193753327
608,1282,2.0,1117415349
606,8724,4.0,1171500652
274,2052,3.5,1171932965
132,2997,4.0,1157921214
144,4027,3.5,1137324200
559,1429,3.0,865096099
567,110730,0.5,1525289743
324,3864,4.0,974906733
91,2174,4.0,1112711866
293,3646,2.0,1044871045
558,5081,2.0,1035415685
83,356,4.5,1332840553
28,2716,1.5,1234515987
527,2366,3.0,1033175830
448,103228,1.0,1373135820
591,2908,2.0,970524787
304,81,4.0,947050233
58,5,4.0,847719151
551,135569,4.5,1504926108
599,27155,2.0,1519122417
603,288,4.0,953925861
385,588,4.0,837949569
560,130576,2.0,1469647568
608,653,3.5,1117504427
404,172,3.0,838376079
325,1028,4.0,1039397019
232,3882,3.0,1218167568
181,7,3.0,845470611
438,6549,3.5,1105654286
599,6957,3.0,1498522098
177,1552,2.0,1435534425
169,4886,5.0,1059427905
510,556,4.0,1141159618
258,47099,3.0,1534892436
215,1247,4.5,1260908863
438,2491,3.0,1105763212
599,51931,3.0,1498524342
200,3984,4.0,1229889194
428,2294,2.0,1111525363
6,5,5.0,845553938
546,2532,2.0,973588665
325,2140,3.0,1039396113
600,2690,4.0,1237742885
318,56607,4.0,1256504761
477,653,3.0,1269832460
298,7022,3.0,1447597824
304,1777,4.0,916237634
326,4247,1.0,1322250984
414,2877,4.0,961681635
18,102125,3.5,1457382480
414,933,4.0,1026224159
89,167854,4.5,1520409087
393,44199,5.0,1430507662
514,2403,3.5,1533953876
481,1589,2.0,884773750
274,3799,3.0,1172030339
308,292,1.0,1421374370
405,1241,4.0,1295916609
599,1393,4.0,1498499718
222,442,3.5,1391354252
480,2502,5.0,1179177895
560,100383,3.5,1469657722
24,1784,4.0,1458940984
132,2581,3.5,1157978948
610,140174,4.0,1493849625
560,54503,4.0,1469650214
28,95,2.0,1234516201
557,1036,5.0,1452797306
54,469,3.0,839923068
275,4571,5.0,1049077016
555,2007,5.0,978746187
312,198,3.0,1043176840
63,1965,4.5,1443200361
169,2706,5.0,1078284800
305,4639,4.0,1460303404
274,6156,2.5,1171785248
600,454,2.5,1237759124
610,3968,2.5,1493847156
64,33683,4.0,1161529899
68,54259,4.0,1312685661
308,1203,0.5,1421373899
118,1213,5.0,944924360
105,173535,4.5,1526206993
306,130520,3.0,1518380804
275,1299,5.0,1049079275
599,861,4.0,1498500231
414,5785,4.0,1072058073
230,2605,3.5,1196304139
187,7438,4.0,1161849208
580,3267,4.0,1167791444
379,318,3.0,847397342
599,6185,2.5,1498516018
603,2989,1.0,953928124
200,7444,3.5,1229876874
226,4816,3.0,1097544909
89,69757,2.5,1520408709
517,47629,4.0,1487954239
135,480,5.0,1009692855
317,68358,3.0,1430597321
416,3677,4.0,1187498528
385,344,3.0,834693609
307,5427,4.0,1215657361
515,356,5.0,1513601965
599,3275,3.0,1498521648
229,185,4.0,836941791
58,282,4.0,847718851
40,267,3.0,832059622
607,608,2.0,964744660
610,3988,2.5,1479544727
546,1965,5.0,973588490
20,1018,3.5,1054038336
599,164909,3.5,1498615618
610,112852,4.5,1493845402
561,1967,4.0,1491094878
606,2951,4.0,1171311449
474,6333,5.0,1100119699
305,34405,2.5,1520284858
27,1387,2.0,962686343
607,3347,5.0,964744168
509,98243,3.5,1436101483
242,410,3.0,834073153
219,788,1.0,1200978049
572,457,5.0,945893822
603,3505,3.0,953927732
445,5971,2.0,1454622229
600,30825,3.0,1237759497
356,45499,3.0,1229143369
414,2616,3.0,961516093
47,140174,2.5,1496205483
448,2012,4.0,1019128140
608,6888,1.5,1117675045
9,2023,3.0,1044656650
586,6365,4.0,1529901492
509,32587,3.5,1436083303
111,61250,3.5,1516152711
332,2130,4.0,1352674304
132,345,4.0,1157923088
357,1265,4.5,1348610392
382,135532,3.5,1515248824
326,142488,4.5,1463936064
584,282,5.0,834987866
232,7325,3.0,1218166817
480,1136,5.0,1179160187
358,89386,0.5,1339545805
68,48516,3.5,1180915910
198,1307,4.0,1034135217
385,1080,4.0,842892341
493,493,4.0,1001562900
570,4878,4.5,1181555671
103,107,3.5,1431968291
424,79134,3.0,1457846641
481,1672,2.0,884773498
509,1032,3.0,1436000075
466,4367,4.0,1439915469
380,111759,5.0,1502222505
480,33794,4.0,1179160764
166,1276,4.5,1189038714
340,329,5.0,848666393
474,7234,4.5,1111412815
225,1130,3.0,949261330
442,4361,2.5,1331560492
489,2340,1.0,1333233107
249,68157,5.0,1346757912
220,8961,4.5,1259074255
141,35836,3.5,1513131843
599,593,3.0,1498519279
430,923,5.0,963545726
177,7080,3.5,1435539027
263,24,3.0,941590705
590,1358,4.0,1258421269
249,8947,2.5,1415415676
557,4306,4.5,1452797727
318,173291,2.0,1511907895
414,88140,3.5,1511535697
368,466,3.0,971275137
428,344,0.5,1111489749
119,91658,5.0,1439495481
352,115713,4.5,1493674289
226,40815,4.0,1162428478
82,2606,3.5,1084800850
610,72378,3.0,1493845552
84,1225,4.0,858772153
96,1220,3.0,964772847
288,34072,3.5,1136400476
177,1221,4.0,1435533674
483,96417,4.0,1415576996
448,4053,2.0,1064153348
125,152083,4.0,1481392782
474,7012,3.0,1070309684
95,2735,4.0,1043340311
249,2716,4.0,1346758100
15,48304,4.5,1510572550
221,1387,4.0,1119984484
414,7482,4.0,1089994926
414,215,4.0,961513678
448,180,3.5,1058089154
274,4720,3.5,1173041140
45,1688,4.0,950726248
62,111759,4.0,1521489609
201,1377,2.0,939226657
608,42738,4.0,1147794430
82,6686,3.5,1084467568
226,1387,3.5,1095662804
409,3868,4.0,968985606
19,881,1.0,965707137
177,1907,3.0,1435535032
332,2020,4.0,1352674405
73,53125,4.5,1464196291
414,3791,4.0,963413835
22,2300,4.0,1268330627
380,2454,4.0,1494804716
197,541,5.0,947461866
560,1214,3.5,1470702523
464,31410,4.0,1275550299
436,293,3.0,833529729
19,2060,3.0,965707769
292,1073,4.5,1265680442
401,55768,2.5,1515902154
587,1184,4.0,953138273
415,318,5.0,1382469950
125,89190,3.0,1474414844
160,2427,5.0,976799005
294,3873,3.0,966595028
359,1240,2.5,1198112178
555,543,5.0,978746964
294,1855,4.0,966596566
562,1997,3.5,1368892691
457,2428,2.0,993610929
480,30894,2.0,1179166348
486,47,3.0,839537220
414,4675,1.0,1024928617
498,434,3.0,839197042
567,118700,2.0,1525288557
156,936,5.0,939853418
438,34150,3.0,1120969146
370,2716,3.5,1159164176
298,50610,4.0,1466277718
425,1206,3.0,1085477836
235,594,4.0,841422693
194,5060,4.0,1110316664
520,1625,4.0,1326609718
99,236,5.0,829828006
590,4995,4.0,1258416711
28,7361,2.5,1277001831
351,480,4.0,1328287926
76,33493,4.5,1439165731
292,1848,3.0,990062737
310,2371,4.0,1078649155
23,741,4.0,1107341586
74,58,5.0,1207502891
91,3070,5.0,1112718040
480,2997,4.0,1179160797
232,53972,3.5,1218166012
301,8261,4.0,1211379249
239,2944,4.0,1221147365
125,142509,4.5,1474295566
274,39446,3.5,1171787240
599,4125,0.5,1519124389
153,2174,1.0,1525551067
567,114627,3.5,1525286614
599,62336,3.0,1498519387
103,86815,3.5,1431956596
419,5010,4.0,1321757697
608,1220,4.0,1117415342
102,223,5.0,835877270
76,7153,3.0,1439168389
212,122892,4.0,1523217028
405,5989,3.5,1295921683
137,5952,4.5,1204859376
317,80463,4.0,1430512992
453,2997,5.0,972621282
365,95441,5.0,1488333253
244,349,4.0,975091322
68,2599,1.5,1158532104
479,3111,5.0,1039367332
438,3512,3.0,1105665854
527,2528,4.0,1033175958
166,2353,4.0,1188773619
266,353,5.0,946768624
156,930,5.0,939854531
387,31658,3.5,1158044012
338,190219,1.0,1530148473
313,2193,3.0,1030475440
414,1598,2.0,961518618
307,57368,3.0,1211305204
454,8950,3.5,1279547135
91,36,3.0,1112712316
484,1089,4.0,1342228838
594,648,5.0,1109036667
217,1840,2.0,955934988
57,1688,3.0,972175291
453,3148,4.0,972623037
543,1036,5.0,1377068729
496,3668,3.0,1415165655
414,6365,4.0,1053623904
378,858,3.0,1445345918
1,3053,5.0,964984086
111,142422,4.5,1516153547
111,784,2.5,1518640784
68,60684,3.5,1240092511
144,8368,4.0,1136812823
313,1097,2.0,1030474705
74,47423,4.0,1207500015
104,68954,4.0,1377129926
500,1148,4.0,1005528205
334,37729,4.0,1229959497
194,315,3.5,1110316625
51,2533,3.5,1230930298
590,6377,3.5,1258420970
414,2888,1.5,1324237924
414,6238,1.5,1053624121
307,2144,3.0,1186162511
89,2683,2.5,1520408493
383,1584,4.0,943571272
132,4732,2.0,1174935095
52,71535,4.5,1468051464
153,296,3.0,1525548640
405,7123,3.5,1299385821
414,1127,3.0,961436469
414,30822,4.0,1128977215
476,350,3.0,835022173
346,3362,4.5,1155066633
495,31410,4.5,1458636645
594,1220,4.0,1108798899
580,4226,5.0,1167783666
318,97225,3.5,1413723648
221,1299,5.0,1119984145
610,86332,3.5,1493846761
398,31658,4.0,1311208617
132,5502,2.0,1157968868
555,2407,4.0,978821716
603,2967,4.0,953926581
473,6281,2.0,1169351257
406,135,4.0,1296959291
562,80860,4.0,1368896707
221,589,4.5,1118247104
119,102481,4.0,1437850978
312,5065,3.0,1043176981
132,307,4.0,1157978985
274,47,4.0,1171172762
608,5218,4.0,1147794876
19,2722,2.0,965711529
94,32,5.0,843406866
298,46976,2.0,1449592143
307,5110,3.0,1186172525
414,37731,3.5,1216146966
266,95,3.0,946768666
380,74948,4.0,1493421245
453,3908,1.0,972622376
41,5014,3.0,1458939178
380,2797,3.0,1494803485
484,93320,5.0,1342296115
414,50923,2.5,1216150383
150,786,3.0,854203163
458,329,4.0,845651700
187,1200,4.5,1180734819
495,173,0.5,1458636484
414,6582,3.5,1064941859
447,589,4.0,836961016
203,31,3.5,1390094511
390,6344,3.5,1250337822
370,5782,3.0,1159163483
514,2002,3.0,1533945237
20,1012,4.0,1054038180
24,59615,3.5,1458941901
21,168252,3.0,1500701559
514,38583,2.5,1533945202
20,4029,4.0,1054037969
603,955,5.0,953925827
28,64957,4.5,1234341141
560,112556,4.0,1469648505
361,1210,2.0,1204045281
480,2193,3.5,1179179058
57,1196,4.0,965798130
68,1552,3.5,1158533074
50,4306,2.0,1514238088
386,592,1.0,842610160
597,235,4.0,941558002
607,1374,1.0,963078983
274,6379,3.5,1172026248
307,3511,1.5,1186257367
225,380,3.0,949111600
249,49272,3.5,1346757826
541,132,4.0,835643931
307,7261,1.0,1186085902
297,1089,5.0,900871748
332,85056,3.0,1352673831
590,913,4.5,1258421525
82,2384,1.0,1084465190
414,4499,5.0,1008691094
68,86293,2.0,1317436019
220,59615,4.0,1230061886
387,44828,2.5,1168847276
581,60069,4.0,1447007150
448,1265,4.0,1164622262
500,2542,5.0,1005527824
414,4888,4.0,1053552138
279,48516,4.0,1506394599
555,3250,5.0,978748483
380,595,4.0,1494803415
448,81932,4.0,1323097089
395,48,2.0,841504003
19,2699,3.0,965703915
469,1198,4.0,965333666
129,5502,4.0,1167376607
391,1228,5.0,1031030133
603,3359,4.0,953926787
466,79702,3.5,1439915782
606,157,4.0,1171234688
318,32,4.5,1263848497
474,2652,3.0,1065531558
414,3258,2.0,961438887
497,109487,5.0,1429127210
51,2375,5.0,1230930352
480,5218,3.0,1179162308
490,1251,4.5,1334940434
573,68157,5.0,1341798215
408,6618,5.0,1467454054
26,153,3.0,836950286
387,6184,3.5,1186987394
21,122900,3.5,1452052140
62,91500,4.0,1521490055
369,431,2.5,1237082122
231,593,4.0,1433089510
111,87485,3.5,1516151619
448,139857,1.5,1485806308
387,7987,2.5,1215672910
33,2542,4.0,939654747
438,36519,4.0,1125794010
599,8718,3.0,1498523675
222,2571,4.0,1391350315
596,3535,4.0,1535833933
294,592,3.0,966597566
47,597,3.0,1496209349
292,2989,4.0,1323632036
453,2006,4.0,972621884
286,778,3.5,1119563354
105,62849,4.5,1446571994
599,4591,2.5,1498514616
484,8376,4.5,1342296875
89,101283,3.0,1520408817
520,4370,4.0,1326687451
325,5544,4.0,1039396626
603,1747,5.0,963178192
610,1273,5.0,1479544457
317,80906,5.0,1430513631
609,1161,4.0,847221080
274,2555,2.0,1172026308
45,3798,5.0,1007995171
136,208,3.0,832449254
249,8874,4.5,1346758192
187,4105,4.5,1161850051
462,3424,4.0,1123891733
414,5247,3.0,1016115183
47,91658,2.5,1496209056
234,466,2.0,1004408501
41,1777,2.5,1458939104
387,6731,3.5,1166386042
101,2712,5.0,968440983
543,135,5.0,1230602081
202,1304,4.0,974918419
118,25,2.0,944924731
249,39446,3.0,1347887417
489,3635,3.0,1333233242
125,2321,5.0,1474294743
240,1073,5.0,849123234
89,1270,1.0,1520408312
603,3557,3.0,963176483
462,38198,4.0,1293373596
66,111,4.5,1099187536
43,277,5.0,848994222
177,1188,2.5,1435535079
599,27784,1.5,1519136492
125,151695,4.0,1474836315
522,780,3.5,1253344677
489,928,2.5,1333023381
610,102802,2.5,1493850151
177,79695,2.0,1435525839
469,3809,4.0,965336302
380,2542,3.0,1493419882
202,3358,4.0,974924147
389,260,5.0,857934308
344,4034,2.0,1420497229
408,1291,5.0,1468253241
523,52722,4.5,1503126280
232,3717,3.5,1182908258
186,1196,5.0,1031079382
307,1968,4.5,1186087183
437,1120,4.0,859722232
600,914,4.5,1237858111
483,1682,3.5,1178293741
605,587,3.0,1277176617
18,1020,3.5,1456955800
495,53322,4.0,1458635896
299,3753,4.0,974620300
590,4221,2.5,1267237382
607,423,3.0,963080410
405,3033,3.0,1295924067
167,3421,3.0,1154723081
74,55290,4.0,1207500648
509,46578,3.5,1435992406
19,2169,2.0,965707889
303,1247,2.0,1053302799
51,2,4.5,1230932741
391,1527,2.0,1030826899
449,4973,4.0,1053199972
182,1769,3.5,1055153455
153,4308,3.0,1525548118
274,2335,3.0,1171785505
313,1885,5.0,1030557763
294,3507,3.0,966595488
380,34334,2.0,1494268004
365,108156,3.0,1489796855
414,1221,5.0,961515566
374,356,4.0,849089103
21,34162,3.0,1407617697
33,2357,5.0,939654747
184,164179,5.0,1537108076
122,3702,4.5,1461562556
116,1291,4.0,1337199881
72,1357,4.0,1217323427
66,1682,4.5,1093747644
263,1923,4.0,940384646
607,2762,5.0,963080679
480,5902,4.5,1179160509
490,56367,3.5,1324373077
575,2617,3.0,926510311
352,2600,4.0,1493673917
600,2012,4.5,1237711758
105,3916,4.0,1446573473
160,2456,2.0,976797780
514,5797,2.0,1534109033
448,303,3.0,1057592358
84,1200,4.0,858772698
18,7254,4.5,1455049744
57,1240,4.0,965796733
599,51709,3.0,1498523667
387,44657,3.0,1185138820
372,31,2.0,874416808
420,44974,4.5,1218041944
517,3269,2.0,1487957428
260,1258,3.5,1109408283
169,2942,5.0,1079310728
414,3949,4.0,981554046
361,1587,1.0,1204040712
318,3521,4.5,1315331422
199,266,2.0,1023654884
441,1196,4.0,1449070464
606,7396,4.5,1171360588
66,1210,3.0,1093747693
610,5418,4.0,1493844837
608,150,2.0,1117162618
483,2083,3.5,1215872221
82,4310,4.0,1084467499
489,2987,3.5,1333101575
305,59784,3.5,1464434507
474,4184,4.0,1124306259
342,1959,3.0,1042822170
339,31410,5.0,1460183605
221,1222,4.5,1118246751
489,1380,3.0,1334170701
502,2640,5.0,1111757693
292,102903,4.0,1483193860
380,6365,4.0,1494071223
288,1919,3.0,978469795
498,316,2.0,839197282
208,457,3.0,940639309
387,1136,4.5,1094876102
448,1097,4.0,1019123941
275,2289,5.0,1049076455
4,47,2.0,945173425
414,3111,4.0,1010588391
606,46965,1.0,1183840745
198,5014,5.0,1034196106
156,5060,4.0,946799037
448,1100,3.0,1019141934
307,6586,2.0,1186084922
586,110102,5.0,1529899366
610,74075,1.0,1493848880
464,1653,4.0,1287400391
434,5989,3.5,1270606691
599,95441,2.0,1498532387
249,43871,3.0,1347318603
187,968,4.0,1161849790
226,7263,4.0,1095663967
414,594,4.0,961518937
468,39,5.0,831400519
603,260,4.0,953926816
246,65261,5.0,1354134450
249,48780,3.5,1346757756
249,3175,3.0,1440669123
266,2395,3.0,944940825
34,163,3.0,1162050915
187,8636,1.0,1161863927
132,4700,3.0,1161799533
221,1198,3.5,1118246614
184,122912,5.0,1537110034
532,457,5.0,1025523686
489,552,3.0,1334587703
182,1831,3.5,1055150801
598,4963,4.0,1430616903
607,1625,5.0,964744168
72,1093,3.5,1217324666
226,2596,4.0,1095663837
414,6942,4.5,1085493649
579,2687,5.0,958881212
414,2615,2.0,961515355
217,2944,4.0,955935806
166,3160,4.0,1188774033
414,7354,3.0,1082914213
140,800,4.0,949666942
279,7153,4.0,1506394319
21,743,4.0,1423422395
432,5630,4.5,1335139577
317,82667,4.0,1430514683
381,4023,3.0,1167543507
524,1270,5.0,851609356
113,1589,2.0,980307560
221,25773,4.0,1121365551
462,167064,5.0,1486955414
9,6001,4.0,1044657072
161,2617,4.0,1176746702
273,661,4.0,835861348
590,47,3.0,1258420506
452,170,4.0,1019584677
107,141,5.0,829322340
50,143859,2.0,1514239713
51,2169,4.0,1230931276
113,2475,5.0,980307472
224,1197,5.0,971812860
288,1722,2.0,976140410
100,74,4.0,1100186732
307,2340,4.0,1187192092
591,2722,2.0,970524816
226,1805,3.0,1101193295
45,3481,4.0,959623988
160,1597,1.0,971115356
266,1079,5.0,945669791
168,342,4.0,1306793520
414,5685,4.0,1072057972
298,61024,3.0,1449592491
475,31696,4.0,1498030809
414,209,4.0,961518195
292,590,3.0,1265680359
596,176051,3.5,1535712663
40,457,3.0,832059534
76,117176,2.0,1439168494
497,112556,3.5,1429127214
438,6264,3.5,1105654712
391,2171,3.0,1030945301
64,2706,2.5,1161520644
156,2795,3.0,946799903
111,1777,3.5,1516154997
383,1293,5.0,943571184
178,1193,5.0,1164355404
393,33679,5.0,1430507587
232,47640,3.5,1206992935
226,5952,4.0,1096420307
111,593,0.5,1516140707
328,364,1.5,1494211013
15,293,3.0,1510571962
292,1917,3.0,1219625193
304,1275,4.0,891172829
599,67734,3.0,1498521535
567,93272,1.5,1525289067
53,481,5.0,1237748105
477,1203,4.0,1200940079
198,3160,3.0,1034136139
395,484,1.0,841505058
578,79879,0.5,1300991503
217,208,3.0,955941385
57,434,2.0,965798455
522,260,5.0,1253344662
346,4641,3.5,1094651056
74,7419,3.5,1207502162
448,5944,3.0,1092829876
62,49272,4.5,1521489572
538,8368,4.5,1307847401
571,3264,1.0,966900418
465,1617,5.0,959895821
227,58303,4.0,1447210409
274,41566,2.5,1171491932
140,805,3.5,1067987173
210,122918,5.0,1513943744
387,54785,3.0,1188626534
66,8665,5.0,1093747996
50,122904,1.5,1514891080
520,586,4.0,1326609231
318,31952,3.5,1423670002
68,59731,3.5,1240092738
290,1198,5.0,975031719
169,2081,4.0,1059427659
242,150,3.0,834073039
466,4896,5.0,1439915283
68,54116,3.0,1268687431
414,3896,3.0,978963106
38,329,3.0,841341249
313,593,5.0,1030474503
599,69481,3.0,1498524494
111,6586,1.5,1516141365
17,77455,3.5,1307262449
608,1377,2.5,1117408352
274,2395,2.5,1171172376
388,4306,5.0,1386694304
608,1921,4.5,1117336833
380,43679,3.0,1494071757
52,733,5.0,1468051359
140,648,4.0,949667466
600,1199,5.0,1237715392
141,1291,2.5,1513129853
414,6539,4.5,1058630859
590,4027,4.0,1258421033
593,357,2.0,1181008304
318,77866,3.0,1434395123
307,4109,2.5,1186258021
146,830,4.0,1312507715
573,5110,5.0,1299222399
598,103543,5.0,1430616819
45,3552,5.0,1020802351
501,2,3.0,844973419
342,3754,2.0,1042821872
427,5151,2.5,1053070768
522,1372,4.0,1297482460
604,330,3.0,832080591
28,2232,2.0,1242033049
414,69844,3.5,1511537090
219,5219,3.0,1194740229
331,91658,5.0,1537158263
580,3032,3.5,1167793062
434,5445,3.0,1270604305
438,5816,4.0,1105649828
380,40617,3.0,1494796925
325,3200,5.0,1039396096
414,4305,1.5,1073680271
600,1282,2.5,1237715362
448,122920,3.0,1486936046
51,39183,5.0,1230929886
448,4280,3.0,1019127489
474,6466,4.5,1165540065
215,1271,3.5,1260905464
136,276,4.0,832449560
167,39,2.0,1154723333
177,2565,3.0,1435536045
448,370,3.0,1032164700
68,1222,2.5,1158532539
338,6874,4.5,1530148453
504,6565,4.5,1063644757
279,51255,4.0,1506394315
232,55577,3.0,1199131896
469,2797,3.0,965425446
38,224,4.0,841341598
199,457,4.0,940372697
474,318,5.0,979179840
558,555,3.0,1035415992
596,3793,4.0,1535708282
534,53996,2.0,1459787997
596,5418,3.5,1535708323
216,933,5.0,975212514
610,58332,2.0,1493848387
52,122900,5.0,1468051323
74,296,5.0,1207499596
52,62374,4.0,1468052136
129,3996,4.0,1167376110
305,7163,4.0,1460136348
603,1729,3.0,963179586
354,6537,3.5,1200953018
603,2240,4.0,953928361
307,6999,2.0,1186259467
246,2396,4.5,1354126039
265,1527,4.0,965315141
125,97938,4.0,1474495239
20,594,5.0,1054038083
234,1495,2.0,1004408829
477,2804,4.0,1201196745
606,781,4.5,1171737345
215,356,3.5,1260908599
555,3701,5.0,978748483
220,30793,3.0,1230062185
312,5015,4.0,1043177537
318,910,3.5,1342626202
600,3408,2.0,1237759204
474,7371,4.5,1093524775
98,168250,4.5,1532457987
170,10,3.0,840472869
182,780,1.5,1054780010
18,648,3.0,1455209873
483,1092,2.5,1215895641
275,1944,4.0,1049078362
199,4406,5.0,1095331530
91,2012,2.0,1112710901
578,6751,2.5,1300990921
522,1291,4.5,1253344805
334,34405,4.0,1225479050
200,19,3.5,1229877095
525,4306,3.5,1476476130
438,2860,3.0,1105921275
200,3255,5.0,1229887525
6,569,4.0,845555342
520,1831,3.0,1326687509
522,63113,4.5,1259346299
448,4678,3.5,1178981100
72,4973,5.0,1217324685
249,53000,3.5,1346752711
479,3270,4.0,1039362840
599,1801,2.5,1498518753
52,54995,5.0,1468052032
249,4299,4.5,1415415380
61,235,4.0,1145531647
219,54001,2.5,1194740550
42,4207,3.0,996256279
460,30749,4.5,1359178207
514,1265,4.0,1533948808
414,973,4.0,961517193
603,296,5.0,953925131
462,152711,5.0,1455645862
42,520,2.0,996215153
160,1320,5.0,971114462
313,4941,5.0,1030475200
89,120813,4.5,1520409367
397,2359,3.0,1181966576
477,1449,4.0,1263224869
387,3108,3.0,1153165334
425,4995,4.0,1085492438
298,555,3.0,1447597822
96,1214,5.0,964773743
18,86880,3.0,1455231363
68,76251,4.0,1272756019
445,6378,3.5,1454622171
414,1268,4.0,961517771
41,86781,4.0,1459367523
34,6539,5.0,1162047962
483,173,1.0,1181496560
28,3755,2.0,1234334925
232,7262,2.0,1218170688
480,40819,3.5,1179163062
448,2139,3.0,1019126719
414,114662,3.5,1511541633
345,838,5.0,1342826728
590,303,3.0,1258415303
489,34,2.0,1333101391
111,3646,2.0,1516144087
510,185,0.5,1141159094
89,4700,1.5,1520408487
596,5991,3.5,1535827554
141,6377,4.5,1513130221
202,567,3.0,974912341
380,106487,3.0,1494708645
5,367,4.0,847435129
414,68358,4.0,1246413686
599,6755,2.5,1498518396
105,38061,3.0,1446571935
4,1719,4.0,945079956
483,32,5.0,1178213437
603,2395,5.0,953926273
339,80139,4.5,1460184261
448,82499,2.5,1338743542
608,2000,3.5,1117666368
274,6755,3.5,1197015172
539,419,2.0,1332474555
328,1036,1.0,1494210894
306,65230,2.0,1518380408
284,296,4.0,832695048
475,77561,4.0,1498029975
610,16,4.5,1479542171
414,6349,3.0,1053623881
64,1240,3.5,1161520175
91,2641,3.5,1112716767
414,7257,2.5,1216150508
381,8622,4.0,1164876803
330,1270,4.0,1285904985
182,1222,5.0,1054780297
256,7361,5.0,1446579978
476,376,4.0,835022226
560,778,4.5,1469648003
410,111,3.0,990807684
268,155,1.0,940193478
438,8984,2.5,1113763556
23,2019,3.0,1107164361
332,89745,2.5,1352673707
480,3168,3.5,1179161577
1,1920,4.0,964981780
380,6615,4.0,1494071605
274,5449,2.5,1171784714
491,7451,4.0,1522605552
608,110,4.0,1117162428
400,593,5.0,1498870393
313,2427,2.0,1030556197
91,2420,3.5,1112718132
325,1280,4.0,1039395453
266,2278,5.0,944980936
328,63859,2.0,1494210601
84,800,5.0,857653639
132,3948,2.0,1157923067
68,2139,2.5,1261624292
380,5449,2.0,1494267424
311,1407,1.5,1057854301
380,95475,4.0,1536875335
246,4973,4.0,1354127188
216,2716,3.0,975212727
252,1293,4.0,1498285297
599,68552,2.0,1498510230
181,169,3.0,845470321
480,4571,4.0,1179178380
432,4975,3.0,1315243453
352,68157,5.0,1493674096
219,30825,1.5,1198814683
441,70286,4.5,1449070603
127,2763,4.0,1263527039
264,595,4.0,1136978553
279,2288,5.0,1506394396
446,223,4.0,843839575
414,2379,1.0,991145500
62,68319,3.5,1525125403
89,3157,4.0,1520408603
24,69406,3.0,1458941342
48,1653,4.5,1127128650
373,733,3.0,846830364
64,1339,3.5,1161565604
68,5553,3.0,1275957600
387,52281,4.0,1176534534
334,45517,3.5,1229959548
605,1270,4.0,1277097144
414,8937,4.0,1098643652
381,586,1.0,1164877371
414,6807,4.0,1065800029
274,44761,4.5,1187268488
526,4014,4.5,1502132883
256,92259,5.0,1446579969
105,8641,3.0,1447563108
122,589,5.0,1461561440
234,2082,3.0,1004409745
53,1982,5.0,1237748071
469,39,2.0,965425327
19,2694,2.0,965706839
220,5464,4.5,1241227503
166,4865,4.0,1189037876
219,2329,3.5,1194685912
143,4306,5.0,1444769059
329,136850,5.0,1523468303
354,1097,4.0,1200870671
219,4886,3.5,1214043303
480,592,4.5,1179177615
28,1729,2.5,1242031770
168,1927,4.5,1306802074
534,85261,3.5,1459793449
169,4799,4.0,1059427983
355,1848,3.0,974966225
210,6934,4.5,1527266309
580,4027,4.5,1167791356
2,74458,4.0,1445714926
600,26084,3.5,1237857003
38,17,3.0,841341494
348,2505,4.0,1378849984
599,3972,3.0,1498799952
167,45517,3.5,1154721561
200,2959,5.0,1229885970
177,51939,2.5,1435837856
202,1307,5.0,974923638
307,44195,3.0,1186410732
453,368,5.0,1005966976
229,410,3.0,836942019
140,1580,3.0,1024051464
140,39307,2.5,1156530456
483,2985,2.5,1181496792
184,112552,5.0,1537099249
448,3397,4.0,1019126875
153,1704,4.0,1525548099
377,900,2.5,1340344005
249,48516,5.0,1346757793
608,2580,4.0,1117503674
373,168,2.0,846830207
56,480,5.0,835799295
232,2804,3.5,1141776548
438,353,4.0,1105668453
65,36529,4.0,1494767337
491,49286,4.5,1526673059
351,57669,3.5,1328642419
68,104841,3.0,1526947692
525,55269,3.5,1476477492
125,65130,5.0,1474294959
288,2867,3.0,975692661
424,107348,3.0,1457846633
332,1200,4.0,1352673434
483,8632,0.5,1178294405
93,362,4.0,942946445
608,6157,4.0,1147794837
600,4816,4.5,1237851515
474,6373,2.5,1074261858
307,1729,4.0,1186162172
219,41566,2.5,1194931859
323,230,3.0,1422640640
305,95510,0.5,1463503215
520,3408,4.0,1326609651
604,454,4.0,832081027
357,2581,4.0,1348627944
488,1148,4.5,1112381887
288,2053,3.0,975692226
509,40826,3.0,1435997155
15,1,2.5,1510577970
596,329,3.0,1535827307
411,288,3.0,835532155
187,922,5.0,1161849981
66,8360,4.5,1093747278
330,2797,4.0,1285905366
232,3751,3.0,1182909946
495,3825,2.0,1458636458
438,11,4.0,1105668426
312,680,4.0,1043176773
474,2066,4.0,1137521317
599,1246,4.0,1498498795
377,2015,3.5,1340342674
283,805,3.0,901227633
216,3422,4.0,975212395
276,1367,4.0,858350816
143,6377,4.0,1444769084
274,2033,3.0,1172269303
79,2000,4.0,975282037
202,1625,3.0,974924851
129,736,4.0,1167376173
414,2478,3.0,961513576
358,2338,1.0,1339539232
328,78499,5.0,1494207189
414,142488,5.0,1511535975
138,898,5.0,1222676107
460,541,3.0,1359176916
247,923,4.0,1467759737
462,4641,2.5,1137445324
284,442,4.0,832699673
407,59315,5.0,1424349624
414,1957,3.0,961517121
474,3362,3.5,1087831895
177,3175,2.0,1435534443
64,5418,3.5,1161520694
391,750,5.0,1030945391
290,899,5.0,975030750
274,1261,4.5,1171786298
603,2000,3.0,953927978
230,47,3.0,1196304391
140,3737,4.0,960561709
132,1125,3.0,1157979739
156,2683,3.0,1106855040
129,6934,3.5,1167376365
288,4916,3.0,1014821894
182,934,2.5,1054781612
140,4736,3.0,1008775205
474,48598,4.0,1180012345
391,1150,5.0,1032388476
160,1974,1.0,976797780
529,7,2.0,855583292
200,2144,5.0,1229876626
125,100882,4.5,1474295849
372,1483,1.0,874414521
18,1892,4.0,1458679104
466,89745,3.5,1439915554
380,585,2.0,1495234398
522,44191,4.5,1325711221
294,3710,2.0,966596725
428,5025,3.0,1111624002
381,72395,4.0,1262898559
201,435,4.0,941212999
165,5881,3.0,1046741509
226,46970,2.5,1159219251
599,2352,3.5,1498539859
562,83134,4.0,1368892693
414,6269,4.0,1071505645
561,913,4.5,1491094886
130,339,4.0,832589610
606,2100,3.5,1171822424
488,7153,5.0,1112382196
287,5630,1.0,1110230614
474,8622,4.0,1097508566
100,1639,3.5,1100184117
249,99750,3.5,1379023798
220,589,5.0,1230055442
577,1233,3.0,945966674
351,1717,2.0,1325977918
111,59143,4.0,1518812619
305,79702,3.0,1460963941
380,7310,4.0,1495476138
184,122920,4.5,1537107779
253,608,5.0,1286643377
177,2176,3.5,1435536580
600,2428,1.5,1237762724
282,2468,3.0,1378517482
603,4757,2.0,1000194038
166,1263,3.0,1188774095
265,1374,5.0,965314952
459,3751,2.5,1520233639
186,1527,4.0,1031079906
606,7099,5.0,1175637420
95,1912,4.5,1105400649
327,953,5.0,1234788185
492,1043,3.0,863976940
298,1255,3.0,1447584872
219,4247,1.0,1194740419
398,2763,4.0,1311207233
68,53894,3.5,1261623286
586,2006,3.5,1529899164
380,3483,4.0,1493420425
161,4002,0.5,1176498716
414,7451,4.0,1098713049
160,173,3.0,971114703
590,1517,3.5,1258416603
290,1447,4.0,974943091
274,54732,2.0,1198131080
380,104,3.0,1493420135
448,507,3.0,1019123928
247,48394,4.0,1467644464
201,551,4.0,939821323
474,215,3.5,1087158195
326,8665,5.0,1463936893
517,1951,3.0,1487956725
164,4023,3.0,999708085
160,2818,1.0,971115909
382,130686,3.0,1515248368
575,2580,4.0,926510350
232,5952,4.0,1101397634
353,231,4.0,831939685
4,2763,1.0,964778621
387,737,2.0,1094939787
68,923,3.0,1252728105
94,592,3.0,843406616
198,1645,5.0,1034139094
51,2124,4.0,1230929579
285,4447,2.5,1449626143
448,5803,2.0,1087149734
525,54881,3.5,1476477279
211,4226,4.5,1350912257
439,78499,4.0,1436943970
577,435,3.0,945967219
91,3740,5.0,1112712465
464,54004,4.0,1325594700
425,6874,3.5,1085492398
274,79695,3.0,1290110374
52,58998,5.0,1468051557
552,6947,3.5,1112151121
68,1020,2.5,1261624012
318,153,3.0,1275475349
524,377,5.0,851608745
28,1466,3.0,1234570448
509,82169,3.0,1436393290
357,593,4.5,1348610433
71,62,4.0,864737933
266,2605,1.0,944940438
438,5956,0.5,1105668579
217,3347,4.0,955935220
590,367,3.0,1258419667
142,440,4.0,838934486
21,4718,4.5,1376823727
199,4973,2.5,1090544433
115,1407,5.0,944952139
534,3624,4.0,1459787996
280,45447,4.0,1348531901
607,2268,5.0,963080009
596,5502,2.5,1535708451
226,3843,2.5,1095712851
160,60,2.0,971619579
274,60037,3.5,1224747851
356,720,5.0,1228072581
457,3578,5.0,993610945
182,161,3.0,1054782902
217,2391,4.0,955942917
414,6188,4.0,1057951571
408,165101,4.0,1485814541
311,5944,2.5,1057854932
606,2002,0.5,1172969050
312,903,5.0,1043177323
474,4039,3.0,1046886789
352,1693,3.0,1493673937
24,5791,4.0,1458944146
599,2060,2.5,1498518443
414,1272,4.0,961512369
249,4085,4.0,1346752139
50,2732,4.0,1518168679
534,118696,3.0,1459787995
596,77561,3.0,1535709827
142,150,5.0,838931920
105,1235,3.5,1447574462
438,8183,3.5,1110910587
137,4546,3.5,1204859196
288,34437,3.0,1185800020
469,3834,3.0,965336283
226,7103,3.5,1095695239
274,968,3.0,1171784710
462,1210,1.0,1154037668
414,46572,2.0,1216149761
78,380,4.0,1252575135
514,1962,4.0,1533872443
19,1077,3.0,965703605
608,48,0.5,1117161754
169,719,4.0,1078285146
26,208,2.0,836950403
469,923,5.0,965661809
474,2070,4.0,1113829296
414,431,5.0,961517936
610,51935,3.0,1493846124
195,1732,4.0,974705986
556,7153,4.0,1534320952
414,2095,3.0,961596392
212,5218,3.5,1523216567
268,2571,5.0,940172949
292,86332,4.0,1323526231
474,6434,3.0,1086016625
104,89753,4.5,1325800092
599,26741,1.5,1498505302
368,1343,3.0,971275698
289,2174,4.5,1143424633
599,4974,2.5,1498515052
610,163937,3.5,1493848789
247,4226,4.5,1467644250
163,1617,3.0,894217532
307,5265,2.5,1186172758
509,86880,3.5,1435995691
52,86892,5.0,1468051226
577,541,3.0,945966819
105,48780,5.0,1446571710
438,4446,3.5,1105654697
219,5064,3.5,1195349138
599,782,2.5,1498514201
285,3296,4.0,1468964357
318,70286,3.0,1261340410
365,107348,3.5,1488858031
596,5444,4.5,1535827295
24,2405,2.5,1458941272
534,66785,4.5,1459797031
328,134130,3.5,1494211615
438,33166,4.5,1118240702
425,3147,4.0,1106483058
274,519,3.0,1171829197
149,1544,1.0,902085078
606,973,4.0,1180551729
166,4878,4.0,1188774610
353,172,2.0,831939875
396,5445,2.0,1111688535
233,1580,3.0,1529334057
582,81564,4.0,1446794070
174,780,3.0,848487212
28,8665,3.5,1236314239
168,85881,4.5,1306793843
603,3706,4.0,963176940
210,1196,5.0,1473705473
135,3098,4.0,1009693996
453,110,5.0,972621723
429,421,4.0,828124615
448,4563,2.0,1019128718
111,1206,1.5,1516153663
28,7143,3.5,1242032883
91,8581,4.0,1112711427
91,2992,3.5,1112718036
424,4226,4.5,1457843531
432,1921,3.5,1328051106
111,109483,2.0,1517441274
64,1348,4.0,1161531020
414,31101,4.0,1158601850
356,1747,4.0,1229140949
305,4016,3.5,1527234349
105,84152,4.5,1446750760
226,2253,2.5,1097545086
226,6523,3.0,1095713043
140,2605,4.0,949667704
287,1136,4.0,1110230101
387,5445,3.0,1094877331
367,4489,4.0,997812532
590,5313,1.5,1267151770
129,588,3.5,1167375395
380,1148,5.0,1493420569
274,4544,3.5,1171830127
307,2907,2.0,1186172679
288,1995,2.0,976139036
239,54503,4.0,1221158526
146,2805,2.5,1312507835
307,4091,3.5,1186087520
68,1888,2.0,1269123687
303,2683,3.0,1053302756
34,6242,3.5,1168811107
89,32596,3.0,1520408721
376,5010,5.0,1364994803
572,2336,5.0,945887008
483,106696,4.0,1415575259
378,54286,3.5,1445347583
226,2335,2.0,1096420045
561,134130,3.5,1491092329
610,4020,3.5,1479542683
186,2174,3.0,1031087641
599,34437,2.5,1498533187
288,3476,4.0,976138615
330,173,1.0,1285905535
474,953,3.5,1100292234
414,47423,4.0,1178035594
222,8641,2.5,1391374730
305,107406,2.5,1460303957
21,115877,3.5,1418063541
560,154975,4.0,1470252660
44,112,5.0,869251955
307,4127,1.5,1186259286
142,384,3.0,838934486
475,2011,5.0,1498031778
125,112183,4.0,1474283809
448,47,4.0,1019132386
202,1374,5.0,974918688
380,172887,3.0,1508436758
7,8666,1.0,1106779625
590,3966,3.5,1266390152
275,345,4.0,1049078987
45,1704,5.0,951756899
156,1281,3.0,939853183
474,1914,3.5,1119128240
520,4979,4.0,1326609928
104,1380,4.5,1053336368
348,8798,4.5,1378851570
474,2100,4.0,1100291843
250,3408,5.0,1121217875
453,4056,1.0,1005965926
582,99114,4.5,1446792668
385,537,3.0,834692317
603,550,3.0,954482832
249,115210,4.5,1439505064
45,2731,4.0,950723478
305,89118,0.5,1518197698
495,4239,4.5,1458635755
610,160571,3.0,1493848537
246,2407,3.0,1353864613
137,6986,3.0,1204859931
438,1393,4.0,1105666460
131,48780,3.5,1349840736
610,100159,4.5,1479543406
90,780,3.0,856353996
159,31,3.5,1508641164
89,121342,3.5,1520409121
296,1704,5.0,1532993830
358,47610,4.5,1339546220
140,1196,3.0,942842265
249,45666,3.0,1354895933
89,84512,5.0,1520409383
474,8591,3.5,1087827079
191,299,5.0,829760898
47,97938,3.5,1496209606
17,82459,4.0,1305696644
339,3535,5.0,1460185218
377,3070,4.5,1340342818
305,788,2.0,1460366765
42,4396,4.0,996259528
307,2962,3.0,1186257890
87,1584,4.0,1296109099
428,5064,3.0,1111489747
291,5218,4.0,1453051567
287,223,2.5,1110231023
429,434,4.0,828124615
509,2138,3.0,1436424691
514,2115,4.0,1533872366
446,594,4.0,843839522
217,2947,3.0,955935853
438,2170,3.0,1105670512
438,7454,2.5,1105664647
450,110,5.0,974704570
480,1,3.0,1179178004
534,99117,4.5,1459787998
536,315,3.0,832839896
219,741,4.0,1194686287
444,50,5.0,832670838
221,5248,2.0,1111177840
62,53125,4.5,1521490024
30,97913,4.0,1500370371
563,70599,3.5,1441844957
480,44840,3.0,1179165822
474,8979,4.0,1137521438
354,1997,4.0,1200952925
560,69951,4.0,1469649400
563,4447,4.0,1446590008
576,1231,2.0,1358151530
469,1748,3.0,965335273
219,3999,2.0,1194740224
226,46578,5.0,1159219237
414,4679,4.0,1026225364
587,2407,4.0,953139113
50,1080,3.5,1514238217
307,1094,2.5,1186161825
18,112334,4.5,1456614526
68,76751,3.0,1271544611
45,2694,5.0,951170525
469,47,4.0,965336711
298,8376,3.5,1447584611
79,3576,4.0,975282009
466,5418,4.0,1439915266
339,1784,4.0,1460346454
249,36708,4.0,1368891307
306,87869,4.0,1518380305
416,2858,3.5,1187496445
33,2485,2.0,939719385
6,151,4.0,845553586
294,60,1.0,966634119
414,662,2.0,961682210
184,193579,3.5,1537107259
204,8974,4.0,1327182661
103,6440,4.5,1431970115
199,25,5.0,940372513
89,135937,3.0,1520409567
182,5954,4.0,1054781285
32,39,3.0,856737205
480,6003,3.5,1179161261
313,4226,4.0,1030556047
190,1193,4.5,1504310666
28,2959,3.5,1234338005
47,508,4.0,1496205263
210,146662,5.0,1513943333
199,5349,3.0,1023592667
18,4007,4.0,1504731757
401,6377,3.5,1514347246
587,205,3.0,953138273
522,2393,4.0,1297482469
221,2336,4.0,1119984577
596,40815,3.5,1535708394
7,48997,2.5,1174263740
71,1073,3.0,864737969
534,69122,4.0,1459787998
330,25,4.5,1285905238
368,1617,4.0,971275360
151,75,3.0,855948083
493,2571,5.0,1001562662
140,37739,4.0,1152897676
474,935,2.5,1077286719
328,5418,4.0,1494211365
19,2005,4.0,965704281
274,40723,4.0,1197187849
387,2253,1.5,1095121634
414,4147,4.0,1014733411
19,2641,3.0,965703727
610,26681,5.0,1479542031
606,795,4.0,1171734284
599,80083,4.0,1519132247
534,56174,3.5,1459787997
121,454,3.0,847655996
73,48414,3.0,1464198719
580,54286,5.0,1212342541
169,185,4.0,1078284569
331,3793,2.5,1537157688
480,1235,4.0,1179162123
610,2022,3.5,1479542193
98,858,3.0,1532458318
36,3363,4.5,1100803627
414,103341,4.0,1511541227
387,37857,3.0,1140847332
253,3083,5.0,1286644217
10,77841,2.0,1455302684
307,2516,1.0,1186087869
103,1208,4.0,1431957246
288,2701,2.0,1068837662
404,265,3.0,838376103
220,53996,3.5,1257736345
526,106782,4.0,1502132937
288,2286,2.0,975692708
20,3999,2.0,1054147273
587,141,4.0,953138865
223,1704,3.5,1226209845
41,65230,3.5,1458939371
514,185473,3.0,1533946240
380,52694,4.0,1494696643
351,8950,4.0,1325980447
129,8132,4.5,1167378419
96,858,4.0,964772681
599,1221,4.0,1498499670
452,1343,5.0,1013394437
237,2470,3.5,1410629976
292,95720,1.0,1357062007
51,5481,4.0,1230931916
414,7165,3.0,1103522460
250,1597,4.5,1121217590
41,4022,5.0,1459367696
151,12,3.0,855947434
384,2701,1.0,996441097
84,1090,4.0,858772239
449,527,4.0,1053199963
305,90405,3.0,1520341535
534,101112,4.0,1459787998
275,3471,5.0,1049076228
426,7361,3.5,1451080832
50,66335,2.5,1514240049
165,2019,4.0,1046741833
384,924,3.0,994038103
256,4973,4.0,1446580198
66,2115,3.0,1099187073
18,8641,2.5,1455060196
298,1916,3.0,1467489869
474,25940,3.5,1137521287
217,1676,2.0,955940534
496,2950,1.0,1415165587
232,58105,2.0,1206991103
483,520,4.0,1178294141
22,70286,0.5,1268726596
382,4638,3.5,1515173175
199,57243,3.5,1261363555
276,1,4.0,858350384
263,7153,4.5,1090948141
432,6377,3.5,1316391786
474,534,5.0,975173725
599,87522,1.5,1498504356
20,2116,2.5,1054038315
45,552,4.0,951170579
19,2374,2.0,965707518
185,595,4.0,1044311830
590,903,4.5,1258421384
606,2206,4.0,1171363179
387,2174,2.0,1095116837
119,111781,4.0,1450612021
199,2067,4.0,1023654764
135,592,5.0,1009693068
607,1214,3.0,963079420
282,1080,4.5,1514068317
607,3994,3.0,997847202
91,367,3.5,1112713273
448,101864,2.0,1400416461
531,4284,3.0,1032961647
307,1997,3.0,1186161939
113,3296,5.0,980307140
264,3578,2.0,1136978959
414,5294,3.0,1046791709
561,1777,3.0,1491094324
610,128838,3.5,1493848037
479,3504,4.0,1039362880
20,2355,4.0,1054038063
141,107,3.5,1513132255
448,131480,2.0,1478185468
448,1920,4.0,1019127005
361,8972,4.0,1204047815
78,1200,3.0,1252575261
603,2620,3.0,954482414
599,33126,2.5,1498516245
232,51540,4.0,1178309773
453,1240,4.0,972621667
348,6016,5.0,1378850204
260,903,4.5,1109410827
606,1658,2.5,1190729481
227,593,4.5,1447189848
561,68358,4.0,1491090882
50,115203,3.0,1514240319
307,72,2.0,1186173251
34,4369,3.0,1162050120
139,6333,2.5,1453924191
227,32,4.5,1447210296
522,72998,1.0,1388124675
217,1371,4.0,955940968
105,95654,5.0,1446572538
552,3798,3.0,1112151346
593,500,2.5,1181007988
580,1961,4.0,1167790390
480,48780,4.5,1179163006
362,296,5.0,1530637210
534,1291,4.5,1459787998
84,1010,3.0,860397598
14,552,3.0,835441558
415,175,4.0,1382469687
18,6333,4.0,1464994734
338,1221,5.0,1530148346
274,101,3.5,1250200353
432,66203,3.0,1335139518
305,109374,5.0,1460135536
177,7004,3.0,1435536347
305,377,4.0,1460136526
422,2568,1.0,989716081
517,48738,1.0,1487953684
280,2447,3.5,1348533503
602,39,5.0,840875757
45,2108,2.0,951170390
132,38061,2.5,1329983541
117,316,3.0,844162811
140,2819,3.0,942840891
249,161131,4.0,1479071238
305,1645,2.5,1522360004
177,8965,3.0,1435525792
182,481,2.5,1055153245
325,193,3.0,1039396665
380,136020,4.0,1508109524
292,56174,3.5,1219625140
571,1341,3.0,966900723
4,3996,4.0,986849130
288,5945,4.0,1066059102
437,493,4.0,859721693
325,2302,3.0,1039395597
292,2993,4.0,1323631954
323,22,3.0,1422640551
365,61132,3.5,1488332877
401,5218,3.5,1514347527
72,356,4.0,1217324762
309,898,4.5,1126452119
375,1610,4.5,1225314353
275,3408,5.0,1049077502
288,151,4.0,1079984467
83,7387,2.0,1333842261
545,33794,3.5,1240358363
599,3255,2.5,1498516714
98,53464,2.5,1532457575
288,34162,4.0,1174395858
414,4231,3.0,1005067053
433,50,5.0,1506823884
91,866,4.0,1112711693
186,1391,4.0,1031080176
177,296,5.0,1435530409
143,1721,4.0,1444880204
40,318,5.0,832058930
132,1035,3.5,1157922959
567,106491,0.5,1525289887
105,34048,3.5,1446749836
474,670,4.5,1119537246
474,5771,0.5,1053021898
28,6565,3.5,1242288458
380,88744,5.0,1493420738
232,73515,3.5,1269572651
386,786,3.0,842614033
219,364,5.0,1194931867
477,1274,5.0,1200943136
461,260,0.5,1505935283
99,555,4.0,829828007
177,58559,5.0,1435523703
603,1053,3.0,953925191
448,78893,1.0,1315753825
503,92509,1.5,1335219952
95,5816,3.0,1053153706
346,4865,3.0,1094646878
474,6832,3.5,1089386587
489,357,4.5,1332772700
23,1213,3.0,1107164469
368,2322,3.0,971277181
222,5952,3.5,1391350288
600,8874,4.5,1237742365
318,648,3.0,1282588674
177,31696,2.5,1435526241
237,32,5.0,1411233598
275,3362,5.0,1049078088
355,2951,4.0,974965307
177,4700,4.0,1435525215
610,34437,4.0,1479544439
301,2011,2.5,1211378463
198,3386,4.0,1034139066
117,595,4.0,844162793
27,2529,4.0,965149571
322,3451,3.0,1217675147
265,1356,4.0,965315001
534,97836,4.0,1459787997
603,2877,3.0,953927084
28,30812,3.0,1242288990
514,6639,4.0,1533945614
488,6773,3.0,1112382481
354,45720,4.5,1200953521
448,73017,4.0,1310216014
249,68793,2.5,1430482919
28,2580,3.5,1234335075
602,535,1.0,840876032
480,1259,3.5,1179178319
477,33794,4.0,1200940126
232,5106,1.5,1218171143
387,5294,3.0,1163921192
608,1274,4.0,1189471203
380,130490,3.0,1508109696
534,70305,3.5,1459796557
606,223,4.5,1171322828
236,1982,5.0,943013896
181,416,1.0,845470762
6,362,3.0,845553994
542,1653,4.5,1163386512
63,588,4.0,1443200252
448,1378,3.0,1019124528
590,2409,4.0,1267238430
2,48516,4.0,1445715064
260,3424,4.5,1109411083
596,1466,3.0,1535833939
425,3081,4.0,1106483092
51,616,4.0,1230932567
62,8972,3.5,1521490406
311,2355,3.0,1057854728
331,88129,5.0,1537158250
305,2010,5.0,1516131751
274,1920,3.5,1171827586
610,56782,5.0,1493850263
140,733,3.0,942844165
125,162082,3.5,1474569053
169,4373,4.5,1059428960
294,2382,1.0,966597308
520,4886,4.0,1326609354
422,4939,3.0,1007498024
438,7173,2.5,1113763777
333,3099,2.0,965671389
560,54286,4.0,1469647922
135,1515,2.0,1009691491
570,2028,4.0,1181477215
380,113573,3.0,1495388369
448,94070,2.5,1361039399
380,546,3.0,1494035920
428,8636,3.0,1111523950
298,6881,0.5,1447599621
380,61160,2.5,1494696399
558,5283,3.0,1035415701
79,3578,2.0,975282111
448,2642,3.0,1019124858
382,158254,1.5,1515162927
277,719,4.0,861812947
246,6539,5.0,1354125405
177,110553,4.0,1435837729
606,260,4.5,1171324078
414,1909,3.0,961514958
182,4577,4.5,1054782705
599,2404,2.0,1519140287
234,2987,5.0,1004408972
122,33004,4.5,1461561774
64,3489,3.0,1161559689
274,4306,3.5,1171494063
496,2394,3.5,1415165480
198,3499,4.0,1034207058
599,26792,1.5,1519342775
570,2683,2.5,1181477690
380,34072,4.0,1494071460
64,8464,4.0,1161520915
599,8905,2.5,1519234978
573,3114,5.0,1186722557
89,62008,3.0,1520409507
489,2989,3.0,1333234192
577,494,3.0,945967440
263,1639,4.0,1026158632
561,1552,2.5,1491091440
548,58559,5.0,1488250273
328,45517,2.5,1494211621
414,56587,2.5,1273977443
383,2445,3.0,943570197
483,1688,2.5,1215898546
221,2804,3.5,1119984123
455,34,4.0,836436023
260,1500,4.5,1109408309
440,3174,4.0,1237568737
42,1124,5.0,996258339
377,72998,4.5,1340347557
294,387,2.0,966596414
332,1835,2.5,1352673024
233,5952,4.0,1529333692
453,1183,4.0,972622737
491,597,4.5,1523207811
445,54286,3.0,1454621868
274,4728,3.0,1171785774
292,4776,2.0,1265679868
288,2040,3.0,976120462
460,1097,3.5,1359177501
560,2571,4.5,1469647800
276,370,5.0,858351214
586,59315,5.0,1529903173
356,3088,4.5,1229139767
51,1373,5.0,1230928837
448,102819,3.0,1490443736
558,662,5.0,1035416009
417,2712,5.0,1529283542
288,3448,3.5,1054569073
249,96728,4.5,1363314118
560,82459,4.0,1469654732
592,95,3.0,837350282
608,7346,4.5,1147794864
122,108932,4.5,1461561651
438,170,4.0,1105670474
411,224,1.0,835532508
419,4816,4.0,1350347650
212,3967,3.5,1490115182
410,4246,3.0,990728072
354,3578,3.5,1200869975
483,3534,2.5,1215897618
140,2070,4.0,1055092732
19,3484,2.0,965703269
226,500,3.5,1095662683
599,2657,3.0,1498521905
427,5127,4.0,1053071316
365,51662,3.5,1488333581
298,4343,2.0,1449592295
18,73017,4.5,1455749266
434,8961,4.5,1270606502
511,55908,4.0,1522154697
337,6,5.0,860255784
426,595,4.0,1451187515
532,593,4.0,1025570401
571,1924,5.0,966901105
606,32649,4.0,1183631125
529,736,4.0,855583216
346,6286,3.5,1125857676
484,1968,4.0,1342294842
580,3052,3.5,1167792439
484,724,3.0,1342297881
458,1073,2.0,845652300
140,5959,3.0,1080239050
606,4653,3.0,1209233868
448,2533,2.0,1041617295
572,1233,5.0,946482626
28,5055,2.5,1242289767
63,1527,3.5,1443200201
177,1094,3.0,1435534569
387,2804,4.0,1095040713
610,137857,4.0,1493846975
260,5971,4.5,1109409550
220,6,3.5,1230061735
517,95167,2.5,1487954437
280,50912,4.0,1348534106
294,3543,3.0,966595276
105,3198,4.0,1448210238
275,5329,3.0,1049077324
299,1961,4.0,974620129
144,527,3.5,1136812705
415,3730,4.0,1382470210
606,1663,2.0,1171230095
527,2470,5.0,1033175858
177,46578,4.5,1435524393
136,435,3.0,832449365
202,1206,4.0,974925048
119,106782,4.5,1449440654
599,6614,2.0,1519351593
317,112556,3.0,1430365296
198,368,4.0,1034207438
597,2950,3.0,941640006
50,6539,3.0,1514238028
125,2318,3.5,1474495364
527,4799,3.0,1033175173
263,3996,4.5,1120071538
599,1219,3.0,1498526185
477,1527,4.0,1200939889
356,55830,3.0,1229142136
292,2501,4.5,1245511366
414,3841,2.0,968165572
91,2019,4.5,1112711080
414,6287,2.0,1079901592
596,1046,4.0,1535832744
331,7445,2.0,1537158298
188,2858,3.0,962559768
410,4225,4.0,990728019
179,480,4.0,840907561
282,1466,4.5,1378491710
317,74545,4.0,1430513635
435,2302,4.0,1366675828
593,1449,3.0,1181007223
177,4155,3.0,1435525825
384,2355,4.0,996440857
351,60857,3.0,1328722820
401,239,4.5,1510450952
509,6541,3.5,1435993828
318,33903,3.5,1268585915
376,33794,4.0,1364994643
317,81788,3.0,1430514452
68,4571,3.5,1158533156
474,5353,3.0,1046887386
282,68157,3.5,1514068432
274,31658,4.0,1217201393
504,1797,4.0,1064450404
263,357,4.0,941590574
495,112290,4.5,1458636590
599,1339,2.5,1498517659
590,61132,3.0,1258427981
265,2322,4.0,965315248
610,42718,3.5,1493849756
294,70,4.0,966595946
275,372,5.0,1049076745
221,58,4.5,1111176234
249,8807,4.0,1355677518
141,1210,4.5,1513129848
288,7361,4.5,1110812056
414,61406,4.0,1511540907
514,4855,4.0,1533872502
352,2706,4.5,1493673548
599,619,0.5,1519349549
260,2692,4.5,1109410646
288,1029,3.0,978469270
380,1064,4.0,1493668095
525,3751,3.0,1476479375
580,3698,3.5,1167861040
43,661,5.0,848994617
312,1289,5.0,1043177200
232,5449,2.5,1218169549
591,2861,4.0,970524920
474,1810,2.5,1081862512
275,3925,4.0,1049076865
221,32770,4.5,1121365189
447,293,5.0,836961106
551,5445,4.0,1506129018
211,858,4.5,1350912929
232,38038,2.5,1182910140
23,750,3.0,1107164374
303,3703,5.0,1053303210
360,1620,5.0,884997768
570,1193,3.0,1181477509
34,2571,3.0,1162048690
199,903,3.0,940379738
274,8947,2.0,1171826849
599,1091,1.5,1498505023
608,1020,2.5,1117505005
448,7000,2.0,1074423579
604,253,5.0,832079869
453,2582,5.0,972621909
414,4565,3.0,1008691238
484,595,5.0,1342295880
608,2011,2.5,1117504454
306,122884,2.0,1518327323
21,4489,4.5,1441393840
44,1405,4.0,869252043
63,97913,5.0,1443348579
305,140110,4.0,1460134184
600,5459,2.5,1237761474
318,127180,4.0,1422789138
590,500,2.5,1258420556
361,3916,5.0,1204045164
216,4034,5.0,982169907
606,931,5.0,1171363287
602,288,3.0,840875647
280,6863,3.5,1348533052
380,30793,2.0,1494071273
414,3147,4.0,963322341
610,139644,4.5,1493846253
610,6708,3.5,1493847441
68,379,3.0,1269122944
134,595,5.0,832841046
290,2915,4.0,974942824
456,32,3.0,856883308
561,49272,3.0,1491090965
225,2361,1.0,949111637
606,1480,3.5,1171757443
147,168,0.5,1203267725
307,6687,1.0,1186260496
313,1377,4.0,1030556499
28,31420,2.5,1242290865
219,6377,3.5,1194686087
280,8638,4.5,1348534032
372,229,4.0,874416196
28,7263,3.0,1240211839
122,4979,5.0,1461561706
226,2011,4.0,1095713170
15,3753,3.0,1510571680
140,5048,3.0,1028043033
387,4015,3.5,1117431026
150,628,3.0,854203229
35,231,3.0,830939488
446,231,1.0,843839168
169,1407,4.0,1078284845
260,1148,4.5,1109410561
514,134130,4.0,1533872649
64,2502,4.5,1161519727
408,99112,5.0,1467361602
387,6807,4.0,1094876274
523,7153,5.0,1503125897
414,4067,4.0,986219470
489,1784,4.5,1334170115
534,2174,4.5,1459787997
448,26870,2.0,1136651997
183,1214,4.0,992331285
414,135536,2.0,1489537034
186,1334,5.0,1031080064
274,111,3.0,1171409239
122,103253,4.0,1461561811
572,3011,3.0,945890658
588,204,2.0,839317108
125,5218,3.5,1474289877
232,2078,3.0,1076956629
51,2023,3.5,1230932337
332,4993,4.0,1352672138
313,1320,3.0,1030475022
305,6709,4.5,1460303447
89,181065,4.0,1520408963
74,3089,5.0,1207501351
222,6942,3.0,1391351283
603,910,4.0,953926507
331,1676,4.0,1537235373
354,380,4.0,1200870155
68,4447,4.0,1158532961
261,48780,4.5,1404881374
298,6188,3.0,1449592198
89,3599,3.5,1520408480
445,8014,4.5,1454621884
65,64614,4.5,1494802276
552,3155,2.0,1112151386
139,61240,3.0,1453924952
212,33004,4.0,1490203104
111,55276,4.0,1519339024
313,2916,3.0,1030474727
298,76060,2.5,1466277943
122,103341,5.0,1461562446
573,88744,4.5,1341797629
466,260,1.5,1439885060
161,1289,4.5,1176746778
410,1073,5.0,990910213
39,924,2.0,974787586
219,3979,1.5,1195944840
474,6869,3.0,1100292048
480,3618,5.0,1179165551
610,8910,3.5,1493849401
552,2571,4.5,1112151193
200,3825,3.5,1229889846
91,1201,4.5,1112716602
599,4902,3.0,1498523741
316,2683,3.0,1111493414
199,1641,4.0,940372348
405,1222,4.5,1295912972
599,5988,2.5,1519353437
249,4018,3.5,1356439453
132,6539,3.0,1157920895
305,8917,1.5,1511718642
266,2253,1.0,945044723
198,4448,2.0,1039796861
369,368,3.0,1237082125
288,2642,2.0,976138420
294,3146,1.0,966596470
414,45635,3.0,1216149238
470,6,3.0,849843318
453,10,2.0,972621985
567,74791,3.5,1525286106
268,2001,2.0,940183153
602,171,3.0,840876566
414,143355,4.5,1511535813
227,59315,4.5,1447210146
514,2902,3.0,1533944811
448,3034,4.0,1019126674
414,72226,4.0,1273976976
199,1101,2.0,940380107
338,34405,3.5,1530148351
506,52975,3.0,1424487081
606,5339,3.5,1171756904
471,4973,4.0,1496669566
153,4014,4.0,1525548802
62,135143,4.0,1521489754
483,98809,4.5,1364849161
608,32302,4.0,1147794890
99,296,5.0,829828006
448,88163,3.5,1358608911
466,73017,4.5,1439915534
414,3556,4.0,978619731
344,68954,5.0,1420496954
18,924,4.0,1458516291
465,2987,4.0,959895860
221,4262,4.0,1119984534
177,117176,3.0,1435720730
28,1136,3.5,1234338716
290,912,5.0,974938151
330,1196,5.0,1285904568
541,434,3.0,835642985
561,54286,4.5,1491091001
610,56145,4.5,1493845638
222,1954,3.0,1391349739
62,4995,4.5,1521822370
274,8906,3.5,1172365290
22,7361,3.5,1268726531
428,7438,4.0,1111487713
365,97225,2.0,1488333353
318,49530,3.5,1256504587
599,1449,3.5,1498798194
23,6989,3.5,1107164073
144,2710,3.5,1137323951
64,647,3.5,1161620706
567,92938,1.5,1525289189
288,1017,4.0,978467780
259,368,1.0,1146845370
511,50601,3.0,1522155907
316,344,4.5,1111493489
42,805,5.0,996218329
560,54881,3.0,1469655042
147,466,4.0,1203267705
600,24,2.0,1237707977
448,1370,3.0,1019142275
610,3793,3.5,1493844700
184,193565,3.5,1537098554
298,6711,3.0,1447560578
599,170,3.0,1498525675
387,53953,3.0,1183271823
298,71282,3.0,1447517332
182,1805,4.0,1055153233
586,3578,5.0,1529899284
393,778,0.5,1430506242
561,260,4.5,1491090699
151,656,3.0,855947672
586,81847,4.5,1529903135
200,5610,2.0,1229877889
479,1265,5.0,1039362608
19,3052,3.0,965706163
395,158,3.0,841503965
474,5341,3.5,1088426715
466,54286,4.0,1439885206
525,4963,4.5,1476479350
57,3740,4.0,969754569
73,76293,3.5,1464197993
20,3512,3.0,1054037253
414,1729,3.0,961517101
477,3973,0.5,1201158698
263,2805,2.0,940383349
466,56174,4.5,1439915506
294,3168,4.0,966634030
474,6412,3.5,1189990914
555,804,4.0,978744726
480,2167,3.0,1179178605
484,2805,2.5,1342298552
305,6947,4.0,1519637545
418,2012,3.5,1461868149
288,6059,3.5,1071523172
477,910,3.5,1200949130
387,41566,3.0,1135994028
380,118696,3.0,1495388181
570,3114,3.5,1181477835
514,1974,2.0,1533874660
170,315,3.0,840472997
600,8633,4.0,1237714281
318,79695,3.0,1325441990
202,2118,4.0,974924887
111,3177,4.0,1516151963
305,1729,3.5,1518768025
217,1831,3.0,955941385
133,588,3.0,843490845
1,3448,5.0,964984054
525,99149,4.0,1476478440
483,6947,4.5,1178358538
475,5952,5.0,1498029355
249,50794,3.5,1355677492
570,589,4.0,1181476984
474,5446,4.5,1087831859
448,3388,2.0,1019563896
538,3671,4.5,1307845499
469,589,4.0,965333794
326,3147,4.5,1437419286
28,37731,2.5,1234570516
212,103372,2.5,1490203305
509,79132,3.5,1435998083
288,2866,3.0,980534725
275,2470,2.0,1049077179
425,1552,4.0,1085490691
309,2202,5.0,1086564783
334,597,3.5,1234629934
448,2985,4.5,1164622139
302,786,4.0,854472122
101,2337,3.0,968443714
599,237,2.0,1519342967
352,79132,5.0,1493674058
105,8511,4.5,1447537575
553,4011,5.0,1219559269
500,2572,3.0,1005527406
555,318,5.0,978840009
606,2340,4.0,1171814850
474,910,4.0,1076347375
489,79057,3.5,1333297110
78,8528,4.5,1252574829
455,288,2.0,836436000
381,3254,3.0,1167543670
523,65261,5.0,1503126302
480,293,4.5,1179178211
307,337,3.5,1186161582
18,1208,3.5,1455051397
580,5991,2.0,1167790126
221,492,4.5,1111178234
599,2598,2.0,1519245043
572,2987,2.0,945887727
368,4007,3.0,975805443
202,999,4.0,974926168
387,7581,3.0,1095121085
483,3000,5.0,1178211512
324,3893,4.0,974906585
380,7153,5.0,1493419769
546,2533,2.0,973588592
249,8783,3.5,1354895807
91,4645,4.5,1112717833
371,55167,5.0,1407692401
370,1196,2.5,1159162861
372,1240,3.0,874415328
17,81932,3.5,1305696681
521,86,4.0,852713380
182,5131,4.5,1055155058
18,37729,4.0,1455049923
582,68157,4.0,1446794177
596,4995,3.0,1535708291
130,344,4.0,832589546
105,127052,5.0,1447411223
599,8961,2.5,1498518350
234,2142,3.0,1004409503
438,36276,1.5,1142805083
483,46976,3.5,1185098249
462,55156,4.0,1408390433
265,110,3.0,965316446
79,1196,5.0,975281343
597,1135,4.0,941641183
474,3011,4.0,1047054405
89,109596,4.0,1520409083
153,1961,3.0,1525548831
606,7151,4.5,1171407861
610,86295,3.0,1493849282
488,7619,3.5,1112382358
449,2858,4.0,1053200226
610,1454,3.5,1479542848
204,293,4.5,1327183178
428,4369,2.5,1111525230
448,2709,4.0,1019126888
610,26169,5.0,1479545037
359,2407,3.5,1192499103
290,1219,5.0,974937993
590,2081,4.0,1258416854
57,1256,5.0,965795827
334,318,3.5,1225480725
477,82242,5.0,1293690475
57,2000,5.0,965798085
610,27904,3.5,1479542824
600,296,4.5,1237712505
573,6378,4.0,1186722628
561,68954,4.5,1491090847
105,5810,3.5,1446750482
604,208,3.0,832079869
62,2012,4.5,1521822475
387,8366,3.5,1095119692
339,1178,4.5,1460868619
274,7247,3.5,1171827683
458,39,4.0,845653086
200,5524,3.0,1229878346
23,334,4.0,1107164085
597,1722,3.0,941729576
308,56174,1.0,1421374158
448,7458,3.0,1143893844
287,5791,4.5,1110231568
134,434,3.0,832841103
495,1208,4.5,1458635536
606,6218,4.0,1173570337
313,2006,3.0,1030556008
274,7022,4.5,1171172604
417,858,5.0,1529283518
202,11,4.0,975013705
474,1882,2.0,1046881363
50,92427,1.0,1518168338
202,920,4.0,974924428
91,1608,3.0,1112713672
474,6545,4.5,1073508736
270,5,3.0,853918793
480,4033,4.0,1179163625
560,485,3.5,1469648914
484,1682,4.0,1342294918
129,541,3.5,1167376597
140,953,3.0,942842215
419,90943,5.0,1372972779
288,6786,4.0,1101506981
318,5838,4.0,1483184570
59,2968,5.0,953610660
249,50442,3.5,1346754830
599,75,1.0,1519353713
47,56587,4.0,1496206457
116,1569,3.5,1337195952
603,2533,4.0,953927060
177,71264,3.0,1435836802
358,81591,2.0,1339539299
121,225,3.0,847656062
415,1580,3.5,1382470352
431,163,3.0,1267051787
426,68954,2.5,1451080759
562,93840,5.0,1368892476
291,7153,3.0,1464337115
427,5009,2.5,1053071036
570,1079,4.0,1181477899
365,5464,1.5,1488594774
139,3793,3.0,1453924104
38,357,5.0,841341428
247,858,4.0,1467643901
274,4262,5.0,1171409417
518,24,2.5,1056907643
414,2922,4.0,961436216
45,3253,4.0,950740394
600,3752,3.5,1237851137
50,26422,3.0,1527799940
448,109183,2.0,1494080375
125,143355,3.5,1513697325
160,1997,5.0,986319784
411,327,1.0,835532890
105,108727,4.5,1448647827
492,637,4.0,863976101
387,1273,4.0,1145685659
7,8373,2.0,1108602792
69,3175,5.0,1021643895
507,356,4.0,838964648
268,2019,5.0,940180858
385,277,3.0,834693582
234,648,4.0,1004408285
305,61132,5.0,1460135832
524,1225,5.0,851609623
16,3108,4.0,1377476635
382,1003,3.5,1515172339
368,1556,1.0,971277412
68,58293,4.0,1269122411
46,316,4.0,834787757
25,231,4.0,1535470451
495,46578,4.0,1458635407
349,500,3.0,834751177
318,105197,3.5,1414693754
608,1466,4.5,1117162464
477,3809,4.0,1200943098
564,45720,3.5,1478454535
387,1923,3.5,1094878004
581,44191,4.5,1447007453
62,150548,5.0,1521490527
381,47,2.0,1166980226
338,5445,2.0,1530148457
380,164179,4.0,1494278593
288,838,3.0,978559679
474,647,3.0,988579881
221,2710,3.5,1111177400
241,3083,4.0,1447540419
68,2985,3.0,1233381010
125,33145,3.0,1474414919
474,4641,4.0,1046809155
122,6957,4.5,1461562716
414,112556,4.0,1485656677
232,33836,2.5,1218170303
63,8874,5.0,1443199966
217,608,5.0,955942801
171,1197,4.0,866905763
408,318,4.5,1470901532
414,8622,4.0,1089043876
477,4973,4.5,1200939429
131,1193,3.5,1349840190
288,30810,4.5,1136924336
290,3168,4.0,974942150
237,36529,4.0,1410632360
105,35836,3.0,1446571627
427,1208,5.0,1053068859
129,2987,4.0,1167376685
160,3263,3.0,971117745
412,2628,4.0,939563056
191,237,1.0,829760897
599,1431,0.5,1519185879
526,778,4.0,1502132900
368,2668,3.0,971273912
452,380,5.0,1019580751
417,1704,5.0,1529284319
309,4326,4.0,1126452392
599,51024,2.0,1519344614
137,1267,3.5,1204859004
561,3489,3.0,1491092317
529,1073,3.0,855583292
182,600,4.0,1055153489
314,924,5.0,845285383
432,780,1.5,1316391462
380,96737,5.0,1493420853
601,1721,4.0,1521398191
21,2700,2.5,1419025163
57,1028,4.0,969753499
42,122,3.0,996221451
346,1704,3.5,1125858192
57,608,4.0,965796686
517,1020,2.0,1487962903
307,2003,2.5,1186162140
103,60756,4.0,1431955403
418,98809,4.0,1461868084
19,1198,5.0,965709394
135,1265,5.0,1009691846
519,59369,5.0,1518478923
483,56174,3.0,1307314069
266,2000,3.0,945670386
413,99114,4.5,1484439606
312,1644,1.0,1043175598
503,527,4.0,1335219018
610,31364,5.0,1479545156
11,349,5.0,902154342
57,515,4.0,972173777
414,3510,4.0,975683151
483,89745,4.0,1415576449
39,1287,4.0,974789232
113,804,3.0,980051922
555,2522,3.0,980124510
603,2840,1.0,953926303
64,6214,4.0,1161530839
438,5669,3.5,1113763737
221,7698,4.0,1119984422
144,2571,4.0,1137323508
51,93,3.0,1230931640
387,1610,3.0,1095116423
602,163,3.0,840876620
140,1343,3.0,949667094
561,122882,4.5,1491091283
265,2429,3.0,965319538
464,32,3.5,1275548714
1,1089,5.0,964982951
583,1732,3.5,1481474236
307,8011,4.0,1204234913
414,134130,5.0,1485656565
448,119155,2.5,1453059806
399,356,5.0,1167220295
177,6765,3.0,1435525877
264,5952,4.5,1136978216
474,5994,4.0,1130961748
114,81834,3.0,1485387866
348,4368,3.5,1378850125
362,1625,4.0,1530637473
555,2572,3.0,978746874
317,1485,2.0,1430517356
446,588,3.0,843839149
384,587,3.0,994038784
292,82854,1.5,1307317730
559,524,4.0,845476569
448,34048,3.0,1164491787
608,6104,4.0,1117415687
198,1644,3.0,1034139198
419,1090,4.0,1321766180
599,8477,4.0,1498533063
584,48,5.0,834988006
182,1597,4.0,1055153318
6,711,4.0,845555317
153,56715,4.5,1525549118
561,4121,3.0,1491092403
448,4634,3.0,1028110767
540,2571,4.0,1179108880
211,2858,4.0,1350913010
290,1446,4.0,975031312
296,2028,4.5,1532993839
381,2329,4.0,1200823794
484,47640,4.0,1342368505
354,1225,4.5,1200941432
434,70286,5.0,1270604417
122,1263,5.0,1461562766
305,102125,2.5,1460366341
491,180231,4.0,1523207493
268,2716,4.0,940182508
247,593,4.0,1467644099
581,2324,4.5,1447007086
381,45186,3.0,1164383055
280,4878,3.5,1348532459
21,1573,2.5,1452052059
381,51662,3.5,1173650257
590,5816,3.5,1258421536
186,919,5.0,1031079112
144,10,3.0,1137323629
459,2571,4.0,1520232948
93,1676,4.0,942946677
304,2906,2.0,939522830
212,4306,4.0,1523216459
480,2987,4.0,1179177730
526,2028,3.0,1502131903
610,82667,4.0,1479542990
414,1542,4.0,961438327
551,6377,4.0,1504321031
275,3983,5.0,1049077440
599,103366,2.0,1498531411
483,51255,5.0,1199992406
232,1580,3.5,1218165957
509,296,3.5,1436101835
241,1206,4.0,1447536471
428,2916,3.5,1111489648
608,1214,4.0,1117491494
599,57368,3.0,1498522039
356,1704,4.5,1229142888
91,4027,4.0,1112713755
345,3247,4.5,1342826796
209,122886,3.5,1524607732
448,2567,4.0,1019127600
274,66427,3.0,1241762662
610,51666,2.0,1493848680
29,48774,4.5,1307906679
19,2465,1.0,965705405
590,3254,3.0,1258418735
66,21,4.0,1113190363
469,2289,4.0,965336980
321,802,5.0,843212681
426,3408,5.0,1451081206
64,5291,4.5,1161531091
306,92391,2.0,1518327261
226,480,4.0,1095662485
105,8638,4.0,1446572158
217,437,2.0,955945401
280,500,3.5,1348435854
233,183897,3.5,1536181590
448,3072,3.0,1019127505
288,1196,4.5,1079984551
125,164909,4.0,1489005105
410,1220,4.0,990910395
334,60126,3.0,1260653628
147,1396,4.0,1203267732
325,4239,4.0,1039397868
587,1292,4.0,953138131
360,1647,2.0,884997699
6,201,3.0,845556290
474,4214,2.0,988580397
7,588,3.0,1106635971
7,3994,3.0,1161738301
414,2716,5.0,961436763
474,2634,3.0,1066055050
425,2470,3.0,1085490830
477,588,3.0,1200939653
8,282,3.0,839463767
111,7373,3.5,1516141065
520,48385,3.5,1326681384
382,165101,3.5,1515248217
318,4519,4.0,1275845398
294,2136,3.0,966596438
19,1210,3.0,965709445
517,1029,4.0,1487954350
7,5989,4.0,1106636600
274,886,3.0,1172031009
357,2421,3.5,1348628259
230,1676,3.0,1196305099
486,546,3.0,839537323
410,2351,5.0,990807554
608,3270,1.0,1117674546
111,175577,1.5,1517440862
474,420,1.0,1047055176
603,3148,4.0,963179685
571,1976,3.0,966901209
600,2054,3.0,1237715309
140,1674,5.0,967048906
184,136562,5.0,1537107367
577,608,3.0,945966702
444,273,4.0,832678415
382,2643,2.0,1515174126
610,37733,4.0,1493845278
19,911,3.0,965705725
414,5151,4.0,1034001717
298,293,3.5,1447597770
610,112818,3.0,1493848354
82,6953,2.5,1084788185
274,2916,3.5,1171511524
84,1028,4.0,858772136
432,48516,2.5,1315244545
581,7153,4.5,1447007091
580,37733,4.0,1167674568
219,165,4.5,1194827009
233,356,5.0,1524781243
587,2797,5.0,953138300
555,3695,3.0,978823527
590,1964,3.5,1267238107
477,32029,3.0,1279499473
603,858,5.0,953926758
482,1968,4.0,1105396846
23,1193,3.5,1107163763
480,8861,2.0,1179166241
448,98836,2.0,1393782241
600,362,2.5,1237713550
217,2393,3.0,955940927
422,3365,4.0,986173413
41,1721,5.0,1458939738
288,1592,1.0,978470200
89,6783,3.0,1520408424
16,4226,4.5,1377476925
235,377,5.0,841422446
15,780,3.5,1510572881
105,134041,4.0,1447579826
334,30810,2.5,1354983624
160,858,5.0,1058456802
482,8360,5.0,1105396428
256,318,5.0,1446579711
596,1200,3.5,1535709667
512,208,3.0,841449308
525,8622,3.5,1476476815
542,7451,4.5,1163388800
62,6365,5.0,1521489359
499,40826,4.0,1289960223
160,5502,4.0,1065992029
238,4917,4.0,1007932138
480,3355,4.0,1179165372
474,5329,3.5,1053021527
123,104913,3.5,1447292488
113,4109,1.0,980087693
84,507,3.0,860398337
382,47124,3.5,1515173781
381,8641,3.0,1167543029
19,2642,1.0,965704033
41,52973,3.5,1458940187
377,4195,5.0,1340342648
170,296,2.0,840380834
599,2966,3.5,1498797730
509,5971,4.0,1435992329
288,1275,2.0,976138271
111,165843,4.0,1517439943
606,431,4.0,1173570309
438,1060,3.5,1126752850
174,539,5.0,848487075
240,427,2.0,849122924
84,154,3.0,858771818
477,2664,4.0,1200946747
318,106648,3.0,1442351142
356,5989,3.5,1229143174
331,3752,3.0,1537158046
414,78467,1.5,1294085477
469,1544,1.0,965334893
17,110,4.5,1305696470
503,94130,3.5,1335219376
391,1291,4.0,1030827923
288,5630,4.0,1055953844
606,2311,4.0,1171326048
359,2530,3.0,1192499889
561,122900,3.5,1491091319
605,51662,3.0,1277095823
268,1077,4.0,940173888
590,3175,2.5,1258421316
307,2798,2.0,1186172632
21,1198,4.0,1417378082
305,53519,4.5,1460136737
448,71464,3.0,1313949654
287,1972,0.5,1110230274
28,1459,2.5,1242290702
214,62,3.0,853937855
86,6539,4.0,1344082601
307,2160,3.0,1186162840
480,474,3.0,1179162365
62,79357,4.5,1526076526
254,48883,3.5,1180563803
559,480,5.0,845475863
359,2990,3.0,1192499697
602,432,1.0,840875801
330,350,4.0,1285905474
380,1036,5.0,1493474088
129,30793,3.5,1167376460
152,63876,3.5,1450867867
167,33493,2.0,1154721732
504,342,3.5,1063644453
599,4558,2.5,1498516955
99,165,5.0,829828005
577,2815,2.0,945966559
474,3135,4.0,1115125983
298,140711,0.5,1478816387
605,56171,3.0,1277176576
103,1093,3.5,1431968141
240,165,5.0,849122096
464,5989,5.0,1325594530
450,3363,4.0,974705828
87,3504,4.5,1270703073
382,94985,3.5,1515171759
420,2617,3.5,1218207873
600,7318,0.5,1237759511
110,2428,1.5,1175329501
305,4002,3.0,1520889135
20,2087,4.5,1054038136
392,1127,3.0,1027524262
282,1270,5.0,1378490467
19,1690,1.0,965703885
490,74946,1.0,1328145596
64,586,3.0,1161521273
68,1573,3.0,1158532225
452,3273,4.0,1013398044
141,3752,3.5,1513132421
387,48780,4.5,1174624345
305,106918,5.0,1460563900
586,86298,5.0,1529903472
199,497,3.0,940372513
199,1358,4.0,940372549
474,41285,3.5,1165539936
73,91542,5.0,1464282920
390,1091,0.5,1250274515
111,102720,3.5,1516153315
600,2,4.0,1237764627
606,7698,3.5,1171820460
307,3252,3.0,1186163099
599,90428,3.0,1519124935
268,334,5.0,940180612
474,3755,2.5,1089387461
48,2353,3.0,1127128708
414,2411,3.0,961516376
64,2657,4.0,1161521582
387,903,5.0,1094875275
495,112852,5.0,1458635410
408,94864,2.0,1467371826
351,27773,3.0,1328625583
492,104,4.0,863976055
63,88140,4.0,1443200372
603,3702,4.0,963177144
28,8970,3.0,1236313795
482,1573,4.0,1105396840
599,2937,2.5,1498514249
395,374,3.0,841504841
474,898,4.0,1077028750
61,318,5.0,1145532707
414,382,3.0,962372073
590,4246,2.5,1258417984
307,3478,2.5,1186085835
177,2915,3.0,1435534988
306,60069,5.0,1518326983
294,1078,3.0,966595998
453,5349,4.0,1034602292
448,77421,2.5,1320489018
82,2987,3.5,1084468057
57,305,3.0,972175617
18,33004,3.0,1455050852
561,1608,2.5,1491094346
305,3578,5.0,1460135663
599,68358,3.5,1498501835
274,58803,2.0,1239122314
594,1580,4.5,1109036895
448,138208,3.5,1443733663
279,68237,4.5,1506394778
243,181,3.0,837155479
356,53956,3.5,1229140216
599,1726,2.5,1498517995
489,4270,3.0,1332774811
274,4776,3.5,1248336545
599,6287,1.5,1498504158
517,1566,0.5,1487957124
572,1610,5.0,946485894
474,2572,2.5,1087832512
62,56775,3.5,1521490102
387,2404,2.0,1202222882
451,608,5.0,854089243
217,1550,3.0,955945321
113,779,3.0,980051988
606,1081,4.5,1171501305
559,520,3.0,845476218
200,4369,3.5,1229887735
600,145,2.5,1237711800
599,3624,2.5,1498517522
307,3147,4.0,1242825840
498,216,5.0,839197392
171,485,5.0,866905683
525,2997,4.5,1476477549
73,69644,1.0,1464198312
279,51935,3.0,1506395921
437,1094,3.0,859721662
603,2356,1.0,963178488
156,25,4.0,1106854805
553,53322,4.0,1219555633
288,1958,3.0,975692634
68,480,3.5,1158531200
112,454,4.0,1513989944
263,2291,4.0,940384427
232,34520,2.5,1218169914
128,593,5.0,899032763
62,122886,4.0,1521488723
428,5810,2.0,1111524913
591,3005,3.0,970524787
274,4951,3.5,1171932089
239,4370,1.0,1221158863
343,527,5.0,1202061421
390,2571,4.5,1250335723
386,586,3.0,842610325
115,3052,3.0,966977811
148,134853,4.0,1482548516
234,552,3.0,1004408517
105,68237,3.5,1446571906
448,122924,2.0,1498162906
18,589,4.5,1455209793
346,7820,3.5,1133799346
590,588,4.0,1258416644
309,911,4.0,1126452246
350,1210,4.0,864941053
15,260,5.0,1510571946
137,7171,4.0,1204859227
414,1088,3.0,961514273
380,160954,3.0,1501787240
372,1351,3.0,874416280
391,1639,5.0,1030827466
45,2858,5.0,959624096
502,953,1.5,1111757227
517,82169,4.5,1487956708
361,47099,4.0,1204041708
282,3033,4.0,1514068482
414,1816,3.0,961518330
315,1251,4.0,939919421
352,30707,4.0,1493932060
313,2046,3.0,1030475208
605,2759,4.0,1277094954
288,765,2.0,980535650
269,783,4.0,850865522
89,4300,4.0,1520408997
232,32589,2.0,1218170982
305,296,5.0,1460135173
590,3869,2.5,1258420090
249,84152,4.0,1347318796
119,2571,4.0,1435942472
500,1777,3.0,1005528017
151,1359,4.0,855947643
546,1976,4.0,973588771
318,27266,3.5,1419080980
298,108932,3.0,1447599062
440,2359,3.5,1237568781
156,955,3.0,939853418
27,421,3.0,962685262
51,3471,5.0,1230929483
469,2324,3.0,965425423
284,10,4.0,832699451
610,112290,5.0,1479542817
542,6378,3.5,1163387349
122,3793,4.0,1461561497
274,57536,3.5,1217201667
477,2455,4.0,1200941927
182,253,3.0,1055157668
160,1620,0.5,1077748811
318,5989,4.0,1254132905
342,2688,2.0,1042822068
125,80549,3.5,1474569979
312,5816,3.0,1043177872
6,253,3.0,845553283
599,248,1.5,1519330797
577,2949,4.0,945967415
561,4085,4.0,1491091018
599,4585,2.5,1519178892
462,2871,4.0,1370129504
514,2786,2.0,1535944978
129,292,3.5,1167376332
377,86290,3.0,1340344027
603,1358,4.0,963179538
599,318,4.0,1498498867
217,1019,3.0,955942112
20,1688,4.5,1054038258
572,1396,4.0,945891664
387,1884,4.0,1095041539
83,480,3.0,1333843543
190,4306,3.5,1504310018
318,6870,4.0,1262804571
483,94780,2.5,1415577357
284,275,3.0,832787305
52,63113,4.0,1468051972
377,3726,4.0,1340345693
247,7438,3.5,1467644309
404,316,3.0,838375745
475,8371,4.5,1498030995
301,46578,4.0,1211378321
318,208,3.5,1261342696
432,7153,4.0,1316391638
555,2791,2.0,978744364
70,1959,4.5,1355184760
402,736,3.0,849598075
275,480,4.0,1049076170
426,356,5.0,1451080995
432,6365,4.0,1328232785
222,95449,1.5,1391347957
318,2502,4.0,1272569156
305,2528,3.5,1520341899
268,1625,3.0,940182580
599,111743,1.0,1498532368
91,1356,3.5,1112712058
177,2096,4.0,1435535288
68,111759,4.5,1526947629
603,2875,3.0,954482851
328,5299,4.0,1494211164
147,163,4.5,1203267696
174,300,2.0,848487060
438,3000,3.5,1105670203
414,2125,3.0,961513923
182,3742,4.0,1054781453
466,8665,4.0,1439915308
266,1476,4.0,945669581
466,64957,3.5,1439915661
182,2763,4.0,1054782201
474,2353,3.5,1081177871
564,102903,4.0,1478451778
606,1650,3.5,1171825433
600,2459,3.0,1237759694
16,1136,4.0,1377476972
353,204,2.0,831939843
590,3624,3.0,1258419738
437,302,3.0,859721556
73,88140,4.5,1464197386
195,3203,4.0,1008558036
599,4378,3.5,1498501601
357,1101,4.0,1348612212
28,48774,3.0,1234335493
599,3684,2.5,1519236545
572,1247,5.0,945890036
330,8874,5.0,1288837236
438,704,2.5,1105670663
284,165,5.0,832695146
603,1344,5.0,1002403424
68,902,3.5,1230498380
474,3524,2.0,1046887357
136,62,5.0,832449522
597,2916,5.0,941730164
50,104841,1.5,1514238848
590,4367,2.0,1267150717
534,4306,4.5,1459787998
25,91529,5.0,1535470498
490,5816,2.5,1324376639
105,84844,4.5,1446621911
244,1215,4.0,975091042
51,3809,3.0,1230930133
448,4447,1.5,1063369190
434,5618,5.0,1270607080
274,2539,3.0,1171759203
365,8644,3.0,1488332548
357,80489,4.5,1348627749
89,170837,4.0,1520409007
564,34162,4.0,1478451497
165,1210,3.0,1046741234
590,3977,2.5,1266472548
288,539,3.0,978559702
608,466,1.5,1117504476
418,106766,4.5,1461865850
279,166528,3.5,1506395297
318,41566,3.0,1262804474
140,8199,1.0,1117729294
587,1345,1.0,953136994
414,290,5.0,961516863
177,932,5.0,1435720785
82,3793,3.5,1084467455
66,2706,4.0,1093143957
599,44849,2.5,1498516275
187,5909,4.0,1161850313
380,3272,4.0,1494036265
28,3681,3.5,1234338535
122,8874,5.0,1461561501
212,4979,4.0,1512503977
517,1921,1.0,1487953780
490,1206,4.0,1328145207
307,3114,3.0,1186161488
608,407,3.5,1117506549
11,1100,3.0,902154621
489,7155,1.0,1333830959
268,1673,5.0,940180633
200,4973,5.0,1229885760
437,144,4.0,859721525
437,1396,4.0,859721718
243,193,5.0,837155377
28,8361,2.5,1234516204
421,953,5.0,1311494608
195,1921,2.0,974705766
409,3813,4.0,968985737
606,4306,4.0,1175637342
263,4992,4.0,1026158590
480,4255,3.0,1179166427
117,491,5.0,844163664
212,65261,3.5,1490115730
597,1479,2.0,941729825
610,54995,3.5,1493846178
264,150,4.0,1136978697
474,457,5.0,974667331
514,141994,0.5,1536381303
586,122900,4.5,1529899562
561,2273,2.5,1491091236
135,329,2.0,1009691746
66,4720,3.5,1093747566
42,2478,5.0,996259254
274,8836,4.0,1197190470
108,3795,5.0,1042840602
21,1270,5.0,1407617830
479,4372,2.0,1039367551
411,194,3.0,835533161
265,2289,3.0,965316218
596,1907,4.0,1535709651
410,164,3.0,990909417
3,3703,5.0,1306463603
68,3105,3.0,1158535471
64,30707,3.5,1161520729
525,1206,3.5,1476480148
105,26184,4.5,1446749639
381,7153,4.0,1200824344
610,142598,4.0,1493848878
307,1777,3.5,1186161886
298,2495,2.5,1450452376
610,7984,4.0,1495959169
368,1954,4.0,975828999
96,3033,1.0,964773251
603,2064,4.0,954482046
84,5,3.0,857653289
217,3197,3.0,956195257
317,2324,5.0,1430366063
599,1673,4.0,1498500190
599,761,2.5,1498513915
36,1278,2.5,1100803373
528,2002,3.5,1391734409
600,262,3.0,1237857429
318,78836,5.0,1447159301
491,2671,4.0,1531249044
68,6944,4.5,1158535363
5,153,3.0,847434802
525,2942,3.5,1476478464
313,3688,2.0,1030474547
608,1991,3.0,1117506777
275,2020,5.0,1049077245
74,31522,5.0,1207500333
68,3717,3.0,1158533581
525,4370,2.5,1476479396
51,3959,4.5,1230930118
191,17,5.0,829759809
469,2302,4.0,965336263
104,3489,3.5,1053336440
91,4351,3.5,1112716638
610,111759,4.0,1493845961
601,63082,4.0,1513712159
42,2169,2.0,996256228
555,1439,3.0,978746413
292,4102,2.0,1265679848
132,1271,3.5,1157923484
599,8531,2.0,1498511351
474,7835,3.5,1144882786
111,159441,4.5,1516153411
387,1945,4.5,1095489624
104,1999,0.5,1053336552
318,89492,3.5,1424797380
414,8376,3.5,1104766940
567,7301,3.5,1525285847
490,4144,4.5,1334940336
580,6583,4.0,1167673679
525,3052,4.5,1476477501
137,1270,3.5,1204859897
229,1,5.0,838144316
123,106920,3.5,1447292445
125,593,4.0,1474296735
246,1240,4.5,1354144941
462,4236,3.5,1201445899
594,2571,5.0,1109036795
30,1036,4.0,1500370436
610,3943,2.5,1493850543
234,1101,3.0,1004408226
258,2571,5.0,1534892420
199,1912,3.0,940544360
474,3361,3.0,978575819
91,3793,4.0,1112713489
414,53447,4.0,1273977697
573,2683,4.0,1248839896
572,2006,3.0,945888197
570,10,3.5,1181477300
201,2916,4.0,941212172
290,1096,4.0,974939571
448,941,4.0,1092830001
32,52,3.0,856736227
137,1994,3.5,1204859030
69,4022,4.0,1021647579
249,140711,3.0,1447719752
45,33004,4.0,1121724181
73,93272,3.5,1464198147
111,115149,4.5,1516141278
249,3997,2.5,1440669352
119,91529,4.5,1436007619
372,258,2.0,874416808
607,3499,5.0,963079420
387,6577,3.0,1188106402
249,152077,4.0,1469969083
74,5434,4.5,1207502943
339,55280,4.0,1460185992
504,1289,2.5,1064451607
301,4896,4.0,1211378854
288,1614,4.0,978559977
380,103341,3.0,1536873271
586,3114,4.5,1529899943
100,222,4.0,1100184420
430,6503,4.0,1057519280
597,2413,4.0,941641264
603,194,5.0,963179538
298,3861,0.5,1449592548
166,2987,3.5,1190828791
232,2501,4.0,1076956577
603,3459,4.0,963176828
387,327,2.5,1094939798
414,2313,4.0,961517212
380,7076,3.0,1508436433
368,1431,2.0,975830160
310,2657,2.0,1078649437
424,318,3.5,1457842711
514,4396,2.5,1534114332
365,86293,4.0,1489797261
117,380,4.0,844162744
362,1206,5.0,1530640263
474,3566,4.5,1081177351
352,90866,4.5,1493674691
603,1254,5.0,963177291
249,185029,4.5,1537293500
74,48698,5.0,1207499649
567,3424,4.0,1525284084
269,778,4.0,850865553
282,587,3.5,1378497040
284,224,3.0,832786529
169,4975,4.0,1059494091
249,88163,4.5,1347317835
391,2357,4.0,1032390007
163,1837,2.0,894217532
265,1375,3.0,965315177
446,10,3.0,843839232
610,3727,4.0,1495959265
153,1193,3.0,1525550558
573,4022,3.5,1186722443
196,733,5.0,1460954131
596,108932,3.5,1535709681
70,1303,4.5,1355198940
587,1373,4.0,953142126
182,2827,1.5,1127221088
563,72919,3.0,1441845841
177,45081,1.0,1435804553
534,62434,3.0,1459787996
184,171763,4.5,1537109198
318,73323,4.0,1293979929
414,434,3.0,961516047
129,5159,4.0,1167378246
474,3201,3.5,1126533560
249,152970,4.5,1518993126
145,434,3.0,832105242
20,2746,4.5,1054147419
125,52328,2.5,1474414706
482,27808,2.0,1105397164
362,6987,5.0,1532214154
414,3461,3.0,961437472
599,176419,3.5,1516604655
368,540,2.0,971277279
608,590,3.0,1117162615
217,1480,3.0,955935983
226,3255,3.0,1095749330
19,420,2.0,965708098
290,1224,4.0,974938560
198,185,4.0,1034138131
414,66665,4.0,1258247399
414,919,4.0,961516737
63,91529,5.0,1443199885
332,5291,5.0,1352672926
596,48780,4.0,1535709630
156,1219,4.5,1106855157
474,7093,3.5,1070286638
520,7036,5.0,1326688022
482,8981,4.0,1105397171
368,3654,3.0,971274866
425,30749,4.5,1163190822
590,4018,2.5,1258416770
275,4967,5.0,1049077469
600,3911,4.5,1237742408
600,208,2.0,1237852412
219,3452,2.0,1195944434
144,1291,4.0,1137323708
446,356,3.0,843839191
45,54286,4.5,1193288697
182,6062,3.5,1063274876
453,5266,3.0,1034602312
599,4732,1.5,1519178437
119,33615,4.0,1436007538
28,33660,4.0,1234341077
181,157,2.0,845470963
298,5349,2.5,1447598111
601,122918,4.0,1521467747
474,63433,4.0,1238350601
57,485,3.0,965797759
239,8368,4.0,1221158422
346,8405,4.5,1125859107
305,6016,5.0,1460135166
464,3527,2.0,1287398672
610,4369,3.0,1493845958
184,81845,4.5,1537098650
606,4148,2.5,1171821951
135,788,4.0,1009692784
50,3730,4.0,1525359104
180,315,3.0,1270237506
135,2273,4.0,1009691256
277,637,3.0,861812892
435,1193,4.5,1366676026
232,72489,4.0,1283133176
139,5419,2.0,1453925284
415,2997,4.0,1382470344
517,986,2.5,1487956303
495,4890,2.5,1458636396
474,8121,3.0,1131475321
307,52975,2.0,1200150428
525,8366,4.5,1476477022
484,2,2.5,1342296219
608,430,2.5,1117502398
51,3814,5.0,1230931031
186,2541,4.0,1031081454
474,8955,3.0,1118667186
483,34405,4.5,1215872591
82,158,1.0,1084463716
4,4902,4.0,1007569465
605,73,3.0,1277094964
287,1784,2.5,1110230998
199,492,2.0,1023654917
307,4477,4.0,1186086505
592,204,3.0,837350260
563,2,2.5,1447185161
144,5377,3.0,1136812901
292,44199,4.0,1442181612
483,6979,3.0,1178358831
449,2324,3.0,1053198934
136,551,3.0,832449883
294,3253,4.0,966595695
200,3623,3.5,1229886187
165,5993,2.0,1046741544
181,355,2.0,845469860
517,3176,2.5,1487953742
19,70,2.0,965704974
437,150,4.0,859721362
428,5504,0.5,1111524233
480,101,5.0,1179160947
469,3108,5.0,965425446
177,73017,4.5,1435524753
391,2696,5.0,1032390126
298,140110,1.0,1458649558
534,64167,3.5,1459793382
105,5171,3.0,1447538197
552,1028,3.5,1111473312
525,137337,2.5,1476477228
448,7573,2.5,1173560570
240,1356,5.0,849123370
41,4979,2.5,1458938813
97,858,5.0,1043382068
328,91529,1.0,1494211628
380,33794,5.0,1493423255
40,256,2.0,832059371
474,1693,3.5,1089386331
95,5378,4.0,1043339476
301,500,3.5,1211377883
448,155743,2.0,1485020411
140,440,4.5,1055093032
595,1199,5.0,938806980
45,1036,3.0,950741520
28,5955,3.0,1236319971
348,318,5.0,1378850179
380,338,3.0,1493668034
483,3481,3.5,1181495203
586,106696,5.0,1529899352
1,3489,4.0,964981775
68,2959,2.5,1158531333
288,3081,3.5,1054569630
177,5502,4.0,1435524479
455,589,3.0,836436146
304,1690,2.0,883381221
191,160,1.0,829760897
551,166643,4.0,1504316474
435,1676,3.0,1366675812
365,162606,2.0,1489796755
160,44,3.0,971115727
414,1228,4.0,961516737
274,81229,3.5,1295869672
187,6620,5.0,1161849685
332,2858,4.5,1352671950
141,4816,3.5,1513132166
606,51884,4.0,1208019413
163,1614,3.0,894217532
222,3617,3.5,1391353692
125,119141,4.0,1474382076
183,3107,5.0,992331571
563,52287,3.5,1441846461
490,593,4.0,1334940334
448,108601,2.0,1438624811
590,4677,3.5,1267151038
381,44974,4.0,1262899785
571,1350,5.0,966900275
610,73268,3.5,1493847953
479,2683,5.0,1039362174
555,719,1.0,978747547
391,1240,4.0,1030827097
509,110781,2.5,1436000431
300,79132,4.0,1425351826
287,3358,3.5,1110230245
330,1784,5.0,1285905292
22,3751,4.0,1268727157
41,64839,1.0,1459367563
458,1006,4.0,845652311
312,5421,3.0,1043175688
608,4643,3.0,1117415413
597,2001,4.0,941639767
288,40629,3.5,1147784628
19,2320,3.0,965711342
610,44761,4.5,1479542729
414,3441,4.0,961512629
45,1371,3.0,950740619
288,4110,3.0,1020369846
568,765,3.0,1243575872
560,2628,4.0,1469649995
33,7,1.0,939654896
298,95510,2.0,1447598863
50,109487,2.5,1527372052
20,2083,5.0,1054038103
318,4878,3.0,1413627499
182,2447,3.5,1055155965
98,79139,3.0,1532457683
606,469,4.0,1171737412
444,16,4.0,832678415
427,5107,3.0,1053070855
200,50872,4.5,1229886399
495,136562,4.5,1458634688
509,104841,2.5,1435994355
544,694,4.0,850688712
486,349,4.0,839536954
393,130842,4.0,1430506958
105,1219,4.5,1447574141
318,91529,3.0,1417279777
322,2762,4.0,1217676269
216,4020,3.0,982169965
354,33166,4.5,1200870924
328,8528,3.0,1494211637
76,158,0.5,1439168954
524,1231,4.0,851609597
382,1204,5.0,1515160739
182,3925,5.0,1054784288
260,6709,4.0,1109409522
409,296,5.0,969059543
474,2010,3.5,1103640167
610,4343,3.0,1493845516
295,68157,5.0,1320064921
414,122,2.0,961438911
534,2085,4.0,1459787998
427,4896,2.0,1053071156
597,919,4.0,941631197
599,27420,2.0,1498531667
63,5945,1.0,1443200788
288,47,3.5,1054568985
527,4836,4.0,1033175185
232,67197,3.0,1241823945
382,318,5.0,1515160581
357,3360,3.5,1348611742
318,47446,3.5,1525166249
105,3409,4.0,1446750467
298,1222,4.0,1450452234
6,493,3.0,845555172
74,8341,3.5,1207499990
125,86190,3.0,1474415043
310,432,2.5,1078647838
182,163,3.5,1054782168
477,527,4.5,1229452307
560,5349,3.5,1469648598
357,474,4.0,1348612266
599,3763,3.0,1498525795
249,8861,3.0,1355351620
509,43928,2.0,1435996126
411,272,2.0,835532588
466,45499,3.5,1439915522
290,3201,5.0,975031375
216,922,5.0,975211546
22,3210,3.5,1268726113
280,4232,1.5,1347604876
112,95,1.5,1513989977
55,1275,4.0,1312747661
298,6350,3.0,1447518509
414,2944,5.0,961512369
414,2406,4.0,961514035
305,8361,4.0,1460303161
198,36,5.0,1034136028
432,595,4.0,1316391532
380,3213,5.0,1494036170
305,60684,4.0,1460134115
75,8865,1.0,1158982908
610,104908,3.0,1493848350
412,2390,3.0,939114231
94,589,4.0,843406765
470,420,3.0,849075682
594,2671,5.0,1108973707
414,3105,3.0,961517141
249,48385,4.0,1417977656
294,1381,1.0,966597308
599,338,3.0,1498521342
453,3255,4.0,1005966959
489,42004,3.5,1333659824
202,2402,2.0,974924550
249,6548,4.0,1346756424
103,1028,4.0,1431957550
91,4800,2.5,1112717828
122,86377,5.0,1461562642
177,6333,3.5,1435524361
232,8861,3.0,1218166946
590,1732,4.0,1258421003
68,34,1.0,1158531735
19,1396,3.0,965703627
448,3104,4.0,1019124279
232,3948,4.0,1141776652
580,1356,4.0,1167793016
527,4801,4.0,1033173514
19,1614,2.0,965707576
483,2124,1.5,1181496660
274,3717,3.5,1171511562
42,2372,5.0,996260113
426,150,3.5,1451081002
448,158956,2.0,1485108771
19,2915,2.0,965706337
369,4161,3.0,1237082257
580,1967,3.5,1167792480
596,2384,3.0,1535836102
434,163,3.0,1270602276
52,57528,3.0,1468052111
254,293,4.5,1180447547
599,7439,2.0,1498510942
233,2028,4.0,1520206309
140,4014,4.0,1004035907
9,1987,2.0,1044656716
178,2571,4.5,1164355026
599,4467,4.5,1498539552
414,3063,2.0,961682185
62,58803,4.0,1525165437
414,71518,4.0,1273977358
339,7143,4.5,1460518910
599,8451,3.0,1519136128
294,1440,1.0,966596828
91,380,3.5,1112713208
274,3744,2.0,1171785793
317,223,4.0,1430366031
95,6502,4.5,1105400841
554,3168,1.0,944901266
590,2005,4.0,1258422295
35,252,4.0,830940246
20,239,4.5,1054038398
274,185,3.0,1171428455
510,3827,1.0,1141159198
274,4084,3.5,1172616851
606,4381,3.5,1171815514
604,196,3.0,832080111
16,2762,3.5,1377477612
274,2431,3.0,1171826834
41,7361,4.0,1458933684
606,2730,4.0,1175637606
474,32022,3.0,1120184766
232,2291,3.0,1182909874
97,1961,2.0,1043381823
50,1278,3.5,1514238500
131,79132,4.0,1349840241
383,2501,5.0,943570046
21,76251,2.5,1441826938
551,166568,5.0,1504925492
475,59501,4.0,1498031376
438,4816,2.5,1105829445
560,4015,3.0,1469649303
233,44191,3.0,1530047152
570,231,2.5,1181477261
599,5843,1.5,1519255844
590,1035,4.5,1258418231
561,84954,2.0,1491094539
408,79139,3.5,1468274091
610,37382,3.0,1493847685
298,92535,4.0,1447584681
414,45928,3.0,1216149194
21,111844,3.5,1403460002
217,1499,2.0,955941505
365,99007,2.5,1488333466
495,33679,3.5,1458636163
279,103341,2.0,1506395326
497,2959,4.0,1429127728
453,4995,5.0,1018860260
307,7153,3.0,1186174295
80,3527,4.0,1377308343
448,75803,1.5,1329074250
548,3916,5.0,1488825192
60,50,3.0,1393542060
501,3,5.0,844973817
254,5952,4.0,1180445997
387,6214,3.5,1157086884
489,6539,2.0,1333101545
22,1042,3.0,1268726053
318,1385,4.0,1267472699
96,1587,2.0,964774275
362,33794,4.5,1530639807
239,1214,4.0,1221158308
555,2161,4.0,978821985
232,53322,3.5,1218167101
287,1921,4.5,1110231598
431,466,2.0,1267051790
182,3654,3.0,1054780938
78,608,2.0,1252575190
544,40,5.0,850688776
19,158,3.0,965709785
318,48774,4.0,1424546821
610,1527,4.5,1479542785
489,2006,0.5,1334170750
563,1270,3.5,1439932502
489,1059,3.5,1332775139
249,86882,5.0,1404342048
561,3793,3.5,1491095221
414,37853,2.0,1216149868
57,2301,3.0,965795589
368,3726,3.0,971275475
62,111360,4.0,1524950167
477,59141,4.5,1241396097
352,74789,4.0,1493674423
240,419,3.0,849122831
585,2502,4.0,1307418304
391,4995,4.0,1030824794
19,12,1.0,965705347
100,2706,3.5,1100184816
558,3052,1.0,1035415531
354,3949,4.0,1200952921
111,182749,2.5,1517440678
489,4020,3.0,1333656183
563,86882,4.0,1439933384
38,432,3.0,841341428
328,68157,4.5,1494207017
287,5378,1.0,1110231081
565,380,4.0,846533209
320,68358,4.0,1284251642
182,5507,3.5,1054782491
387,3897,3.5,1094876451
477,1204,4.0,1200940521
387,1394,3.5,1094876269
312,2288,4.0,1043176038
63,104069,4.0,1443201016
212,750,3.0,1523216878
566,551,1.0,849006071
105,8197,4.0,1446572822
551,77561,4.0,1504925940
380,2991,4.0,1494804280
249,79702,4.5,1346847799
305,1276,3.5,1463788911
380,8368,3.0,1493423264
606,573,3.5,1171328427
414,5293,4.0,1050766603
573,48385,5.0,1248839914
28,51471,3.0,1234340433
68,3168,2.5,1261623728
238,1961,2.0,1007930885
282,4262,4.5,1378491774
484,2085,4.5,1342297714
380,172881,3.5,1508436819
64,2064,4.0,1161563836
434,2329,5.0,1270603477
222,63082,3.0,1391353440
66,5299,5.0,1113189941
152,91630,3.0,1450867875
232,3354,3.0,1182909511
415,3147,4.5,1382470340
307,5299,2.0,1186162307
4,3358,3.0,964622758
600,543,2.5,1237851366
339,4896,2.5,1460183489
509,231,2.5,1436027198
596,2890,3.0,1535833482
606,6553,4.0,1171361628
600,2125,3.0,1237762805
554,912,5.0,944901161
295,4973,4.5,1320064768
102,163,3.0,835877307
564,6942,4.5,1478453639
111,4886,3.0,1516140848
324,3897,4.0,974906585
117,11,4.0,844162970
330,6333,4.0,1285905651
167,4022,3.0,1154722084
275,2542,4.0,1049076555
21,2671,4.0,1417378450
4,898,5.0,964623347
68,350,3.5,1158532759
414,5400,4.0,1037630823
387,38038,3.5,1136452314
21,32587,3.0,1468113492
606,26394,4.0,1171831069
380,2083,5.0,1494804695
555,2476,4.0,978823250
130,1,3.0,832589610
390,1199,4.5,1250339221
4,45,3.0,986935047
368,544,3.0,975829943
477,47610,4.0,1200941561
600,45186,3.0,1237760083
603,1332,4.0,953925774
474,45730,3.0,1180012450
432,19,2.0,1316391760
347,595,4.0,847645635
80,32,4.0,1377308186
303,1200,5.0,1053303091
42,165,2.0,996216316
561,1587,4.0,1491091147
415,1213,5.0,1382470027
470,349,4.0,849074900
474,6873,3.0,1077028709
489,31696,1.0,1333231850
454,26131,3.0,1284801901
414,45672,2.5,1216150351
307,50794,3.0,1186410724
380,181,4.0,1493668147
563,47382,4.0,1441844944
274,6707,4.0,1171932954
242,236,3.0,834073322
599,780,3.5,1498542387
385,94,4.0,847137503
59,1625,5.0,953610555
103,6016,5.0,1431954407
606,1732,4.5,1171311016
445,4878,4.0,1454621728
422,762,2.0,986172013
179,410,3.0,840907616
414,61323,3.5,1273976922
232,4343,2.5,1218167479
332,85414,4.0,1352672331
266,1298,5.0,944891503
572,1,4.0,945892484
274,711,2.5,1172024227
176,593,5.0,840108739
66,1252,4.5,1099187504
514,3244,2.5,1533946650
310,2457,4.5,1078649193
525,3882,3.5,1476479691
590,1101,3.0,1258420879
603,1549,4.0,954482687
608,7137,4.0,1117491383
288,1258,3.0,976138558
212,89745,4.0,1527794941
232,7090,4.0,1111362981
382,442,3.5,1515174225
599,688,1.5,1519279247
185,2565,4.0,1044311949
339,96079,3.5,1460185464
509,153,2.0,1436027234
489,2355,2.5,1333101626
477,3476,4.5,1201160028
34,1391,1.0,1162050209
137,4427,4.5,1204863807
105,4299,3.0,1446749880
274,61250,2.0,1248599987
203,520,2.0,1390094392
298,36535,2.0,1447599400
177,65230,4.0,1435837113
448,30793,3.0,1293386484
580,590,4.0,1167862031
567,112370,1.5,1525289127
125,149830,4.5,1474295465
610,49932,4.0,1493849233
489,2000,3.0,1334170263
560,84954,2.5,1469649072
91,4979,2.0,1112711796
132,8969,4.0,1157924870
474,7386,3.5,1081172884
489,5013,1.5,1332774866
292,2720,3.0,1016841711
500,4306,5.0,1005528355
599,3686,2.0,1519139115
424,6188,4.5,1457846063
414,421,3.0,961595057
339,102407,4.5,1460183214
590,912,5.0,1258416487
608,95,2.0,1117490752
287,5505,4.0,1110231595
288,3827,3.5,1054568650
75,44199,3.0,1158968109
610,87520,2.5,1493846271
437,260,5.0,859721045
91,1127,4.0,1112712344
480,349,3.0,1179161209
51,1641,4.0,1230932408
261,2060,3.5,1404881092
555,1298,3.0,978822296
448,3537,3.0,1019125813
480,3968,3.5,1179165817
469,1285,3.0,965336955
606,4464,4.0,1173570398
149,1196,2.0,902084798
368,1389,1.0,975830385
577,2374,4.0,945978546
37,356,4.0,845239483
4,1283,5.0,945078690
263,2571,4.0,940383549
509,56171,3.0,1435995061
453,5816,4.0,1040621367
298,4900,2.5,1467489493
381,45722,3.5,1164876967
474,6238,3.5,1089387186
484,3489,4.0,1342297079
542,30793,1.0,1163387202
176,168,5.0,840108893
393,34405,5.0,1430505975
453,1883,4.0,972623064
35,342,4.0,830939941
221,4605,4.5,1111177373
19,2033,3.0,965709172
252,1682,4.5,1498284953
266,2028,4.0,944980502
156,1954,3.5,1106855539
89,72692,5.0,1520409653
305,7387,4.5,1490554821
328,899,0.5,1494212069
211,69481,4.0,1350912713
599,170551,2.5,1498515318
382,2273,3.5,1515172806
368,2533,3.0,971273801
113,903,4.0,980307343
246,2571,5.0,1354124998
522,4027,4.0,1254120419
416,608,4.5,1187497012
7,3623,1.0,1106712541
307,5556,2.0,1186411384
599,1224,3.5,1498500971
542,2012,3.5,1163386482
212,122926,4.0,1523216862
599,6787,4.0,1498499606
167,8360,4.0,1154721836
140,6808,4.0,1067987015
246,7438,5.0,1354124528
448,4034,3.0,1019137522
326,36517,4.0,1322251820
600,1200,2.0,1237759117
608,1544,3.5,1117504496
573,2403,4.5,1371063458
241,92259,4.5,1447536017
414,27660,4.0,1158355416
509,98809,3.5,1435994285
304,2393,5.0,918377374
217,673,3.0,955942327
246,27266,4.5,1354127911
372,1590,2.0,874414588
33,1271,3.0,939715825
543,380,5.0,1377022810
482,780,4.5,1105396861
474,6305,4.5,1100291665
599,159403,3.0,1498540287
84,302,3.0,858771796
213,1721,4.0,1316195659
566,11,5.0,849005826
372,1610,4.0,874415865
325,1298,4.0,1039395885
559,104,3.0,845476382
160,1258,2.5,1058456820
501,6,3.0,844973487
190,5902,3.5,1504310157
380,1275,5.0,1493473999
297,1608,3.0,900872180
202,1292,3.0,974923720
380,84944,5.0,1493420820
434,316,3.5,1270604886
28,65982,3.0,1277002092
561,146656,3.5,1491095479
610,82765,3.5,1479542382
3,1272,0.5,1306463624
233,2706,3.5,1448816489
307,8665,3.0,1189456224
540,736,3.5,1179108936
596,589,3.0,1535709683
359,1270,3.0,1198112087
313,2167,5.0,1030475777
182,1213,5.0,1055153970
198,47,5.0,1034136177
387,1735,2.5,1095121732
124,1884,4.5,1336584611
605,46530,3.0,1277176632
359,2455,2.5,1198113825
223,2316,4.5,1226209457
599,7235,3.0,1498522090
318,77455,4.5,1299452815
520,7147,4.0,1326610019
234,2115,3.0,1004408102
603,372,3.0,963178550
179,364,4.0,840907616
414,1080,5.0,961595418
1,1256,5.0,964981442
111,68554,4.0,1516141304
458,261,3.0,845652560
212,8874,4.0,1490115069
610,26498,3.0,1479545197
580,16,4.5,1167790725
574,231,5.0,834634443
448,8949,4.0,1346003978
610,5989,3.5,1493844847
597,2289,5.0,941557863
562,26357,4.0,1368893516
18,4886,4.0,1455209685
380,7569,4.0,1493473816
414,333,3.0,961439132
474,1209,3.5,1126533605
232,81788,4.0,1294365914
50,899,4.0,1514238688
182,2395,3.5,1054779653
339,89864,4.0,1460185917
175,2300,4.0,1234188170
603,3285,1.0,953924898
274,7317,2.5,1171830004
280,8969,5.0,1348453771
312,457,4.0,1043177537
515,91529,5.0,1513602003
562,100306,3.5,1368893445
380,2804,4.0,1494803602
298,33495,0.5,1479058641
280,4447,3.5,1347605351
577,1584,4.0,945967015
68,62956,4.0,1240093951
605,150,5.0,1277096909
603,2902,3.0,963176863
599,3979,1.5,1498504366
368,3203,3.0,971275863
483,72998,4.5,1262525638
477,1653,3.5,1200942200
414,899,5.0,961513654
307,2506,2.5,1186172842
18,99728,3.5,1465164460
154,108932,5.0,1486297171
313,1235,5.0,1030557475
438,5678,3.0,1105654289
525,1288,4.0,1476481343
335,802,3.0,1261541293
33,2108,2.0,939646865
477,4678,4.0,1200947127
425,95,2.5,1085477510
286,454,4.0,1119562992
590,2202,4.0,1267151163
298,89745,3.5,1447518162
177,7445,3.0,1435524848
368,2640,3.0,975829209
525,8917,3.0,1476476915
572,2303,3.0,945890452
115,383,2.0,944951450
600,1206,5.0,1237712957
601,1203,5.0,1521398258
555,2463,4.0,978821265
199,1597,3.0,940544249
135,1129,4.0,1009693087
368,678,4.0,971275320
484,455,4.0,1342298116
308,6377,4.0,1421375046
534,53125,3.5,1459787995
33,613,5.0,939715859
474,3076,3.0,1087832134
19,3501,2.0,965706548
390,7669,4.5,1250335787
606,8529,3.0,1175636440
325,3088,5.0,1039397746
606,25833,4.0,1173381141
27,3809,1.0,965149421
318,114847,3.0,1435398156
474,4896,4.5,1081177303
588,225,3.0,839316350
591,3916,4.0,970524567
249,43919,1.0,1346758396
105,172793,5.0,1526208125
68,6936,3.5,1158533754
321,539,3.0,843212642
330,1073,5.0,1285905135
6,548,3.0,845554908
434,69122,4.5,1270606540
23,5013,3.0,1107164209
495,116823,4.5,1458635958
274,78574,3.5,1293658129
577,2076,3.0,945978437
356,8784,4.0,1229143427
560,2683,3.5,1469654003
596,3786,4.0,1535828642
599,1445,1.0,1519342490
414,95309,4.0,1511541291
62,2011,5.0,1521489589
565,592,2.0,846533209
418,1247,4.5,1461866082
105,1198,4.0,1448196223
274,3616,3.5,1171933193
182,4439,4.0,1063290004
177,2389,0.5,1435536432
75,912,4.0,1158967840
372,1249,4.0,874415865
331,5444,3.0,1537158418
438,3617,3.0,1105654031
606,613,3.0,1171837788
603,2725,2.0,953927272
368,415,2.0,971277008
414,90603,3.5,1324237554
576,2289,5.0,1358151542
104,2690,4.0,1090595943
51,2150,3.0,1230932314
464,1213,4.5,1275549653
448,8529,3.0,1140952575
119,78499,3.5,1436007608
460,7153,5.0,1359177883
74,26350,5.0,1207500071
428,8985,3.0,1111525672
448,117590,2.0,1446908340
567,160438,1.5,1525288657
380,122922,5.0,1493423214
474,1086,4.0,1142821723
217,3256,4.0,955936099
292,2403,4.0,1293562968
372,1261,5.0,874416196
305,1552,1.5,1519831515
441,58559,5.0,1449070648
511,527,5.0,1450093983
509,99114,4.0,1435993779
608,1036,3.0,1117415358
288,153,2.0,978466567
332,93610,3.0,1352672398
332,58559,4.0,1352672230
105,2131,5.0,1526207246
68,45720,4.5,1271544885
328,912,1.0,1494210380
186,1097,3.0,1031079382
41,1307,3.5,1458938964
567,89745,4.0,1525285523
274,1848,3.5,1172024390
261,99114,4.0,1404881192
351,6539,4.0,1326106624
140,4844,4.0,1030558882
64,3210,4.0,1161559824
477,2571,4.0,1200939698
182,1704,4.0,1055157251
610,103810,3.0,1493847683
331,296,5.0,1537157527
562,8874,2.5,1368892382
379,500,3.0,847397459
599,3764,2.5,1498515190
462,4863,4.5,1122186408
91,5349,5.0,1112712351
111,76293,3.0,1516151578
68,3100,3.5,1158535626
600,2529,2.5,1237759271
256,3979,3.5,1446580900
600,1217,4.0,1237759877
414,47200,3.0,1173893604
294,3701,2.0,966597632
564,128520,5.0,1481817955
511,134130,4.0,1450094078
476,300,4.0,835021470
298,132046,0.5,1453033069
6,32,4.0,845553426
337,31,5.0,860256120
111,150548,4.5,1516141804
4,126,1.0,986848920
567,8189,3.0,1525286677
438,31696,3.0,1108950503
176,588,3.0,840108593
181,10,2.0,845469438
474,8987,3.0,1101737069
68,4958,3.0,1269122783
182,224,3.0,1055157991
523,37729,5.0,1503126355
33,1095,4.0,939716778
608,4865,4.0,1117162528
212,6373,4.0,1523216579
288,2194,3.0,976138271
592,39,4.0,837350111
42,1617,2.0,996218105
590,6987,3.5,1264906548
274,5378,2.5,1171409778
219,8641,4.5,1195349111
219,8368,2.5,1194686329
504,6708,4.5,1063644671
103,5218,3.5,1431957737
284,19,4.0,832786975
64,432,2.5,1161519711
391,5417,5.0,1030824589
405,54995,3.5,1295917111
153,158966,4.5,1525549128
346,357,4.5,1172693221
589,509,4.0,856042931
304,1247,4.0,891174111
103,60040,3.5,1431955306
181,474,4.0,845469678
274,4340,2.0,1171932471
510,480,3.0,1141158938
233,1884,3.0,1529334166
307,2541,2.0,1186162506
489,3984,3.0,1333232647
318,58295,3.0,1267473707
153,6373,1.5,1525548148
135,2841,4.0,1009691164
222,53322,3.5,1391353596
534,3114,4.5,1459787997
599,2662,3.0,1519125149
50,1921,3.0,1514238846
608,4344,4.5,1117408529
167,6857,4.0,1154721584
380,140956,3.0,1534176158
1,2046,4.0,964982563
222,5225,3.0,1391350682
89,6271,2.0,1520408848
480,2572,2.5,1179178848
522,2502,4.5,1297482767
68,112852,4.5,1526947558
480,7143,3.5,1179162586
283,2124,3.0,901228254
560,39435,3.5,1469649115
307,2478,2.5,1186163199
83,4370,3.5,1333169174
597,1304,5.0,940362150
493,4441,5.0,1001562629
7,32296,2.0,1118026013
557,1721,3.5,1452797735
305,3623,2.5,1518198024
453,70,4.0,972622055
132,592,2.0,1157920531
186,2105,3.0,1031087700
489,1527,4.5,1332772549
580,327,2.0,1167675000
605,47610,4.0,1277175763
510,145,3.0,1141159088
599,3254,2.5,1498518868
435,79132,4.5,1366678055
411,474,3.0,835532747
599,6909,2.5,1498517592
382,79185,4.0,1515162831
596,153,2.5,1535711533
474,4034,4.5,1081177376
590,55247,2.5,1258418344
603,345,3.0,963176151
249,110730,3.0,1407189136
387,6748,3.0,1154834566
590,1608,3.0,1258418193
202,595,4.0,975015866
608,1620,3.0,1117507443
455,440,3.0,836436201
182,7323,3.0,1078244831
74,382,4.5,1207499275
330,32,5.0,1285904958
23,1711,4.0,1107162645
503,7743,2.5,1335219625
603,650,1.0,963179423
132,4226,4.0,1157920977
439,1240,4.0,1436943917
172,1270,4.0,1291065641
424,1682,3.5,1457844347
380,410,3.0,1494803503
474,252,2.0,1046887638
580,5782,2.0,1167944179
368,1220,3.0,975828914
294,1197,4.0,966633792
70,1259,4.5,1355198298
414,4661,3.0,1036431650
489,58162,2.5,1333832339
517,1304,2.0,1487958092
202,1240,4.0,974918508
66,1449,4.5,1099187600
318,30793,4.0,1235479614
129,2959,4.0,1167376127
590,1367,3.0,1266472847
312,3476,4.0,1043176096
432,3273,1.5,1315242328
254,1196,4.0,1180446478
381,45672,1.5,1164383066
68,3270,4.0,1166392788
593,912,5.0,1181008487
318,68358,3.5,1413628660
525,7285,3.5,1476477045
512,442,3.0,841449636
414,1009,2.0,1026225826
370,380,4.0,1159162844
509,6874,3.0,1435993272
119,117176,5.0,1436007654
91,594,3.0,1112711217
144,586,3.0,1137323732
153,142488,3.5,1525549599
571,3021,2.0,966901209
391,3910,3.0,1032390215
368,1179,3.0,975827507
610,52458,3.0,1493849671
422,2490,3.0,1010279706
391,1184,4.0,1031030726
340,454,3.0,848666436
239,48774,3.0,1221159097
602,590,3.0,840875508
19,3324,2.0,965703084
430,329,3.0,965600256
599,59315,3.0,1498521596
599,1208,5.0,1519029295
525,48385,1.0,1476479512
298,1244,3.0,1447584506
274,40819,3.0,1171935057
474,6170,3.5,1087831885
249,8950,5.0,1346758036
111,47122,4.0,1516154933
438,527,4.5,1105649740
219,4701,2.5,1194681445
105,2925,3.5,1447411285
603,852,1.0,954482597
274,7001,3.5,1171828732
418,1276,5.0,1461869715
514,3499,4.0,1533872426
489,1924,4.0,1333659199
430,4034,5.0,994561753
488,1197,5.0,1112382098
448,119141,3.5,1448050198
432,64983,3.5,1335139838
203,56174,4.0,1390095044
599,2353,2.5,1498516269
397,2371,2.5,1181966588
475,5349,5.0,1498030075
534,6156,4.0,1459787996
266,2384,1.0,945669205
91,8910,2.0,1112711993
332,1240,4.0,1352671501
509,112852,4.0,1436393160
484,5135,2.0,1342228021
36,2359,4.5,1100803669
288,5445,4.0,1069088466
305,1961,4.0,1460135855
462,7181,3.5,1138425637
52,98809,3.5,1468051314
19,3685,3.0,965702660
606,3684,4.0,1171375850
474,5812,4.5,1087831483
140,30707,4.5,1126295231
357,1721,4.0,1348611252
318,90245,4.0,1433057069
553,6378,4.5,1219564119
596,68319,2.5,1535709837
292,1961,3.0,1293562699
103,2797,4.0,1431957304
169,4308,5.0,1059427608
503,2877,4.0,1335219718
57,1287,5.0,965798228
483,2005,4.0,1181495298
292,68954,4.0,1245511196
610,27480,4.5,1479545320
339,81932,3.5,1460185923
294,597,1.0,966596492
608,588,3.0,1117408230
554,1276,5.0,944902251
525,48780,4.0,1476476532
140,691,3.0,949667253
169,3536,5.0,1059428134
109,52,3.0,841109666
135,1845,5.0,1009691222
160,1,4.0,971115026
462,54648,1.0,1478402062
200,8784,4.0,1229887290
68,51255,4.0,1198454311
521,640,3.0,852713330
68,4321,3.5,1158533467
606,4428,2.5,1171825901
474,8611,3.5,1087995301
609,253,4.0,847220990
160,1831,1.0,981310876
599,3865,2.0,1519347108
559,1356,4.0,865095647
438,3752,4.0,1105654172
502,1674,2.0,1111757355
140,3244,3.5,1055092533
232,596,2.5,1182910339
487,904,4.0,1428574413
331,3717,2.0,1537157988
387,2746,3.5,1094939397
328,1968,2.5,1494211582
309,6706,3.5,1088521739
187,7099,5.0,1161850091
590,6281,2.5,1258420029
581,356,4.5,1447007134
177,899,5.0,1435534723
443,260,4.0,1501722465
89,48649,4.5,1520409441
228,1091,3.5,1363222701
587,497,4.0,953138510
14,19,1.0,835441168
606,1998,1.5,1178911145
474,6932,4.5,1080568429
474,4578,3.5,1053021348
356,3477,5.0,1229142527
89,83969,5.0,1520409380
50,127146,3.0,1514240116
561,2746,3.0,1491095117
106,72998,5.0,1467360456
304,288,1.0,891173801
74,337,4.0,1207501280
345,1127,3.5,1342827653
105,136445,5.0,1526207433
91,802,3.5,1112713566
249,69481,4.5,1347317527
90,805,3.0,856354100
469,3471,4.0,965335350
599,440,2.5,1498518877
599,6308,2.0,1519346342
610,3986,2.5,1493845514
164,592,3.0,999708325
585,66097,4.0,1307418433
263,2690,4.0,940384490
314,1391,4.0,851286653
331,51255,4.0,1537157936
28,60389,4.0,1234335266
448,134130,4.0,1475668748
86,2805,4.0,1343944874
166,49272,5.0,1188774291
599,4617,2.0,1519141576
605,3742,3.0,1277097316
325,2991,3.0,1039398689
580,3081,4.0,1167792385
380,761,3.0,1493668074
212,67255,4.0,1532362048
139,7090,3.0,1453924470
307,2011,3.5,1186085737
109,231,3.0,841106453
303,1527,3.5,1053302769
31,1405,1.0,852207053
331,73017,3.5,1537157908
274,60161,4.0,1226307409
448,2018,4.0,1019126704
573,1377,4.0,1187045095
64,4148,3.0,1161559956
171,296,5.0,866905241
50,112552,2.5,1527542171
156,1035,4.5,1106855438
19,2513,1.0,965705195
599,6873,2.5,1498528243
608,778,3.0,1117336733
91,1377,3.0,1112712213
477,2858,4.5,1200939674
583,35836,3.0,1481474177
357,2329,4.0,1348610472
555,1129,2.0,978744643
307,65088,4.0,1242822476
105,4896,3.5,1446573345
474,2421,2.0,1002757147
292,3682,4.5,1265679667
6,65,3.0,845555070
606,2387,3.0,1171407089
322,480,3.5,1217676127
318,18,3.0,1426353075
182,4369,1.5,1054782481
6,608,3.0,845553844
132,44694,2.5,1329983723
481,1586,3.0,884773814
132,902,3.0,1157923328
387,27317,3.5,1128243144
414,76077,3.5,1283875928
425,73323,4.0,1281209190
584,364,5.0,834987843
119,135532,4.5,1459195778
249,116823,4.0,1465160390
113,351,5.0,980051862
105,306,5.0,1446572004
119,166461,4.0,1505072348
177,64620,3.5,1435525492
438,5882,3.5,1105654687
64,1748,3.5,1161559551
541,344,3.0,835642942
420,26693,4.0,1229631220
119,68319,4.0,1436122200
369,165,3.5,1237082662
159,84954,3.0,1508641273
313,2527,3.0,1030474778
484,1753,5.0,1342228097
212,58299,4.0,1528479502
181,368,3.0,845469778
222,91628,1.5,1391349396
177,8961,4.0,1435523585
477,3471,4.0,1200942059
84,1280,5.0,858772698
274,786,3.5,1253913997
474,5297,3.0,1060009182
559,1183,4.0,865095771
566,25,2.0,849006116
599,471,2.5,1498518822
103,48516,4.5,1522172129
608,4679,0.5,1117506642
600,2701,2.0,1237742455
68,4015,2.0,1158535827
427,5696,3.0,1053069946
597,2523,3.0,941640433
419,318,5.0,1321647647
489,2485,0.5,1333232412
212,48394,4.5,1490114914
551,91535,3.5,1504926078
162,587,3.0,836511364
480,4878,5.0,1179160105
419,104,4.0,1321757450
599,1100,2.5,1498514146
318,81229,4.5,1325441540
489,3499,3.5,1385824106
68,6333,4.5,1158531240
597,648,4.0,941729483
410,3052,2.0,990910776
498,318,5.0,839197252
68,98809,4.5,1359323180
514,1270,5.0,1533872291
274,593,4.0,1171409513
337,24,5.0,860256119
140,3861,2.0,997958529
132,355,2.0,1157923325
10,61250,2.5,1455398339
586,62999,5.0,1529899621
462,2970,3.0,1129037827
334,59118,3.5,1260653701
610,64030,2.0,1493846945
474,7766,4.0,1083761520
604,292,3.0,832079869
126,110,4.0,845925785
509,8784,2.5,1435993442
51,7007,3.5,1230930787
480,8529,3.5,1179163828
219,4993,3.5,1194681037
409,3175,4.0,968978236
608,7004,0.5,1117506252
72,2136,2.5,1217323586
314,786,3.0,839857674
562,61240,5.0,1368893523
387,1449,3.0,1094876333
246,2124,5.0,1354146071
395,588,2.0,841503441
249,1625,4.5,1410001745
381,344,3.0,1164877251
488,7139,2.5,1112382712
73,128520,3.5,1464198597
288,1573,2.0,975692084
599,5902,3.0,1498523712
125,152077,4.0,1474425167
91,3671,4.5,1112711463
450,3481,4.0,974705044
288,1090,4.5,1054568506
483,2407,2.0,1215895726
354,1748,4.5,1200953491
469,454,3.0,965336345
330,1391,5.0,1285905736
354,2003,4.0,1200953077
474,4464,3.0,1014924284
232,67087,4.0,1241823927
596,135569,4.5,1535709626
414,3763,3.0,961437358
381,1380,4.0,1165975983
122,1676,4.5,1461562121
428,1676,3.5,1111489700
343,593,4.5,1202060833
559,314,4.0,845476475
148,115617,3.5,1482548495
6,795,3.0,845556506
418,79132,4.0,1461865567
509,8907,1.5,1435992874
152,260,3.0,1450867564
202,3836,5.0,974918530
294,1732,5.0,966595639
420,1270,3.5,1218041551
530,500,3.0,843226940
314,50,4.0,847175449
67,152081,4.0,1501274150
462,89090,4.5,1320417301
480,8361,2.5,1179164474
560,8638,3.0,1469650804
265,3527,3.0,965314929
111,597,4.0,1516154072
600,915,3.5,1237716118
22,541,5.0,1268726271
107,153,3.0,832003644
217,2529,2.0,955935939
18,80219,3.5,1455749571
305,6953,1.0,1462473901
567,108190,0.5,1525289973
226,2273,3.5,1139535348
551,59369,4.5,1504925169
309,908,3.5,1126451042
448,3258,3.0,1019128734
199,1393,3.0,940372830
177,6873,2.5,1435525350
372,1015,2.0,874416661
139,8371,2.0,1453924912
525,380,4.5,1476476016
389,762,3.0,857934470
6,170,3.0,845554263
139,8961,3.5,1453924148
408,87785,3.5,1468361312
469,1348,4.0,965661925
408,2571,4.5,1469527105
382,912,5.0,1515160629
21,59369,3.0,1419025209
387,4985,2.0,1152777436
249,55577,2.5,1347887421
28,3271,3.0,1234569650
606,30850,3.0,1179353000
572,904,5.0,946482960
606,1193,4.5,1171376383
599,89804,2.5,1519120888
266,2064,5.0,945669831
132,7153,4.0,1157919901
168,858,5.0,1306801724
540,2959,4.5,1179108929
16,1680,3.5,1377476680
603,4232,1.0,1002403400
448,145,4.0,1019124465
122,27904,4.5,1461562456
474,3296,3.5,1095092376
382,160563,3.5,1515249133
380,1876,3.0,1493765186
307,588,4.0,1186084593
142,373,3.0,838934122
317,79132,4.0,1430361450
464,110,5.0,1275548911
447,590,3.0,836960589
425,1466,4.0,1085491007
68,10,4.5,1158531612
275,4963,4.0,1049077716
1,2078,5.0,964982838
600,2018,3.0,1237857733
212,1206,4.0,1490114860
387,500,2.5,1095040501
41,60950,3.0,1458939033
606,307,4.5,1171327290
414,27846,4.0,1116532816
202,2531,2.0,974912002
520,2628,1.5,1326609133
555,1391,2.0,978747372
414,51575,2.5,1216150281
525,112552,3.0,1476476536
456,64,3.0,856883540
152,50,4.5,1450572430
492,748,4.0,863976409
100,4571,3.0,1100186026
599,55282,2.5,1498518200
70,36,5.0,1355198746
414,635,3.0,992878567
474,1027,2.5,1060105597
448,86332,2.5,1339338836
275,904,5.0,1049078012
606,6947,4.5,1171310197
608,786,3.0,1117666275
68,79091,3.0,1332628605
462,3425,2.5,1123893607
610,87232,4.0,1493845469
325,3015,4.0,1039398946
610,80094,4.0,1493848484
87,2300,4.5,1270702689
567,3134,3.0,1525287625
448,160271,2.5,1493574706
483,44191,5.0,1226360505
438,4886,4.0,1105650237
599,1805,3.0,1498521512
18,367,2.5,1455618093
492,662,4.0,863976526
302,383,3.0,854473322
6,553,5.0,845553559
226,6218,2.5,1160003743
600,329,3.0,1237859397
535,2688,2.0,939029938
390,5220,1.5,1250275221
215,2324,5.0,1260908640
396,44,2.0,1111688564
182,3858,4.0,1055155678
330,377,0.5,1285904976
307,454,3.0,1189456997
408,89745,3.5,1472723077
191,150,2.0,829760897
292,2991,4.5,1332678621
222,2706,3.0,1391353651
312,2454,3.0,1043176138
68,95167,3.0,1359323339
89,96935,5.0,1520409652
42,2871,5.0,996213931
448,671,5.0,1059321444
380,1197,3.5,1502325733
561,93326,2.0,1491091879
312,3827,3.0,1043176864
368,3706,3.0,971276111
132,288,4.0,1157922712
145,595,4.0,832105216
232,59784,3.0,1218167234
559,48,3.0,845476159
202,260,4.0,974912002
45,7,3.0,951170390
295,1020,2.5,1320064473
103,62999,3.5,1431955515
564,69278,4.5,1481817625
414,3148,4.0,971182840
599,373,3.0,1498524243
240,413,4.0,849122791
585,1089,4.5,1307417625
94,19,2.0,843406846
432,2018,3.5,1315242295
137,1304,4.5,1204863793
504,5673,2.0,1072065994
80,4776,4.5,1377308554
318,53322,3.5,1265575097
412,2861,4.0,939113879
282,45517,4.5,1378498387
606,4828,3.5,1171734374
249,97860,3.5,1364249415
84,1276,5.0,858772952
304,593,4.0,891173825
41,3948,5.0,1459367646
51,1805,0.5,1230929609
182,5026,4.0,1064782935
62,122892,4.0,1521490136
483,6934,1.5,1181496623
509,71156,3.0,1435995794
68,1193,3.0,1240092977
608,4027,4.5,1147794901
357,7078,5.0,1348628496
305,102903,4.5,1460136589
20,2657,5.0,1054147479
288,8984,3.0,1135350163
111,115617,3.0,1516141049
110,3462,3.5,1175330045
36,1252,2.0,1100803384
561,122920,3.5,1491095413
590,1291,4.0,1258420639
322,1203,4.0,1217677750
606,2947,3.5,1171755467
559,160,2.0,845475987
6,835,4.0,845556194
610,107771,5.0,1479544448
51,33615,3.5,1230930714
522,79006,4.5,1325711168
249,60040,3.5,1356277379
326,105197,3.5,1419882264
495,784,4.0,1458636443
583,588,3.5,1481474263
198,567,1.0,1034137937
414,2575,3.0,1067277914
599,2533,2.5,1498516229
169,1923,4.0,1078284776
561,4369,2.5,1491091843
40,515,3.0,832059892
274,62511,3.5,1240995047
336,2001,3.5,1120568116
533,2918,3.5,1424753690
63,4886,3.5,1443200554
600,6502,3.0,1237708677
21,104841,4.0,1403460671
83,76093,2.5,1333842352
414,91542,3.5,1356136098
610,2924,5.0,1479542328
610,79293,3.0,1493849102
274,8917,2.5,1208201203
358,2572,4.0,1339546490
50,924,4.5,1514238077
448,2502,3.0,1270312997
103,48,3.5,1431957563
425,8361,3.0,1114173426
216,1077,3.0,975212395
328,1682,3.5,1494211071
606,1117,3.5,1175627831
222,32587,4.0,1391350292
552,1610,4.5,1111472923
603,307,4.0,963179293
540,6365,3.5,1179108682
446,273,1.0,843839544
484,3882,4.0,1342298425
330,4011,4.5,1285904548
580,7090,4.0,1167791262
105,89864,4.0,1447563213
286,2710,3.5,1119563463
274,2089,3.0,1172269369
169,6378,3.5,1085699681
17,150,3.5,1305696497
453,708,4.0,1005967049
361,780,3.5,1204045269
76,1258,3.5,1439168762
50,1281,3.5,1514239137
378,97304,3.5,1445346976
73,95510,4.0,1464282941
287,5902,3.5,1110230601
200,48385,3.0,1229878418
458,339,5.0,845651737
605,1367,3.0,1277095727
170,593,4.0,840380905
195,3148,4.0,974710025
57,1375,3.0,965798397
574,339,4.0,834634464
414,524,5.0,961518251
376,750,4.0,1364994426
32,527,4.0,856737205
292,4047,3.0,1265679631
472,4226,1.0,1345843250
474,3210,2.0,978575888
332,93766,2.0,1352672641
573,4011,4.5,1248841842
318,65126,4.0,1434394822
318,3159,4.0,1267472571
390,9010,5.0,1250337971
409,678,4.0,969058230
274,2384,4.5,1171786130
474,1650,4.0,1060105233
322,608,4.5,1217676232
610,3917,4.0,1495959411
182,3896,1.5,1055154112
189,76093,4.0,1439465149
484,4025,3.0,1342296799
32,7,4.0,856736173
182,4448,4.0,1054782154
307,1307,3.5,1242825832
474,2110,3.5,1089387033
474,2313,4.5,1120355710
594,315,4.5,1108975162
313,47,5.0,1030476272
368,3703,3.0,975828861
462,183317,4.5,1515194979
428,588,2.0,1111623145
167,45501,1.0,1154723676
474,26662,4.0,1133730256
136,16,5.0,832449614
474,4476,2.0,1046887879
342,5014,5.0,1042821231
78,2571,4.5,1252575194
603,1270,2.0,953927759
275,3741,5.0,1049078140
438,32598,3.0,1126839263
305,4226,3.5,1460135170
599,7720,0.5,1498502820
307,1476,2.5,1186163209
288,1883,3.0,978471420
204,55820,4.0,1327183636
432,78499,4.0,1328232875
280,586,4.0,1348532002
384,3471,5.0,996929949
177,1219,5.0,1435534184
567,33493,1.5,1525289052
137,3421,3.0,1204859946
464,7007,4.0,1325594394
534,115122,5.0,1459787998
256,116797,4.0,1446579787
51,2363,2.5,1230931235
82,1367,1.0,1084465288
182,2407,3.0,1054781763
385,21,5.0,835118614
73,102481,4.0,1464198499
489,8969,2.5,1333297037
527,1214,5.0,1033176358
217,2005,3.0,955942112
31,1200,3.0,850467408
219,2395,2.5,1194687866
156,2174,3.0,946799570
368,733,3.0,971275815
453,457,5.0,972621703
487,4720,3.0,1428574276
585,32587,4.0,1307418348
608,65,2.0,1117415653
217,1375,4.0,955935459
91,6659,5.0,1112712467
201,788,4.0,939227013
400,1210,5.0,1498870163
346,2442,3.5,1094646355
288,2530,2.0,976138118
169,6377,5.0,1059427390
288,1272,3.0,980531791
464,63853,4.0,1325593985
448,109673,1.5,1430653744
91,2011,2.5,1112713558
50,175707,3.0,1514240513
599,116963,1.5,1519256227
154,152081,4.5,1486297016
509,7173,1.5,1435994440
286,3499,4.5,1119562218
395,440,3.0,841503843
484,180,4.0,1342298632
274,4878,4.5,1171172617
495,67255,5.0,1458636607
217,44,2.0,955941505
292,1203,4.0,973816970
294,2405,1.0,966596695
64,1907,4.0,1161566450
182,1921,4.5,1054779844
328,1544,1.0,1494211265
68,1961,2.5,1158531027
111,79132,4.5,1516140844
318,1917,3.5,1254132954
610,63179,3.5,1479543290
132,163,2.0,1157919918
590,3742,4.0,1265316399
330,2700,4.0,1285905449
323,1377,2.0,1422640474
448,5478,2.5,1089029593
187,25825,4.5,1180302171
122,1391,5.0,1461562311
156,3310,3.0,1106854426
17,2858,4.0,1322628761
457,1270,4.0,993610398
28,52604,2.0,1242288430
489,89939,4.5,1333233125
431,1625,4.0,1267051759
411,4,2.0,835533021
480,2722,1.0,1179159558
524,193,2.0,851609711
274,55232,1.5,1199348438
599,6662,3.0,1519139901
294,2367,1.0,966634240
195,4308,2.0,1011849879
103,2396,5.0,1431957212
391,1183,3.0,1030827343
552,3173,1.5,1112151365
161,745,5.0,1186073240
608,500,2.0,1117408421
587,2874,4.0,953139233
469,2268,3.0,965336773
448,4161,3.0,1052647694
387,6333,2.5,1095116732
194,1500,3.5,1110316605
517,64249,2.0,1487956172
552,3108,3.5,1112151424
307,2114,3.0,1186950906
414,413,2.0,961439030
448,2890,3.0,1019132837
288,2668,3.5,1079984092
599,4676,1.5,1519180740
357,3911,4.5,1348610322
172,3578,4.0,1291065652
393,4446,3.5,1430507596
93,2872,5.0,942946986
414,89,3.0,961515928
191,224,4.0,829760897
74,55118,5.0,1207500140
44,141,3.0,869251861
140,4688,3.5,1055092644
483,53519,3.0,1226360535
549,2571,5.0,1464282594
84,1291,3.0,858772733
130,300,3.0,832589634
268,869,3.0,940182766
21,164179,4.0,1500701551
474,246,4.0,1079359162
52,134130,5.0,1468051169
561,3255,4.0,1491095414
529,141,3.0,855583216
599,7354,3.5,1498615717
74,5893,2.5,1207501684
484,6287,3.5,1342298588
596,919,4.0,1535826725
104,54001,4.0,1189089397
232,45499,3.5,1165732766
19,2393,3.0,965703940
127,1747,4.0,1263527080
323,112183,4.5,1422640803
64,2699,3.5,1161521114
80,84152,4.5,1377309007
412,17,5.0,939136944
370,608,2.0,1159162782
398,48516,4.0,1311208138
246,838,4.0,1354126122
599,31221,1.5,1498504093
140,30812,3.5,1152898237
610,145951,0.5,1493849019
603,1283,5.0,953926529
211,91529,5.0,1350912239
304,1408,3.0,891173528
42,186,4.0,996220852
57,750,5.0,965795892
144,552,4.0,1137324296
153,4979,3.0,1525548713
274,33615,4.0,1221252640
219,1073,2.5,1194681047
66,1094,4.0,1099187083
610,1291,4.5,1493850234
381,26662,4.0,1168666062
177,4719,1.5,1435836814
391,541,5.0,1030827097
423,435,4.5,1155285474
517,3429,3.5,1487956321
542,8528,1.0,1163388112
309,2324,4.5,1126452366
286,4848,5.0,1119562433
274,551,3.0,1171491546
292,102407,2.0,1483193854
105,55721,4.0,1446572178
323,32,2.5,1422640375
68,5943,3.5,1269123602
307,4239,5.0,1186086746
414,4553,4.0,1064941786
462,1136,4.5,1130433405
534,112897,4.0,1459787995
202,2948,5.0,974918563
182,166,1.5,1055156234
474,4164,4.0,1002757130
274,33166,4.0,1171756017
279,70286,4.0,1506394584
275,2186,5.0,1049079168
135,1196,4.0,1009693055
517,318,4.0,1487952883
21,106782,3.0,1403459964
182,6383,0.5,1066639703
448,1394,3.0,1019127258
169,4993,4.5,1059494461
309,2182,2.0,1086565350
483,880,2.5,1215896656
317,84392,3.0,1430514455
610,136602,4.0,1493848627
394,380,3.0,838994125
514,44,2.5,1533945558
45,2504,4.0,951170710
103,410,4.0,1431957336
186,2266,4.0,1031072514
44,889,4.0,869252706
610,6707,3.5,1493848170
462,3859,3.5,1121923436
232,69069,3.5,1283133596
6,361,4.0,845554376
202,2194,4.0,974918563
580,4306,4.0,1176756045
474,5308,2.0,1046887698
600,2683,2.5,1237711290
64,2871,4.0,1161563770
606,924,5.0,1171310501
553,2542,5.0,1219557989
102,39,3.0,835876151
155,432,4.0,961889007
353,223,5.0,831939914
327,1304,5.0,1234787893
33,1213,3.0,939646865
274,5690,3.0,1209600854
170,377,4.0,840472922
607,260,3.0,963078880
190,2324,5.0,1504309959
357,1345,4.5,1348610631
414,2640,3.0,961514795
606,5669,4.0,1175637589
483,10,2.0,1178293444
477,107,3.0,1201023050
599,497,3.0,1498521641
387,4065,2.5,1177746615
339,8961,4.0,1460183484
66,3481,4.5,1093747729
294,420,2.0,966596961
482,2174,4.0,1105396027
11,10,3.0,902154316
274,4369,3.0,1173845712
306,122918,3.0,1518380421
51,2137,3.0,1230930384
504,7139,4.5,1077909188
133,529,3.0,843491514
51,849,4.5,1230928795
139,3300,2.0,1453924450
257,16,3.5,1141625441
536,368,4.0,832840433
182,2009,4.0,1054780030
417,5952,5.0,1529284447
603,4743,3.0,1000194071
337,832,4.0,860255929
474,4322,3.0,1129579393
474,349,3.0,974667484
455,588,3.0,836435855
280,7451,5.0,1347605314
495,139385,5.0,1458634761
415,1198,4.0,1382470692
204,67295,3.5,1327182496
448,2657,4.0,1019128050
599,3328,3.0,1498525667
414,5646,3.0,1040048606
280,5025,2.5,1347605012
56,253,3.0,835799162
414,55363,3.0,1249835175
199,46578,2.5,1261363569
414,4677,3.0,1017670074
474,6286,4.0,1081177442
182,1603,2.5,1055153706
599,62970,1.5,1498530503
586,1784,4.0,1529901920
489,22,3.5,1333022826
536,419,3.0,832840545
555,1441,4.0,978747097
474,5693,3.5,1058990320
125,113741,4.0,1474375614
525,159817,4.5,1476477259
448,87298,3.0,1342211700
142,193,2.0,838934084
587,3435,4.0,953137328
474,818,3.0,1046888085
274,68205,3.5,1256143842
77,5989,2.0,1535107548
372,1047,3.0,874416317
561,4223,3.5,1491092415
474,223,3.5,1089386951
89,745,3.0,1520408276
177,55052,3.5,1435525378
597,4424,3.0,941640463
357,1394,5.0,1348611821
281,2329,4.0,1183000508
477,4993,4.5,1200939842
555,24,5.0,978841879
452,4370,3.0,1013395308
105,27773,5.0,1446571867
596,81834,4.0,1535827220
448,1961,3.0,1019123894
26,454,4.0,836950483
348,2616,4.5,1378849901
474,965,4.0,1130961711
452,1036,4.0,1013394799
357,1231,3.5,1348609767
382,26764,0.5,1515163247
594,1088,4.5,1109035643
489,33794,3.5,1334170022
525,5378,2.5,1476476338
414,1711,5.0,961438476
438,3793,4.0,1105649537
135,587,4.0,1009691307
274,61240,3.5,1285897711
75,2078,5.0,1158982700
33,293,4.0,939716559
62,1221,5.0,1521488574
599,26504,3.0,1498523571
136,181,1.0,832449858
405,3916,3.5,1295924979
414,4520,2.5,1324237934
200,41566,3.5,1229887007
202,2463,4.0,974924201
286,2001,3.0,1119561414
162,31,4.0,836511596
156,1084,5.0,946798346
380,405,3.0,1508170289
232,8622,4.0,1247190446
135,2468,2.0,1009691649
563,117529,3.5,1439932810
322,1625,5.0,1217676817
367,1287,4.0,997811450
225,1387,5.0,949261297
602,215,3.0,840876123
438,4887,3.0,1105664708
84,691,3.0,860398662
522,2105,4.5,1297482579
249,34520,3.0,1354107052
249,1196,5.0,1346757817
474,26965,3.0,1124651675
29,1209,4.5,1308025043
559,1210,4.0,865095758
388,8869,2.5,1386689993
301,2716,3.5,1211377798
452,3704,5.0,1019580965
315,2729,3.0,939920661
517,1015,3.5,1487956747
608,8644,4.5,1117336993
480,2872,3.0,1179161677
149,788,4.0,902085033
20,4519,3.5,1054038247
172,527,4.5,1291065634
230,1721,3.0,1196304348
66,2987,4.0,1113190027
64,595,3.5,1161520447
1,1278,5.0,964983414
38,597,2.0,841341384
121,6,5.0,847656264
428,3745,2.0,1111523441
473,48082,4.0,1169351881
42,1641,3.0,996218735
156,4205,3.5,1106854177
594,7742,0.5,1108950670
21,34048,3.5,1468113413
145,231,3.0,832105242
305,136020,3.0,1460134883
245,246,4.0,951182758
323,454,3.0,1422640259
124,1784,4.0,1336412860
298,1288,4.0,1447584523
386,45,3.0,842613904
219,1752,3.0,1198782785
409,2858,5.0,968978055
100,1500,4.5,1100185854
452,1196,5.0,1013395184
64,4002,4.5,1161529462
414,169992,3.5,1514242062
28,67534,3.0,1242883379
219,1954,4.5,1194932353
81,364,2.0,845299844
141,2694,3.0,1513132111
173,595,3.0,843397907
548,2716,3.0,1488825566
64,2694,3.0,1161559713
331,54259,3.0,1537158451
483,1702,2.5,1215898398
182,6440,4.5,1054781152
82,34,2.0,1084467775
91,2797,3.0,1112711087
600,552,3.5,1237713516
179,786,4.0,852115325
41,111,2.0,1459367437
474,2501,3.5,1053021277
480,3174,3.5,1179179415
252,98491,5.0,1498284315
559,161,3.0,845475880
298,84944,1.5,1447517120
519,4025,5.0,1518478829
452,2617,5.0,1013397976
600,4734,2.5,1237762297
381,6541,2.0,1167542565
91,2990,2.0,1112718050
78,296,4.0,1252574962
606,1219,4.5,1171326504
556,78105,4.0,1534321036
565,590,5.0,846533209
84,272,5.0,857653843
480,2324,3.0,1179178048
226,5419,2.5,1101194053
414,1945,4.0,1095882980
318,594,3.5,1256504618
474,1029,3.0,983032230
606,6573,4.0,1173570357
226,48,3.0,1095663041
579,3512,3.0,958880724
89,68659,2.0,1520408893
474,2088,2.5,1060106633
177,32017,3.0,1435837447
298,3702,2.0,1450452535
73,72378,2.0,1464282943
517,5502,1.0,1487953335
63,48780,3.5,1443200478
352,2542,5.0,1493673590
580,36529,3.5,1167674179
445,527,3.0,1454621684
376,1527,2.0,1364994269
175,56949,4.0,1234189781
543,4994,5.0,1230602310
603,2865,4.0,963178079
411,266,3.0,835532221
80,74458,4.5,1377308784
448,3868,5.0,1019127430
239,4306,4.0,1221158396
603,2918,4.0,953927655
103,69844,1.5,1431969586
599,4292,3.0,1519333392
226,7360,4.0,1162428716
217,2167,2.0,955940700
244,165,2.0,975093266
94,225,3.0,843406826
28,34150,3.0,1234516309
488,8360,5.0,1112382147
298,7293,2.5,1447598366
603,3571,4.0,963175947
580,1127,4.0,1167791486
125,71057,4.0,1474482104
305,25,3.0,1518197993
603,1128,1.0,953925740
448,115170,2.5,1445682180
526,593,4.0,1502131895
474,1211,3.0,1060606657
19,3624,3.0,965702776
140,260,4.0,942842304
474,100,2.0,1048710159
384,3996,5.0,994037848
318,47999,3.5,1413646585
167,432,2.0,1154719066
219,2302,3.0,1194681134
474,3254,3.0,1002757130
66,6773,4.0,1099187633
90,68,3.0,856354249
474,1507,3.5,1120355962
313,2798,3.0,1030558282
483,85780,3.5,1307314080
274,60040,3.5,1219088271
339,318,4.0,1460519031
599,32387,3.5,1519183803
260,6620,4.5,1109410576
177,64839,3.5,1435524967
600,5060,5.0,1237850978
260,3006,4.0,1109410893
169,1777,4.0,1059428128
603,3219,2.0,953926202
61,1208,4.5,1145531565
483,54272,4.0,1186314193
239,2424,4.5,1221866464
18,47491,4.0,1456859832
18,1,3.5,1455209816
182,3946,2.5,1055153842
16,858,2.5,1377476772
111,104218,4.5,1516154964
51,70,5.0,1230932691
414,71464,4.5,1273977259
495,5254,3.5,1458636268
378,90600,3.5,1445347243
448,494,3.0,1019124621
492,36,4.0,863976004
448,164375,1.5,1486228301
387,8196,3.5,1184652464
177,34048,3.0,1435524709
599,2393,2.5,1498516581
414,64614,4.0,1261937993
474,5012,4.0,1100120007
222,91529,4.5,1391347695
352,1835,3.0,1493673893
68,3702,2.5,1230497914
508,3396,2.0,1268297481
606,1721,4.0,1171325893
297,1483,1.0,900875927
282,3114,4.5,1378497429
387,4392,3.5,1182666234
293,3744,2.0,1044870855
257,784,3.5,1141625622
448,4267,3.0,1044649729
111,58156,3.5,1516152505
344,3996,3.0,1420496122
66,8493,4.0,1104645429
141,54503,3.0,1513130596
274,59022,4.0,1221511744
202,62,3.0,975013683
64,4975,3.0,1161528785
94,318,5.0,843406707
465,750,5.0,959896479
409,2598,2.0,968978384
298,6870,2.0,1447560172
480,648,3.0,1179177792
1,2139,5.0,964982791
532,1704,3.0,1025570521
599,2359,2.5,1498511902
159,106696,3.0,1508640298
327,3897,4.0,1234788408
414,4033,4.0,1000129365
380,56003,3.0,1494696944
575,2568,4.0,926510514
437,592,3.0,859721399
274,2174,3.5,1171491595
284,435,4.0,832786975
600,110,2.0,1237759135
411,376,4.0,835532965
381,3753,4.0,1165975398
273,180,4.0,835860999
272,112138,4.0,1533490929
381,4321,3.5,1167542239
477,74553,4.5,1278285809
546,1990,4.0,973588258
353,330,2.0,831940409
9,2300,5.0,1044657072
414,27837,3.0,1139244660
286,377,4.0,1119562872
51,3489,5.0,1230929471
234,2355,5.0,1004409394
105,8958,4.0,1446572532
41,3285,4.0,1458940228
314,524,4.0,834241835
387,58293,2.0,1214730732
100,1270,4.0,1100185872
133,457,4.0,843490862
430,2393,3.0,965600256
271,1127,2.5,1234302348
438,8464,4.0,1105666042
332,3994,3.0,1352673822
345,779,5.0,1342827179
354,3977,3.0,1200870298
524,1278,5.0,851609768
294,2796,3.0,966596438
89,5481,2.0,1520408492
41,61240,4.0,1458938969
144,590,5.0,1137323386
528,1036,5.0,1391736474
497,1704,3.0,1429127156
219,64620,4.0,1237238981
246,3949,2.0,1354146010
167,1,3.5,1154721923
607,1282,3.0,964744490
594,494,5.0,1108974423
91,3868,4.0,1112711569
141,106696,3.0,1513129988
528,44199,4.0,1391736786
105,163925,5.0,1526208027
57,52,3.0,969753586
274,3994,3.5,1171172393
424,112556,1.0,1457845179
305,160565,4.5,1494085428
414,42738,3.0,1216150216
28,52241,2.0,1236313504
214,788,2.0,853937922
288,31923,4.0,1123159400
249,167370,3.5,1483910393
232,5810,4.0,1206992601
596,3052,4.0,1535827426
387,3238,1.5,1203301123
274,74532,2.5,1293217932
603,4643,1.0,1000194231
110,7173,3.0,1175329735
564,539,3.0,1478453926
182,3986,2.0,1055151078
318,109374,4.0,1445022540
275,908,5.0,1049078001
232,2881,2.5,1217541051
219,1429,3.0,1198782533
330,1219,3.5,1285903841
555,1676,1.0,978841648
122,152081,4.0,1461561191
274,145,2.0,1171758635
226,5989,4.5,1162428551
414,2006,2.0,1008691064
500,2294,3.0,1005528301
222,4993,4.0,1391350311
502,3471,5.0,1111757648
600,2160,3.5,1237742506
304,314,4.0,882785680
372,150,3.0,874415328
187,7022,3.5,1161849344
124,79592,2.0,1336409828
66,589,4.0,1104643949
414,1515,2.0,961682383
372,931,4.0,874415062
211,2642,3.5,1350912090
474,7560,4.0,1238350542
122,780,4.0,1461561583
509,2294,2.5,1435992774
78,2605,2.5,1252573252
561,3300,3.0,1491094426
177,33836,3.0,1435529733
599,103609,1.5,1519350045
55,3275,5.0,1312749156
274,553,4.5,1171756122
590,595,4.5,1258420518
288,1389,1.0,976138444
317,64839,5.0,1430512126
247,88125,5.0,1467646497
608,4816,3.0,1117408491
368,1214,4.0,975828806
178,1240,4.5,1164355380
177,253,4.0,1435533709
603,1346,4.0,953925705
248,86880,4.0,1534592059
105,6863,3.5,1446749758
587,1302,5.0,953142030
567,179749,1.5,1525288705
517,2409,0.5,1487954047
509,72701,3.5,1436000778
317,55276,4.0,1430517276
606,44613,2.5,1211920966
103,134881,5.0,1440773409
222,3273,3.0,1391352150
140,1584,5.0,949666942
414,3298,4.0,963840670
89,164226,4.5,1520409181
499,2644,2.5,1289960027
63,1201,4.0,1443199813
553,431,4.0,1230774414
325,2912,5.0,1039395682
513,1304,4.5,1159980393
352,114180,4.5,1493674704
226,2916,4.0,1095662838
38,350,4.0,841341428
365,6874,2.5,1488333518
590,2324,4.0,1258421107
215,1297,5.0,1260908572
4,1885,3.0,964622617
256,73321,4.0,1446581112
358,605,3.0,1339539265
510,1247,4.0,1141159035
474,1148,4.0,1053372059
111,96616,4.0,1516155004
105,5014,4.5,1447574038
205,912,2.5,1519900636
352,318,5.0,1493931907
274,2087,3.0,1171759794
380,168254,4.0,1508200864
600,924,4.0,1237708613
490,4226,4.0,1334940351
64,780,3.0,1161520462
448,1210,5.0,1019123866
68,1676,2.0,1158532501
297,608,4.0,900871829
160,1127,2.0,971113711
45,1934,3.0,1021412195
113,4040,3.0,980051522
351,55577,3.5,1328296301
40,168,2.0,832059315
68,1580,4.0,1158531346
483,4025,3.0,1415576118
597,1799,4.0,940362491
559,356,4.0,845475863
443,116823,5.0,1420236431
32,376,3.0,856736227
282,750,4.0,1378490687
82,6539,4.5,1084467083
292,2712,2.0,1015374833
477,3033,3.5,1200942989
583,216,4.0,1481474353
438,3754,2.0,1105669923
177,51925,3.5,1435837886
239,590,4.0,1221158384
222,7325,4.0,1391352939
606,7323,4.5,1171233972
474,1958,3.0,978576217
599,2496,2.5,1498516281
303,2797,3.0,1053302815
606,32587,4.0,1174427243
221,2959,5.0,1111175978
352,1200,4.0,1493931972
448,78116,3.5,1313949876
21,99532,1.5,1418063469
185,2355,3.0,1044311830
489,1961,4.0,1334170438
266,21,4.0,945669287
111,2571,0.5,1516140656
19,370,3.0,965707669
580,6287,2.5,1167861826
98,63859,3.0,1532457583
608,4720,4.5,1117415910
356,30822,3.5,1229140623
140,587,3.5,1085569696
412,913,5.0,939115095
600,3099,1.0,1237858553
234,917,4.0,1004409614
314,593,3.0,834242030
84,334,4.0,858772079
68,2722,3.0,1158535100
480,33495,3.5,1179166091
357,196,2.5,1348628318
182,2353,3.0,1055151026
199,6947,3.5,1070289514
555,2255,1.0,978823282
182,1431,2.0,1055150663
474,7015,3.0,1070286785
373,475,5.0,846830457
418,296,4.5,1461865706
274,68791,2.5,1284685589
200,60074,3.5,1229887390
453,1627,4.0,972622102
599,64285,2.5,1498532907
477,3429,4.0,1200940478
380,5065,2.5,1494267498
290,2917,4.0,974942075
198,1230,3.0,1034136655
352,90746,4.5,1493674916
601,48394,4.0,1521467754
608,8783,3.5,1117503525
114,8368,4.0,1485387906
449,3950,4.0,1053200229
58,153,3.0,847718434
474,6,3.0,1047054565
297,1488,1.0,900872530
610,44828,4.0,1493848219
572,3068,5.0,946484969
183,2529,4.0,992331540
377,1215,5.0,1340345437
603,1960,4.0,953927858
357,4963,4.5,1348612199
294,2111,2.0,966595695
165,4963,5.0,1046741972
89,112138,3.0,1520408629
249,78209,3.5,1348497257
91,653,2.5,1112710875
410,4280,4.0,990728301
249,90403,3.0,1430483182
596,31658,5.0,1535708584
480,161,3.5,1179178010
599,2292,2.5,1498514773
514,1179,4.0,1533945171
414,4901,3.0,1018614460
474,7757,3.0,1084798828
234,4638,4.0,1004407828
376,1214,5.0,1364994191
151,788,5.0,855947306
122,69122,4.5,1461561481
483,3471,2.5,1327277229
563,56941,3.0,1441845031
560,53460,3.0,1469655498
9,1095,4.0,1044657088
326,47,4.0,1419880411
599,2841,1.5,1519177952
177,11,3.0,1435890660
462,82857,4.5,1312346388
483,1042,3.0,1327277790
68,3553,2.0,1275958275
307,1089,4.0,1186161465
541,224,4.0,835643266
318,90357,3.5,1427578983
517,2087,4.0,1487956866
573,52712,0.5,1248842748
70,1968,4.0,1355198538
204,58803,5.0,1327183056
21,111113,2.5,1407617738
288,2391,4.0,978647301
517,902,4.5,1487957197
140,104,3.0,949667320
57,2109,4.0,969753562
452,1954,4.0,1013394745
274,1235,4.5,1175660948
514,148626,4.0,1533948677
202,357,4.0,974923638
307,260,3.5,1186160883
121,318,5.0,847655960
51,1009,3.5,1230930546
365,132888,3.0,1489797059
221,446,4.5,1111178224
64,1042,3.0,1161620561
484,44840,4.0,1342369406
493,3863,1.0,1001562434
448,109895,3.0,1465151268
449,2692,3.5,1053200189
462,3018,4.5,1370129361
473,2581,3.0,1169351147
468,160,2.0,831400545
610,111743,3.0,1493849968
570,2791,3.0,1181478165
339,82459,4.5,1460518615
318,154,3.0,1419695340
219,6548,4.0,1195700672
58,372,3.0,847719438
308,2028,0.5,1421373779
474,4448,4.0,1002756871
573,47,5.0,1186589586
600,2918,4.0,1237712451
474,3552,2.0,1014924296
387,2361,4.0,1186123435
338,189043,2.5,1530148447
125,158872,5.0,1474141733
364,628,5.0,869443772
89,99853,4.0,1520409110
274,8967,1.5,1172110927
603,2973,4.0,953927628
108,3978,4.0,1042841746
474,36535,3.5,1165540020
490,78160,3.5,1328145350
568,50,5.0,1243576177
64,27869,4.5,1161531223
420,6287,3.5,1218039698
448,115713,3.0,1450298411
64,6,4.5,1161520752
414,4103,5.0,991144129
221,4914,4.0,1119984619
599,4846,2.5,1519233720
452,377,4.0,1019584545
21,103253,3.0,1403460742
274,2093,3.5,1172007826
288,34528,3.0,1209043794
288,952,3.0,978467717
385,314,3.0,847136602
231,527,2.0,1433089472
477,2105,3.5,1200946320
563,104906,4.0,1441845128
130,208,3.0,832589634
235,39,3.0,841422477
287,3398,3.5,1110230815
507,339,4.0,838964628
607,457,5.0,963078932
403,3107,4.0,1225243377
108,4027,5.0,1042841504
148,356,4.0,1482548476
339,81562,4.0,1460518893
304,1307,4.0,891173243
570,49272,4.0,1181476664
603,290,4.0,953925049
526,1732,4.5,1502132102
555,3534,5.0,978748219
438,1608,3.5,1105670461
555,529,3.0,978840446
201,46,1.0,939227085
603,2529,4.0,963177215
117,32,3.0,844162955
469,1136,5.0,965336905
590,3551,3.5,1258418701
68,3698,2.5,1158534829
448,3024,3.0,1019133161
428,1909,2.0,1111523259
555,1587,2.0,978822969
28,40629,2.0,1236313806
387,3262,3.5,1117430872
599,84414,3.5,1498539853
382,4993,5.0,1515160693
95,2105,4.5,1105401153
552,25,3.0,1112151250
307,4448,4.0,1215657500
555,4080,3.0,980125287
219,2085,4.0,1198814627
200,8969,3.5,1229878719
255,2542,3.0,1005717199
318,74226,5.0,1419694294
573,745,4.5,1248839793
1,1967,4.0,964981710
608,2253,2.5,1117674875
307,2193,2.0,1186162320
169,1416,4.0,1070250325
354,44,3.5,1200865357
525,142997,3.5,1476478201
361,3082,4.0,1204046309
474,5810,3.5,1100292446
387,4109,2.5,1156576974
105,213,4.5,1446610221
305,318,5.0,1460134079
275,1635,5.0,1049078947
239,3408,4.5,1221158623
64,8376,5.0,1161528840
217,1589,3.0,955943036
599,881,1.5,1519330758
95,4878,4.0,1105401219
599,1275,3.5,1498797704
368,3810,3.0,971275906
339,1272,4.5,1500604883
298,2424,0.5,1452959543
199,593,4.0,940372348
517,137857,5.0,1487953582
179,65,3.0,852115576
343,55765,2.5,1202061310
111,122904,5.0,1516141018
93,367,5.0,942946986
414,45499,3.5,1165418891
167,8984,0.5,1154719347
590,2797,4.5,1258416809
18,50,5.0,1455049343
468,231,2.0,831400464
414,119145,4.0,1522624524
594,7564,0.5,1108950754
68,317,2.5,1158533037
183,1196,4.0,992331144
541,367,2.0,835643118
50,96079,2.5,1514238937
301,141,4.0,1211378832
469,3683,5.0,965335217
599,8045,2.0,1519244828
125,148626,3.5,1474424812
492,736,4.0,863975947
458,539,5.0,845652581
448,4002,4.0,1019127415
480,36519,2.0,1179165632
182,788,2.0,1055152181
19,457,4.0,965710781
237,46976,2.5,1411233909
390,63062,3.0,1250340728
436,457,5.0,833529639
80,1302,4.0,1377306348
154,130634,0.5,1486297255
414,1673,4.0,961517035
352,93510,2.0,1493674530
227,36529,4.5,1447210948
365,4896,2.5,1488333556
349,589,4.0,834751082
199,2174,2.5,1074006407
599,8910,2.5,1519126381
477,585,0.5,1200942127
182,2924,3.5,1057525573
76,5956,3.5,1439165888
151,1409,4.0,855947773
555,203,3.0,978747627
21,70286,3.5,1441826981
606,48214,3.5,1201868008
153,1356,0.5,1525552756
266,1485,2.0,945669397
21,112175,3.5,1418063384
438,30825,3.0,1105649602
599,719,3.0,1498525383
174,508,3.0,848487173
279,589,4.0,1506394357
448,59615,2.0,1230847506
352,64497,3.0,1493675121
279,2502,4.0,1506395827
274,2294,3.0,1171511579
182,4014,5.0,1054783966
219,4623,4.0,1195700021
610,1258,5.0,1479543008
387,2750,4.0,1155628291
86,419,3.5,1343944880
111,112497,3.0,1516154961
524,6,4.0,852404399
356,802,2.0,1232430722
111,136511,2.0,1516156349
606,1612,3.0,1172016604
305,4776,4.5,1460324015
188,1028,5.0,962559967
117,362,4.0,844163543
307,7117,2.0,1186259260
356,48774,5.0,1229142601
352,102194,4.0,1493675196
257,494,3.0,1141625543
119,7153,5.0,1435944759
1,2797,4.0,964981710
603,2628,1.0,963177792
275,4308,2.0,1049077746
608,2291,3.5,1117415325
298,4734,4.0,1447584585
462,50,3.5,1154037688
484,7451,3.5,1342297915
599,53143,2.0,1498527190
555,367,3.0,978746552
1,3450,5.0,964981144
318,113348,3.5,1417278624
129,6537,3.5,1167376814
204,54372,4.0,1327183864
68,1270,3.0,1271544201
195,4020,3.0,1009700378
437,50,4.0,859721362
220,60069,5.0,1230055590
388,86298,4.0,1386694439
483,158,2.0,1181496575
387,2259,2.5,1152860827
480,6333,4.0,1179163552
599,8369,2.0,1498510200
599,1994,2.5,1519119603
606,1284,3.0,1171821773
51,52973,4.5,1230929864
331,112556,5.0,1537157990
199,5464,4.5,1094309740
21,3623,4.0,1376823417
354,377,4.0,1200870226
601,116797,4.0,1441639186
586,858,3.0,1529899254
371,1377,3.5,1407691648
517,82459,1.0,1487953537
387,2302,2.5,1117415238
479,2798,1.0,1039360660
282,8360,4.0,1378497133
517,597,3.0,1487957183
240,318,3.0,849122165
448,98230,3.5,1377355019
307,8961,3.0,1186162113
398,2144,3.5,1311207340
28,8633,4.5,1234337791
599,1021,1.0,1519338906
590,7143,3.0,1258422493
220,2795,4.0,1230054675
474,1748,4.0,1132173434
1,1804,5.0,964983034
603,1274,1.0,1002403424
160,1373,2.0,971114703
610,130634,4.5,1493846403
199,555,2.0,940543949
280,73266,3.0,1347605299
480,4921,3.5,1179162682
425,6378,3.0,1106483110
469,2204,4.0,965846099
288,2109,3.0,1048089667
63,1208,5.0,1443199821
93,349,4.0,942946208
606,2411,2.0,1172010968
239,260,5.0,1221148002
525,70862,3.0,1476477379
274,77364,3.0,1293218077
480,367,4.0,1179177752
377,3928,3.0,1340342631
202,3740,4.0,974921336
108,4975,4.0,1042841689
560,6365,3.5,1469650024
125,79132,4.0,1474297303
465,3740,4.0,959895583
182,2672,4.0,1055152278
63,5952,3.5,1443200469
527,2657,5.0,1033174848
509,4848,3.5,1435993450
280,2105,2.0,1348532828
577,590,5.0,945965737
284,32,5.0,832699723
606,282,4.0,1171236810
509,33493,3.0,1435992693
274,5094,2.0,1197187880
226,2174,4.0,1095662922
421,318,5.0,1311494696
469,1876,4.0,965334310
268,47,3.0,940180858
217,1855,3.0,955945068
89,53355,5.0,1520409446
253,7099,5.0,1286644918
567,34048,1.0,1525289571
318,97938,4.0,1413116821
290,326,4.0,974942857
396,2081,3.0,1111688473
182,3185,4.0,1075765213
480,1625,2.0,1179161901
452,1968,5.0,1013394485
91,1653,4.5,1112712176
140,7076,5.0,1117729689
457,3897,4.0,993610536
380,122912,5.0,1526165814
275,1089,5.0,1049076262
274,33679,2.5,1171758586
567,79132,3.0,1525287376
414,7090,4.0,1109974393
489,92938,0.5,1332773103
212,46578,4.0,1490115470
52,65514,3.5,1468051786
249,5502,3.0,1356439436
522,85414,4.0,1314228652
105,88810,3.5,1446572309
414,511,2.0,961516318
474,8293,3.5,1085671095
346,3186,3.0,1125858352
29,68237,5.0,1307906345
367,260,5.0,997810956
131,27611,3.5,1349840483
461,527,3.5,1505935217
465,527,5.0,959896479
33,497,4.0,939646939
517,750,1.0,1487958658
263,2125,3.0,940384675
469,2456,3.0,965335989
560,2115,4.0,1469657601
116,2605,4.0,1337196091
232,6619,1.5,1085353163
103,53125,4.5,1431969172
448,4270,1.0,1041272707
307,6744,1.5,1186258775
480,5952,4.5,1179160168
276,765,4.0,858350846
46,434,4.0,834787826
47,49824,2.5,1496206304
561,329,3.5,1491095464
483,2997,5.0,1277996359
141,8784,3.0,1513130594
518,3897,4.5,1056907492
465,924,5.0,959895962
580,8376,1.0,1167790071
63,7254,2.5,1443290300
63,150,3.0,1443201072
562,3275,3.5,1368893866
492,1367,3.0,863976287
514,596,4.0,1533872889
66,3039,4.0,1093747791
603,3246,4.0,953927375
129,648,4.0,1167376093
263,1680,5.0,941591986
103,1084,5.0,1431957888
57,1148,5.0,965796004
474,1673,3.5,1087832428
217,1031,2.0,955942145
160,2118,5.0,971113741
199,7137,3.5,1074006330
288,87,3.0,1174395882
112,7153,5.0,1442535781
282,2019,3.5,1378489639
249,110,5.0,1346841413
603,4433,5.0,1000194379
20,3753,3.0,1054037352
18,81788,4.5,1463695521
129,239,4.0,1167378257
560,223,4.0,1469657652
282,6377,5.0,1378495304
264,1580,4.5,1136978772
213,4368,3.0,1316195255
590,1377,2.5,1258421469
298,3210,3.0,1447584579
233,183011,1.5,1529333314
202,678,4.0,974913044
606,3451,5.0,1171377657
265,1084,3.0,965316167
57,994,4.0,972172431
381,48385,4.0,1165286958
600,30749,2.0,1237858842
432,3717,3.5,1315243290
599,26854,2.5,1519346846
225,1079,4.0,949111188
6,347,3.0,845555300
563,72641,4.0,1448076673
438,2706,3.5,1105668393
414,2124,2.0,961438532
195,3113,1.0,974708914
42,2771,4.0,996262184
246,6016,3.5,1354145963
165,5872,3.0,1046742010
438,7154,2.0,1105911874
140,5699,4.0,1058312977
415,2764,4.5,1382469855
246,81847,5.0,1354125736
483,101765,3.5,1415577027
483,1196,4.5,1327276799
119,115617,5.0,1435943203
64,25,3.5,1161521571
434,64839,4.5,1270604023
98,82461,1.5,1532457548
380,1222,5.0,1493474209
414,1641,4.0,961438248
239,2502,5.0,1221158519
244,145,3.0,975093513
551,106782,4.0,1504925198
195,318,5.0,974709608
596,7293,1.5,1535708553
603,1051,4.0,963179734
292,3893,2.0,1041613291
534,1676,4.0,1459787997
559,316,3.0,845475863
99,288,3.0,829828006
105,6643,3.5,1448214183
28,55363,3.0,1236315140
448,91842,2.0,1366485592
305,3996,4.0,1518198622
542,3717,2.5,1163388483
85,1357,5.0,889467539
387,6502,4.0,1124521959
610,138036,3.5,1493846318
108,1968,4.0,1042838877
510,31427,1.0,1141159676
182,5772,4.5,1077582837
200,2571,5.0,1229887354
357,46976,4.0,1348610741
4,3033,4.0,986936200
290,1090,4.0,974938908
305,2944,4.0,1494083411
305,102407,3.5,1518858776
414,4516,2.0,1026225630
357,708,3.0,1348627065
472,1892,4.0,1345843012
382,88356,2.0,1515161610
307,26686,1.0,1189607506
20,1367,3.0,1054038378
372,1131,4.0,874414749
495,45720,5.0,1458636584
377,7834,4.0,1340342977
45,3196,4.0,1021412195
42,3316,2.0,996216735
96,2174,4.0,964773672
42,1894,4.0,996214081
481,1605,2.0,884773846
119,74458,4.0,1436007606
354,531,4.0,1200865454
308,58559,4.0,1421373894
275,2624,5.0,1049078560
141,1517,3.0,1513130782
6,592,3.0,845553109
91,4878,4.0,1112712017
448,49278,3.0,1202594209
325,2352,3.0,1039396958
480,49530,4.5,1179160904
6,468,4.0,845553907
102,364,4.0,835876151
73,112290,3.5,1464282984
10,1088,3.0,1455619275
119,80463,5.0,1436007615
517,97194,1.0,1492338967
563,7451,3.5,1447030816
334,56174,3.5,1229959334
473,3897,5.0,1169351636
279,112138,3.0,1506394530
166,8464,3.5,1190828785
587,342,4.0,953138160
313,4121,1.0,1030475266
414,6268,4.0,1093392913
9,5893,4.0,1044657144
68,709,3.5,1275957523
9,1037,2.0,1044656650
606,1259,4.0,1171825255
474,39869,4.0,1165540036
298,592,3.5,1450360483
273,587,3.0,838649593
284,434,4.0,832699673
448,1380,3.0,1019128158
380,7981,5.0,1494528748
560,48394,4.0,1469649645
370,44195,4.0,1159163472
140,6279,4.0,1087314689
202,457,3.0,974918472
108,497,3.0,1042841018
192,110,3.0,835128955
135,1968,4.0,1009693921
215,4019,4.5,1260905562
367,3969,4.0,997813206
76,31410,4.0,1439168677
219,8961,4.0,1194685997
517,6550,0.5,1488398440
323,480,3.5,1422640356
567,112290,0.5,1525289860
287,1359,0.5,1110231235
567,166705,3.0,1525286691
573,36529,4.5,1248841923
298,61729,0.5,1447517299
314,39,3.0,834398364
274,4015,2.0,1177013216
332,1,4.0,1352672340
574,380,4.0,834634383
367,923,5.0,997812715
140,1653,2.0,967049014
561,2916,3.0,1491092175
259,7149,4.0,1146846058
373,44,1.0,846830190
298,122882,3.0,1447518261
558,5127,4.0,1035415746
254,41997,4.5,1180564519
198,924,4.0,1034135489
177,5064,3.5,1435526178
197,50,3.0,947462391
414,3793,4.0,963840900
510,2804,3.0,1141160532
307,2997,3.0,1186086153
19,1057,3.0,965706795
219,7022,5.0,1194686034
82,2378,3.5,1084465176
510,5945,3.5,1141159134
414,56174,3.5,1216146980
307,6012,2.0,1186258664
414,175,4.0,961518394
504,5952,4.0,1064450662
325,407,2.0,1039396015
156,969,4.0,946799037
105,84954,3.5,1447563459
608,4310,3.0,1117490801
477,4226,4.0,1200939350
6,292,4.0,845553253
140,5014,4.0,1014225035
298,3477,3.0,1466277285
297,494,2.0,900872375
288,21,4.0,975693063
39,1967,4.0,974789854
256,6502,4.0,1446580270
238,4498,4.0,1007931941
602,170,3.0,840876475
409,223,4.0,968978133
592,588,5.0,837349868
414,6341,3.0,1095465829
509,48394,4.0,1435993387
608,3717,3.5,1189471151
265,379,4.0,965315328
29,111362,4.5,1405816130
480,8810,1.5,1179165762
527,3751,4.0,1033174482
586,122916,4.5,1529899181
39,2174,3.0,974789854
343,4226,5.0,1202060782
417,78349,3.5,1532134202
294,3031,1.0,966597212
140,377,4.0,967048935
534,64969,5.0,1459787999
381,6503,3.0,1167543040
28,47099,3.0,1242288778
474,31116,4.0,1165540252
103,1064,3.5,1431970300
543,7361,5.0,1377022494
313,2097,2.0,1030475828
474,47465,3.5,1180012298
240,435,3.0,849122370
181,172,1.0,845469842
1,1732,5.0,964981125
354,1876,3.5,1200952896
57,2490,4.0,969754509
481,1588,1.0,884773814
396,3052,3.5,1111688499
306,166534,4.0,1518327356
389,6,5.0,857934242
223,4995,2.5,1226209842
177,72378,3.0,1435525268
448,3301,4.0,1023692566
156,3072,4.0,946799453
370,541,3.5,1159162739
584,161,5.0,834987172
29,2761,3.5,1307905804
384,2734,3.0,996440991
479,3308,5.0,1039362558
594,552,5.0,1108975074
597,159,2.0,940361870
463,3448,3.0,1145459479
249,8665,4.0,1347317833
522,3052,4.5,1371443537
597,2367,5.0,941640463
599,2949,2.5,1519121895
579,48,4.0,958881238
448,95875,1.5,1375631183
42,3968,2.0,996217146
555,4042,3.0,980124580
534,8636,4.0,1459787998
68,2605,3.5,1158535237
45,1721,4.0,1091306055
140,3513,3.0,1004036158
448,2794,3.0,1019128447
268,1213,5.0,940266842
217,1259,3.0,955941925
603,4703,1.0,1002403400
599,103772,3.0,1498525304
1,1580,3.0,964981125
272,51662,3.5,1532266409
217,435,3.0,955944863
474,830,2.0,1046887848
111,52245,3.5,1516141425
125,95441,4.5,1474296341
146,410,3.5,1312509083
480,2291,4.0,1179161594
73,6863,3.0,1464197129
177,89804,2.5,1435836948
382,5218,4.5,1515171411
381,2012,3.5,1165975333
560,78209,3.5,1469655261
103,2761,3.0,1431968046
437,587,3.0,859721815
288,5103,3.0,1154534625
462,5212,3.0,1488672904
267,3552,5.0,959807840
156,154,5.0,939842396
232,2694,3.0,1192670416
452,1909,5.0,1013396317
105,44665,5.0,1446571852
313,2366,2.0,1030475605
500,2987,4.0,1005528301
91,3000,4.0,1112711478
382,5323,1.0,1515163660
37,150,5.0,845239388
140,6377,4.0,1079472354
474,4484,3.5,1060104442
373,47,5.0,846829997
77,5816,5.0,1535107557
448,5872,2.5,1173560547
290,36,4.0,975031318
474,440,4.5,1053021228
51,919,2.0,1230932502
202,3633,5.0,974921379
27,924,2.0,962686660
509,5810,3.5,1435993784
177,105844,4.0,1435532192
495,2571,5.0,1458634573
391,1722,3.0,1030944377
249,8984,4.0,1347318465
144,509,3.5,1137323852
414,4015,3.0,994167480
27,2151,5.0,965150942
275,1571,5.0,1049076538
100,1923,3.5,1100183784
298,3481,4.0,1447619963
260,6370,4.5,1109408901
438,4231,3.0,1105654176
453,4021,4.0,1005965902
203,832,4.0,1390094419
95,3070,3.0,1105401136
84,1266,4.0,858772543
19,761,3.0,965709832
610,6934,3.5,1493845393
495,4015,1.5,1458636838
600,661,4.0,1237742632
234,1920,2.0,1004409503
474,49524,3.5,1180012246
483,5628,4.5,1415579708
424,4848,3.5,1457902043
542,924,4.0,1163387449
181,218,3.0,845470481
610,6001,4.5,1479542185
610,380,5.0,1479544108
6,500,5.0,845553354
573,4993,5.0,1248840083
74,1221,5.0,1207502422
352,37729,4.0,1493674363
603,2271,3.0,963180212
474,947,3.5,1137521088
599,1884,4.0,1498498552
308,527,1.0,1421373691
65,48780,4.5,1494802296
111,78772,1.5,1516141819
596,86332,3.5,1535709825
441,106782,4.0,1449070526
426,30793,3.5,1451081030
288,4966,3.0,1026309749
603,2772,2.0,953926022
305,111759,3.5,1460303277
488,232,1.5,1112382297
483,52722,1.5,1181496589
561,93840,3.0,1491090750
15,318,5.0,1510571866
25,187541,4.0,1535470472
494,1200,5.0,1001666589
554,2571,5.0,944899185
66,1769,4.0,1113190787
594,1407,0.5,1108950844
448,140237,2.0,1472294240
469,1243,5.0,965425565
610,97988,2.5,1493848742
307,4584,2.0,1186260088
514,54997,4.0,1533948878
488,30707,4.0,1112382642
298,2371,3.5,1447584707
122,1208,5.0,1461561687
414,55768,2.5,1273977910
170,588,3.0,840472759
256,163,4.0,1447000076
216,671,2.0,975212699
307,908,4.0,1198813463
307,37857,4.5,1215657458
111,176329,4.0,1517440844
41,7445,2.0,1459367546
509,48780,3.5,1435993404
238,4954,3.0,1007931691
39,2858,5.0,974788291
169,4958,3.5,1059429271
282,1704,4.5,1378490576
327,318,4.5,1234788100
39,1617,2.0,974788030
249,99728,4.0,1366708840
93,588,4.0,942766957
91,494,3.0,1112713473
458,292,5.0,845651737
330,2628,3.0,1285905138
577,1090,3.0,945966476
387,122,2.5,1094939839
602,448,3.0,840876417
62,37733,4.0,1525125457
111,4700,3.0,1516143978
192,150,5.0,835128552
562,1246,5.0,1368893899
246,780,2.5,1354134583
479,4003,3.0,1039392560
484,3273,3.0,1342297866
288,3082,1.5,1246852276
200,2067,4.0,1229889065
512,110,5.0,841449335
232,31433,3.0,1182909220
209,2028,4.0,1524522191
45,338,3.0,950741024
550,80549,4.0,1488728505
249,32,5.0,1346752537
404,539,4.0,838375976
414,54286,4.0,1188919668
223,6711,3.5,1226209763
45,2791,4.0,950723611
314,813,3.0,851286667
381,3968,4.0,1168666239
500,2858,5.0,1005527724
509,92509,3.0,1435997923
28,3178,2.5,1242031255
365,1265,2.5,1488332858
525,5669,4.0,1476477215
167,7147,4.5,1154723586
421,527,5.0,1311494599
288,1566,3.0,978469502
221,912,5.0,1118246723
103,1033,4.0,1431969698
160,4021,5.0,998513052
18,158238,4.0,1493930228
573,91529,5.0,1370377585
51,4865,5.0,1230930023
307,37384,2.0,1186259104
560,5502,3.5,1469648877
80,102125,4.0,1377309044
177,948,5.0,1435803257
408,19,3.5,1469521999
77,3948,3.0,1535107573
610,3683,3.5,1479544378
177,911,4.0,1435536014
414,741,5.0,961514761
239,4571,4.0,1221159256
509,52973,2.5,1436101720
219,4344,2.5,1195349117
103,89774,4.5,1431955564
373,736,3.0,846830149
425,7458,3.0,1085491281
349,337,4.0,834750979
599,2380,1.0,1498797076
590,52281,3.0,1258427628
553,6016,5.0,1230774519
369,4214,3.0,1237081631
414,4014,4.0,1049060191
28,33166,2.0,1236313784
381,32,3.5,1200824503
377,4039,0.5,1340344438
298,2692,3.0,1447619952
64,1094,4.5,1161559675
437,1268,4.0,859721840
82,2410,3.5,1084521325
517,3549,3.0,1487957231
4,1449,5.0,945079767
19,1973,2.0,965705322
474,50740,4.0,1238350244
580,3527,3.5,1167792670
391,1131,5.0,1032388454
82,6687,4.0,1084466986
610,54272,3.5,1493846473
274,1485,3.5,1171491498
132,2683,3.5,1157921458
597,2639,4.0,941639928
18,5481,3.0,1455050806
448,139052,2.0,1477679994
47,59725,3.5,1496205699
298,1213,4.0,1450452225
448,36708,4.5,1160317629
527,527,1.0,1033173319
258,1197,5.0,1534892497
474,2863,4.0,1089386751
203,420,3.0,1390094402
606,1999,1.5,1178911148
4,2204,5.0,964540008
610,3996,5.0,1493844825
480,2395,5.0,1179178166
599,171695,3.0,1519346178
89,902,1.0,1520408324
470,153,4.0,849074824
63,49272,4.0,1443368271
298,86882,3.0,1447560537
552,4161,2.0,1111473094
610,106100,4.0,1493845281
474,6942,3.5,1083589253
68,55820,3.5,1208744692
119,95105,4.0,1439059096
85,1207,5.0,889468122
28,7009,3.5,1242289903
414,54281,3.5,1283876331
567,56782,5.0,1525282041
222,80463,4.0,1391350054
533,68954,5.0,1424753652
113,932,5.0,980306923
292,81229,3.0,1300059747
45,569,2.0,950722240
489,432,1.0,1385823787
318,5617,4.5,1419078384
249,94677,4.0,1347887475
182,50,4.5,1054781309
117,861,3.0,844163858
448,6893,4.5,1066069477
75,2571,1.0,1158967564
246,91542,4.5,1354125510
314,22,3.0,834398622
332,4979,3.5,1352674022
525,593,3.5,1476481468
240,592,3.0,849122058
111,167746,3.5,1516468575
105,4262,4.5,1446621878
182,2064,2.0,1054781246
339,71464,4.5,1460436456
599,1185,3.0,1519136685
393,68848,5.0,1430506781
465,1343,4.0,959896068
525,104272,4.0,1476477248
160,2699,3.0,971463110
239,1266,4.5,1221159371
63,1214,2.5,1443199787
232,64034,4.0,1261435237
89,4246,1.5,1520408372
182,2976,4.0,1055157691
200,441,5.0,1229876640
64,2700,4.5,1161519697
414,5299,3.5,1072057874
91,1408,4.0,1112712186
46,339,5.0,834787826
83,4226,4.5,1332839882
177,106100,5.0,1435804693
91,1380,2.0,1112713666
527,5560,1.0,1033173581
448,608,4.0,1059899864
561,138036,4.0,1491094445
318,94864,4.0,1355525120
603,2413,3.0,963176362
307,339,1.5,1186161060
545,2641,3.5,1240358462
111,121715,3.5,1516155084
117,780,3.0,844163204
414,593,4.0,961516659
212,1059,3.0,1500932314
196,3578,5.0,1460954089
91,3681,4.0,1112712864
318,590,3.5,1291398287
76,858,5.0,1439165633
354,2949,3.5,1200865477
386,22,3.0,842613867
68,8677,2.0,1158531657
380,1722,5.0,1493765184
414,1882,3.0,961515476
190,81834,5.0,1504310675
391,1185,5.0,1032390126
599,53125,2.5,1498528178
182,610,3.0,1054783022
524,1291,5.0,851609392
262,260,4.0,840306238
290,1283,5.0,975031171
332,78499,4.0,1352673722
610,77798,2.0,1493848368
76,6377,0.5,1439168391
387,6811,1.5,1117430896
68,50658,4.0,1233376648
590,7386,4.5,1267152394
144,7153,4.5,1136812675
422,912,4.0,989715981
105,4025,3.0,1446573412
414,2001,3.0,961437615
448,93980,1.5,1387886171
380,1777,3.0,1494932491
452,2338,5.0,1013398113
182,6857,1.5,1066667016
367,3466,5.0,997811870
357,1206,4.0,1348610009
610,7981,4.0,1493847542
105,42191,4.5,1446572696
590,370,2.5,1258421164
73,117590,4.0,1464198220
217,1541,3.0,955944471
187,1215,4.0,1161850031
523,293,5.0,1503125936
213,70286,4.0,1316196970
380,48982,5.0,1494696354
354,34319,4.5,1200953377
606,44694,4.5,1171234909
288,60069,4.5,1230312815
89,82854,2.0,1520408903
468,165,3.0,831400444
141,4018,3.5,1513130528
426,339,5.0,1451081021
41,7149,4.5,1459368679
111,165947,4.0,1516154513
199,7445,3.5,1101742892
567,108188,1.5,1525288999
387,2470,2.5,1094942090
186,3070,3.0,1031080176
318,102407,3.0,1417278660
41,68954,4.0,1458938821
45,316,4.0,950740601
610,8950,4.5,1493849533
579,480,4.0,958881789
226,2617,3.5,1095662997
199,2108,3.0,940372462
563,1088,4.0,1440793700
119,109846,5.0,1438439321
298,91976,3.0,1447517463
596,160438,3.5,1535709735
474,55253,3.5,1238350555
274,2863,3.5,1223000434
182,6285,4.0,1063274649
474,922,4.0,1055439689
484,356,5.0,1342228969
480,4011,3.5,1179163224
249,380,4.0,1353800578
21,102481,4.0,1376823593
599,37727,1.5,1498504787
219,4052,3.5,1198782700
57,2640,4.0,969753832
256,48385,0.5,1447002076
275,3910,5.0,1049077544
517,1704,2.5,1487953137
555,3917,3.0,978822740
209,60684,5.0,1524522466
249,60756,4.0,1356550320
414,1639,4.0,961437358
380,140359,4.0,1493421664
256,103228,3.5,1446581438
183,457,5.0,992331540
448,3264,1.5,1059899816
387,2141,2.5,1095041462
45,1753,4.0,950724820
80,40583,4.0,1377309137
372,1393,3.0,874415865
393,1214,3.0,1430506219
68,6879,3.5,1158535181
82,1552,3.5,1084465265
222,344,4.0,1391374544
63,5377,2.5,1443290294
182,4247,2.5,1063282183
600,45722,4.0,1237715576
528,589,4.0,1391736600
294,1374,4.0,966633825
387,46578,3.5,1167199020
553,8910,4.5,1219559516
517,969,1.0,1487958608
469,1957,3.0,965846210
111,6754,3.0,1516141143
73,8641,3.5,1464197978
474,1449,4.0,1056115380
217,1275,2.0,955942145
199,229,3.0,940373078
448,112171,2.5,1440870535
565,153,2.0,846533245
603,804,2.0,963178746
536,516,5.0,832840639
465,2628,2.0,959895496
546,1673,5.0,973588490
307,8874,5.0,1189457156
232,3949,4.5,1214863011
560,105954,3.5,1469657518
348,4226,5.0,1378850294
4,4896,4.0,1007574532
385,1127,3.0,865025112
357,58559,4.5,1348626968
430,4054,3.0,982794263
200,4886,3.5,1229885803
381,6385,4.0,1164383651
200,588,4.0,1229877199
587,1135,4.0,953140091
610,3893,3.5,1493847096
249,7153,5.0,1346757887
160,1748,5.0,971114075
274,3243,3.0,1247504410
199,1610,5.0,1070938417
561,592,4.5,1491091082
543,3301,5.0,1230602091
19,1610,3.0,965710871
200,1197,5.0,1229886108
141,5459,3.0,1513130468
217,3243,1.0,955935615
91,4571,3.0,1112712581
414,1029,4.0,961519005
599,4855,3.0,1498532070
560,3489,3.5,1469649276
202,2028,4.0,974912380
19,1265,4.0,965705677
117,475,3.0,844163511
302,1221,5.0,854473396
494,367,2.0,1000384043
474,5836,2.0,1046887417
212,53519,4.5,1527795970
596,3623,2.5,1535708359
351,81788,4.0,1328889405
217,1690,1.0,955941016
596,59549,4.0,1535828639
369,541,2.5,1237083075
156,7063,4.5,1106881185
115,2273,4.0,970423947
448,115151,2.0,1433082348
91,2625,3.5,1112717624
132,1249,3.0,1329983774
282,47610,4.5,1378491511
420,54272,3.5,1218207477
227,110,3.5,1447209812
288,1373,2.5,1088172808
577,1203,4.0,945966653
555,296,4.0,978840045
451,112,5.0,854089243
410,750,5.0,990728229
274,3016,3.5,1171829138
522,27611,5.0,1301727637
313,2363,3.0,1030474810
372,353,2.0,874416544
68,7010,3.5,1269121109
351,6016,4.0,1325979340
434,778,4.5,1270603970
70,72011,4.5,1355185183
144,48,4.5,1137324255
75,6870,1.0,1158968174
474,944,4.0,1087217719
587,1307,5.0,953138160
594,4200,4.5,1108975243
91,3176,4.0,1112713809
256,59615,3.0,1446580710
234,2161,5.0,1004408988
326,55721,4.5,1322252422
369,8910,3.5,1237081611
256,5444,4.0,1446580726
610,6947,4.0,1493846749
380,8917,5.0,1494267373
382,6934,3.5,1515173412
13,3513,3.0,987895651
597,2012,3.0,941557959
125,97752,4.0,1474482227
294,3869,3.0,966595915
357,5299,4.0,1348628230
299,1387,4.0,974620404
68,4890,4.5,1158534916
425,589,3.5,1085477224
274,153,3.5,1171934629
104,918,3.5,1257078112
415,7156,4.5,1382470218
104,2622,3.0,1048595577
28,1047,3.5,1234334914
223,7361,3.0,1226209629
91,1396,4.0,1112713726
312,4235,3.0,1043177517
318,40278,4.0,1275844846
562,6377,4.5,1368894014
579,2762,3.0,958881622
594,4155,5.0,1108976099
57,1222,4.0,969754290
182,1644,3.5,1055153747
448,2141,3.0,1019126749
366,1036,4.0,1445546510
247,1207,3.0,1467661227
475,89745,4.0,1498030321
177,84954,3.0,1435525679
135,2858,4.0,1009691833
462,5349,1.5,1138343547
419,4326,3.5,1321853430
474,44694,3.5,1181348114
477,7934,4.0,1200948708
599,725,2.5,1498516000
76,745,1.0,1439168612
448,5464,4.0,1034790010
160,1446,4.0,971115026
159,46976,1.0,1508641051
122,1200,5.0,1461561520
89,99117,3.0,1520408803
606,7093,4.0,1171363035
414,2025,4.0,961514186
19,1617,4.0,965710565
213,69526,3.5,1316196612
112,39,0.5,1513989927
380,43871,3.0,1494696659
357,6993,1.5,1348627713
105,7022,4.5,1446750329
525,47999,4.0,1476477270
380,168248,5.0,1501786943
100,6183,4.5,1100184242
216,3104,3.0,975212422
57,3704,3.0,965798849
177,1206,1.0,1435533733
480,39231,4.0,1179164533
50,837,2.5,1514239044
357,7444,4.5,1348627951
317,55820,5.0,1430511554
258,2959,5.0,1534892845
57,474,3.0,969754942
509,1665,3.5,1436083377
111,4545,3.5,1517441447
232,7347,4.0,1096427389
199,2336,4.0,976291650
606,1090,4.0,1171233601
489,3556,3.0,1333231828
232,70565,3.5,1288065691
438,1485,3.5,1105827017
186,5378,4.0,1031079788
342,2827,3.0,1042821871
359,2,3.5,1198112829
318,159976,4.5,1536246869
300,1704,3.0,1425351457
608,5618,3.5,1117407759
160,185,1.0,971114512
387,5980,3.0,1182490961
314,125,1.0,834398717
217,2427,3.0,955940927
244,1302,3.0,975075211
274,198,4.0,1199752005
438,1100,4.0,1105649985
42,2735,4.0,996260113
514,2858,4.0,1533953776
111,193,3.0,1518640862
414,59615,2.5,1273977925
232,71838,4.0,1283133224
182,1173,4.0,1055156925
462,151311,3.0,1515473601
24,134853,4.0,1458941969
610,7319,3.0,1493848336
597,2987,5.0,941728764
480,46723,4.0,1179160708
312,924,5.0,1043176553
117,293,3.0,844163082
480,6764,1.5,1179164181
169,6339,4.0,1059427427
475,60040,4.5,1498031052
17,1089,4.0,1307262280
232,34271,3.5,1218169744
110,4011,3.5,1175330180
233,122920,2.0,1529333366
381,53125,4.0,1199054017
249,4247,3.0,1415415613
391,5075,2.0,1032389116
480,3275,4.5,1179160935
421,1193,4.0,1311494748
45,3489,3.0,959625135
562,1921,3.5,1368894071
474,1197,4.5,1087832016
483,5004,4.0,1178292931
91,2117,4.0,1112716780
19,253,3.0,965704952
391,543,4.0,1030944377
24,5418,4.0,1458941561
177,1175,3.0,1435535201
95,4979,4.0,1043339692
131,296,4.0,1349840345
64,110,4.0,1161520230
117,172,3.0,844163061
598,46578,5.0,1430616971
221,27899,2.5,1121365420
68,59126,4.0,1240092725
428,2808,2.0,1111525305
57,594,4.0,965796004
460,48738,4.5,1359177545
448,1515,2.0,1019139399
414,1667,2.0,961518330
20,5679,3.5,1054037411
517,491,1.0,1492338923
298,86911,3.0,1447517109
452,736,4.0,1019580846
425,2167,3.5,1085490960
234,2054,4.0,1004409156
356,45175,4.0,1229140974
391,300,4.0,1032389866
572,1077,5.0,945892394
480,1610,4.5,1179162264
610,7235,4.5,1479545335
534,49272,4.0,1459787996
310,1247,4.5,1078647841
489,1307,5.0,1332773056
232,72731,3.5,1283133148
58,186,3.0,847718910
195,2268,4.0,974707845
274,39715,2.0,1171933186
129,2028,4.5,1167375631
217,387,1.0,955941016
414,5419,4.0,1035308879
109,592,4.0,841106309
182,1343,4.0,1055153181
202,3552,4.0,974923922
248,122918,4.0,1534591646
184,79132,4.5,1537098639
275,5272,3.0,1049076250
105,6888,3.5,1447563154
3,7991,5.0,1306463684
125,92420,4.5,1474296305
357,480,4.0,1348612039
73,4447,3.5,1464267335
438,8865,2.0,1105654667
89,92643,5.0,1520409487
448,3717,2.0,1178981944
599,44241,2.0,1519258786
484,480,4.0,1342295969
306,5218,3.5,1518380761
464,356,5.0,1287399078
354,1704,4.0,1200870221
202,1127,5.0,974918657
21,39715,2.5,1376823734
474,1608,3.0,974667676
265,1945,4.0,965316218
477,56367,4.0,1226843648
247,134130,4.0,1467644102
523,101962,5.0,1507987871
289,2710,2.5,1143424645
51,2634,3.0,1230932179
560,5952,4.0,1469647848
222,3421,4.0,1391349743
298,4022,2.5,1447598123
86,2028,3.5,1344082583
347,19,4.0,847645789
220,4027,5.0,1230060173
606,2283,3.0,1173392526
274,2268,2.5,1171943602
414,5267,4.0,1031058468
424,50,5.0,1457842255
307,5679,2.0,1186162561
245,1092,1.0,951182694
573,1923,4.5,1186722513
382,51939,3.5,1515174537
104,1088,3.0,1048590956
586,166461,5.0,1529899305
124,5608,4.5,1336413269
64,2355,4.0,1161520576
294,3401,1.0,966634331
42,2722,3.0,996262243
597,1517,5.0,940361937
307,45081,1.5,1186257349
387,4697,2.0,1177044414
263,1357,4.0,941591735
474,3526,4.0,978575845
57,95,3.0,969754664
42,288,5.0,996220487
542,2571,5.0,1163386800
131,50,4.0,1349840171
201,2054,4.0,941212089
390,2329,4.0,1250335607
474,6331,4.0,1075129585
603,1946,4.0,1000194349
610,3825,1.5,1493847097
333,3616,4.0,965671749
274,1917,3.5,1171934832
202,1959,4.0,975015416
411,455,3.0,835533238
381,73268,3.5,1263295233
597,2023,3.0,940361738
274,2720,2.0,1171828421
305,1721,3.5,1460365965
41,122882,2.5,1458939623
610,97701,3.0,1493848567
448,27478,3.5,1260727330
111,165645,0.5,1516156050
597,1370,4.0,941729657
387,785,2.5,1094938412
284,552,3.0,832699656
217,2987,3.0,955942041
365,5669,0.5,1488332557
339,105954,4.5,1460346026
274,2273,2.5,1171758673
414,1753,2.5,1109962106
73,151739,2.5,1464198160
480,38886,2.5,1179163369
200,5617,3.5,1229889092
294,858,5.0,966597387
495,1682,4.5,1458635303
346,1219,5.0,1125857425
567,25771,5.0,1525282215
363,1784,3.5,1502584446
101,2694,3.0,968440874
187,7156,4.0,1161954503
105,1266,4.0,1448189177
374,231,4.0,849089104
103,60289,2.0,1431956747
600,2011,4.5,1237711752
546,1986,1.0,973588771
19,3740,2.0,965706276
469,529,5.0,965336202
366,7153,4.5,1445546416
474,5875,2.5,1055172893
116,1270,4.5,1337199782
28,26750,3.5,1242031891
307,4361,2.5,1186162610
105,8361,3.0,1446750435
137,858,5.0,1204859691
178,2028,5.0,1164354854
111,130087,3.0,1517441246
465,1653,4.0,959896051
387,6625,1.0,1131334074
6,838,4.0,845555514
351,59369,4.5,1325978903
325,5349,4.0,1039397313
368,3173,3.0,975805658
575,2581,4.0,926510311
82,480,4.0,1084467706
275,5650,3.0,1049079449
64,736,3.5,1161520113
113,1600,4.0,980051480
19,2171,2.0,965706728
14,39,3.0,835441186
501,5,3.0,844973535
452,1394,5.0,1019585331
474,6288,3.5,1066136312
282,1645,4.0,1378498441
318,73266,4.5,1325872820
221,1284,4.5,1111178130
288,40815,3.5,1132609139
68,3623,4.5,1158531686
603,2194,4.0,953927813
525,44191,3.5,1476476125
266,1210,3.0,944891365
522,77455,4.0,1371443530
534,2,4.5,1459787996
469,2968,5.0,965335435
204,1090,4.0,1327183736
585,3861,4.0,1307416552
414,1051,3.0,961517885
448,69122,3.0,1285449098
210,56174,2.5,1475409531
91,1762,2.5,1112717205
599,8807,2.5,1498517144
226,7293,4.0,1096421372
438,4487,3.5,1105763904
111,2987,3.5,1517441437
553,44665,4.0,1230775047
599,1676,3.0,1498521588
156,2406,4.0,946799943
219,8880,2.5,1194740363
111,140715,4.5,1518640686
489,68954,4.5,1332772589
586,168418,5.0,1529900261
452,3101,5.0,1019584576
380,45517,2.0,1494071317
238,1953,4.0,1007931786
438,7451,3.5,1105650281
6,16,4.0,845553819
438,51662,5.0,1175998171
91,539,2.5,1112711215
599,7191,2.0,1519442710
599,52885,3.0,1498523699
368,1213,4.0,975827507
513,2858,4.0,1159980549
66,4041,4.5,1113190569
599,68650,2.0,1519143712
610,101525,4.0,1493847680
603,1759,5.0,963179339
332,2657,4.0,1352672819
351,83134,3.5,1326026394
603,1235,3.0,953926854
29,150,4.0,1362016794
368,3686,3.0,971275815
200,2006,4.0,1229887073
286,597,3.5,1119562925
476,594,4.0,835021778
586,4016,4.0,1529903269
474,8534,3.5,1106057688
599,1351,2.0,1519345560
310,104,2.0,1078649269
384,1388,1.0,994038936
508,307,1.0,1268297492
263,282,4.0,940384910
474,4881,4.0,1046809230
211,1246,4.5,1350912971
197,589,5.0,947462047
606,8713,3.0,1171501806
438,2501,3.5,1105668653
563,919,4.0,1448636460
24,33679,3.5,1458941855
414,1379,3.0,961439454
590,4993,4.5,1258420625
307,22,2.0,1186162078
384,2347,1.0,994038848
188,2396,2.0,962559740
307,38038,4.0,1200150345
599,2281,2.5,1498517222
275,3046,5.0,1049076773
122,4343,4.0,1461562735
17,1197,3.5,1305696774
187,31658,4.0,1161849648
554,2096,4.0,944898646
182,2076,4.5,1075764806
23,3996,3.5,1107163815
117,273,3.0,844163156
414,8528,4.0,1088437404
167,104,4.0,1154718729
217,471,2.0,955943727
584,597,3.0,834988132
368,485,2.0,975830036
66,3198,4.0,1093748064
307,55272,4.0,1203528177
177,45732,2.5,1435836955
7,33162,3.5,1116550784
405,48394,3.5,1295910903
381,1270,4.0,1164877266
68,26,3.0,1158534106
223,2716,3.5,1226209651
509,8360,4.0,1435992582
318,56174,4.0,1256504508
266,3016,3.0,948586121
445,33794,2.0,1454621880
325,2183,3.0,1039398353
63,2329,4.0,1443199801
67,7153,2.0,1501274080
606,207,3.5,1171837525
175,5410,0.5,1234188618
182,1923,3.0,1054784187
361,593,2.5,1204045229
480,2640,2.5,1179177858
457,2605,3.0,993610906
288,4816,3.0,1022614456
202,2401,3.0,974924297
59,1927,5.0,953609923
362,1212,4.5,1530643915
84,1367,3.0,857653444
599,72011,3.0,1498525013
477,2094,3.0,1201159540
182,4681,4.0,1055155732
531,2640,3.0,1032961914
498,185,3.0,839197307
6,609,4.0,845555342
207,2858,5.0,1258548555
182,3168,3.0,1054780264
343,46970,3.0,1202060562
211,49272,4.5,1350912470
132,5299,3.0,1157923601
318,3262,3.0,1413054808
68,78499,3.5,1305861268
606,30749,3.5,1181333904
608,3953,2.0,1117415771
304,1610,5.0,891173614
163,1625,4.0,894217570
391,2011,3.0,1030827137
566,454,5.0,849005494
353,145,3.0,831940036
308,3,0.5,1421374465
19,2082,3.0,965707487
114,6377,3.0,1485391404
517,2052,0.5,1487956804
599,455,2.0,1498511103
483,76173,4.5,1330911978
298,5401,1.5,1447599489
105,750,4.0,1447574331
195,4223,3.0,987297165
20,2700,4.5,1054038561
517,8360,2.5,1487956765
599,4327,3.0,1519119428
599,4239,3.0,1498523071
357,26528,5.0,1348628382
105,170411,4.0,1526207357
337,708,5.0,860255830
132,4235,2.0,1157920761
402,457,4.0,849601325
62,103042,3.5,1525555304
187,2997,5.0,1161849605
325,3809,2.0,1039396588
509,6093,2.5,1436424351
561,54503,3.5,1491092180
306,98243,3.0,1518380598
428,3175,2.0,1111489651
186,1376,5.0,1031079628
474,28,4.5,1165540007
599,3,1.5,1498505071
186,1214,4.0,1031073489
10,1028,0.5,1455306152
377,84799,4.5,1340345653
249,527,4.5,1346758070
226,1655,4.0,1095712866
219,7373,3.0,1195335001
606,3424,4.5,1171327393
426,318,3.5,1451080785
244,3256,4.0,975090685
1,1552,4.0,964982620
353,457,5.0,831940127
509,2018,3.0,1436000068
603,2919,3.0,953927655
580,2959,5.0,1167783675
444,231,1.0,832669130
202,246,5.0,975015786
88,6870,4.5,1331421731
475,122904,5.0,1498029411
474,33794,3.5,1130961759
420,2683,4.5,1218207254
226,1088,1.0,1096420160
447,587,5.0,836961086
603,377,5.0,963177624
571,2644,4.0,966900228
305,177763,2.5,1519393119
600,1485,3.5,1237715328
182,2805,3.0,1063284688
606,597,4.0,1171365275
469,2065,4.0,965425390
140,34536,3.0,1166645407
116,2115,4.5,1337200069
68,33166,3.5,1252727987
181,432,3.0,845469653
330,1278,4.0,1285905573
156,3076,3.0,946799749
510,2231,3.5,1141159274
599,70728,3.5,1498501567
263,1610,4.0,940384622
517,2100,2.0,1488399419
73,71535,5.0,1464275275
274,2296,3.5,1221685985
307,833,1.0,1186172725
68,68358,4.0,1252727913
603,3683,5.0,1002403400
448,53322,3.0,1218574183
605,533,4.0,1277176829
111,673,2.5,1516156379
600,5956,2.5,1237713731
571,2366,3.0,966900275
464,25,4.0,1287400227
68,292,2.5,1158531915
139,60684,4.0,1453924493
362,47,4.5,1530640109
453,1917,5.0,1005968006
542,5299,5.0,1163387291
610,142366,3.0,1479543146
232,49220,2.0,1192670580
87,1077,4.0,1270702682
414,3424,4.0,961517162
68,97921,3.5,1372618271
57,851,1.0,972174771
320,71535,4.0,1284250863
475,118696,4.5,1498031219
448,6143,2.0,1143894768
249,45672,4.5,1353800887
422,3973,1.0,989715983
65,74458,4.5,1494768535
467,2493,4.0,919670753
307,1035,4.0,1186161851
28,55290,3.0,1235975952
599,26365,2.5,1498517865
186,950,4.0,1031073630
66,6874,5.0,1093747485
489,2,2.5,1333101570
560,27815,2.5,1469675535
606,5929,3.0,1171734376
474,1212,4.0,1143683482
160,990,1.0,971115791
603,4705,3.0,1002403447
425,4896,3.5,1106482521
600,344,3.0,1237709122
483,8636,3.5,1215895632
132,45,2.5,1157923125
84,1258,4.0,858772733
123,116797,4.5,1447292250
479,3244,5.0,1039362390
170,339,4.0,840472869
474,1398,2.5,1060106009
304,165,4.0,891173528
482,5944,4.5,1105396652
318,442,4.0,1342468697
474,1936,3.0,983032184
219,30810,3.0,1194680906
224,3044,5.0,971812789
18,2115,4.0,1455748562
5,110,4.0,847434880
474,728,3.5,1181348043
561,2804,4.5,1491094988
608,3753,4.0,1117490674
219,2058,3.5,1198782304
290,1213,5.0,974938755
414,66203,3.0,1273977603
512,590,3.0,841449201
608,6365,5.0,1117408161
254,47,4.5,1180447550
103,2028,4.0,1431957058
410,11,3.0,990910298
292,96079,4.0,1421974563
219,1,3.5,1194681084
125,164881,1.5,1476002239
474,344,1.0,1046887677
419,778,5.0,1321659315
45,5502,5.0,1034343599
590,17,3.5,1258418302
339,3409,4.0,1460345942
76,1250,3.0,1439167355
597,2273,4.0,941729293
385,1219,4.0,865025073
425,1610,3.5,1085477809
489,1246,4.0,1333101663
104,1688,3.0,1048589328
64,2161,4.0,1161559639
234,2141,5.0,1004409482
213,1234,4.0,1316197302
599,3265,4.0,1498498587
305,4246,4.5,1460303017
599,168608,3.0,1516604751
111,172215,3.0,1516156387
594,4715,3.0,1108951223
287,1270,3.0,1110231004
159,103141,3.0,1508640379
607,1097,5.0,964744550
160,2334,1.0,975850225
289,2797,3.0,1143424639
51,8623,3.5,1230930734
604,344,2.0,832079796
292,30793,3.5,1265679974
84,908,4.0,858772641
514,4533,3.0,1534086379
356,1247,5.0,1228073157
573,52973,5.0,1186589297
271,5508,4.0,1234302210
64,1097,4.5,1161520129
112,2571,5.0,1442535637
603,1200,4.0,953927759
453,1036,5.0,972621667
231,63082,5.0,1433089546
45,252,4.0,951170509
68,589,3.5,1158531164
57,2081,5.0,965796107
462,300,2.5,1154037858
144,32,4.0,1137323444
590,2321,3.0,1258418110
606,140,3.0,1173396091
232,7293,4.0,1083112841
555,1261,4.0,978745135
470,761,3.0,849224529
64,34162,3.0,1161520858
608,1721,2.0,1117408294
288,3698,3.0,975691939
286,508,4.5,1119563328
586,832,4.0,1529899325
599,5903,2.5,1498514024
34,45499,5.0,1162050637
414,6296,3.5,1095465901
139,110102,2.5,1453925110
274,75985,3.5,1293218138
453,4027,5.0,1005965478
11,36,4.0,902155135
177,87869,3.0,1435804497
57,1254,4.0,965795869
318,49347,5.0,1319293325
469,2643,1.0,965335130
160,2020,2.0,971113527
608,32029,4.0,1147527470
141,48516,3.0,1513130317
346,31923,4.0,1125857618
148,5618,3.0,1482548682
391,4903,2.0,1037482267
105,5888,5.0,1446610761
80,6754,5.0,1377391501
606,7720,4.0,1171762409
325,3230,3.0,1039395583
312,527,5.0,1043177067
606,72603,3.0,1349083017
287,6296,5.0,1110231591
198,1639,2.0,1034136119
223,1240,3.0,1226209853
427,6238,2.5,1053069302
600,7361,5.0,1237712524
217,172,3.0,955941460
180,1136,4.0,1270237867
448,541,4.0,1019123960
560,110,4.0,1469652439
480,1957,4.5,1179159592
294,3210,4.0,966595458
42,1021,2.0,996221407
448,6314,2.0,1051433057
219,4749,2.0,1198783261
307,1219,3.0,1186161602
279,122904,4.0,1506395212
434,2012,3.5,1270606822
230,39,3.0,1196304844
398,59387,5.0,1311207536
357,2863,4.0,1348610889
209,2628,2.0,1524607394
234,1967,3.0,1004409631
387,44,1.0,1182720368
448,3286,2.0,1038486297
599,354,2.0,1519349590
414,3826,2.0,978963021
438,6536,3.5,1105654008
160,1994,4.0,971113866
603,3551,4.0,1000194379
479,2017,3.0,1039362144
177,30749,4.0,1435523761
403,61465,3.5,1225243552
122,2916,5.0,1461562061
469,185,3.0,965335837
501,25,2.0,844973487
414,196,3.0,961515354
23,541,5.0,1107164433
230,2,2.5,1196305107
474,3681,3.5,1114700924
200,1923,4.0,1229886448
477,54256,4.0,1234853126
19,3471,4.0,965703583
534,56152,4.0,1459787996
305,81834,3.0,1518198364
527,3071,5.0,1033174045
559,736,3.0,845476080
555,2746,3.0,978822154
597,1272,5.0,941631197
385,249,3.0,834692037
200,31878,5.0,1229887684
479,2671,3.0,1039362744
599,5026,2.5,1498518094
27,1876,4.0,965150368
177,7361,4.0,1435523578
68,3786,1.0,1275957676
603,898,5.0,954482181
32,345,5.0,856737044
74,1673,3.5,1207502284
234,2231,4.0,1004407646
432,1610,3.5,1316391033
341,5218,3.5,1487285057
537,69122,4.0,1424140089
414,3710,2.0,961516355
599,750,5.0,1498457219
318,2294,3.0,1346840920
484,54503,5.0,1342227720
219,55276,4.5,1214043547
517,3147,4.0,1487952995
427,5418,4.0,1053070350
419,3285,4.5,1321647768
156,62,2.0,1106854830
39,3178,3.0,974789375
210,34397,3.0,1513943473
45,1527,4.0,950740871
42,590,4.0,996218404
562,4019,3.5,1368897215
249,3821,2.5,1354225875
20,2018,4.0,1054038166
141,4226,3.0,1513130197
414,95441,3.0,1356135864
403,61697,3.0,1225243539
177,2010,3.0,1435535551
59,1617,4.0,953609611
68,68157,4.5,1252727861
434,6365,2.0,1270604724
540,2841,4.0,1179107976
480,33164,0.5,1179166047
474,6667,3.5,1118840574
230,5349,4.0,1196304296
411,489,3.0,835533520
524,1233,5.0,851609788
249,104211,3.5,1388097952
19,2287,3.0,965710914
590,7840,4.0,1258418451
474,4980,4.0,1013367485
177,2420,3.0,1435534937
411,534,2.0,835533320
608,317,3.0,1117408445
318,1281,4.5,1268586506
232,8531,2.5,1218169291
91,349,3.0,1112713232
314,327,1.0,834428752
47,1721,3.5,1496209715
19,3101,1.0,965711014
193,1197,3.0,1435857238
68,2888,3.5,1275957812
339,79132,5.0,1460518998
409,2702,3.0,968978466
462,5224,4.5,1201445657
319,111759,3.5,1461352122
125,45440,4.5,1474295545
263,8014,4.5,1090948309
367,1221,4.0,997812715
288,2359,4.0,978471305
354,2628,3.5,1200870733
555,2408,3.0,978823527
600,1064,1.0,1237709478
599,2947,4.0,1498499646
309,2762,3.5,1126452186
561,2000,3.5,1491090997
307,2787,2.0,1186087713
274,27801,4.0,1249327842
325,3461,4.0,1039395609
292,31221,3.0,1357062160
136,338,2.0,832449755
555,3705,3.0,980125974
232,37386,3.0,1218170359
590,349,3.5,1258420549
352,1729,4.0,1493673653
45,2195,4.0,951170509
212,54272,4.0,1505400126
447,474,5.0,836961195
414,4451,3.5,1160955028
480,5955,3.0,1179163610
438,71,2.0,1105664825
111,60126,3.0,1516141430
596,122900,3.5,1535709687
580,1527,4.5,1167791482
306,104211,4.0,1518380152
219,7147,2.5,1196497867
387,5618,4.5,1128876313
42,485,3.0,996256042
219,3752,2.5,1195348983
313,3639,4.0,1030556251
414,6874,4.0,1067202569
562,6868,3.5,1368896055
536,356,5.0,832840319
160,3703,4.0,971113611
182,5325,3.5,1075765392
167,671,4.0,1154721897
356,3471,3.5,1232430688
381,7143,4.5,1168664759
414,5574,3.0,1079920437
356,380,3.0,1229143204
63,1262,4.0,1443199811
182,858,4.5,1054781812
239,6333,4.0,1221158737
410,1085,4.0,990728473
599,4887,2.5,1498514189
186,2052,3.0,1031073228
213,1203,4.0,1316195547
409,2369,3.0,968978168
492,886,5.0,863976846
288,1298,3.0,979164440
387,1276,4.0,1094876706
486,592,4.0,839536920
122,4262,5.0,1461561671
412,2398,4.0,939137021
208,2840,2.0,940638454
282,2791,3.0,1378497019
160,4367,1.0,998514493
560,4878,3.5,1478019769
339,109687,5.0,1460184244
610,40723,3.5,1493848308
301,21,4.0,1211378459
514,3688,2.0,1534114268
509,80834,3.5,1435992464
132,48997,3.0,1174935289
474,4126,3.0,983031727
542,1380,4.5,1163386527
260,8645,3.0,1109410503
370,39,3.5,1159162930
68,1377,3.5,1158533408
249,99007,4.0,1368664450
534,94864,3.0,1459787995
586,368,4.0,1529901850
136,585,1.0,832449964
274,6323,4.0,1171784745
298,69757,2.0,1447598326
376,54286,5.0,1364958413
182,3799,0.5,1066666956
381,2671,4.0,1168664472
426,5014,3.5,1451080503
295,1586,2.0,1320064451
125,26680,5.0,1474141776
342,3004,3.0,1042821919
432,296,2.5,1315244535
400,58559,4.5,1498870343
47,7160,3.0,1496209397
288,1953,4.0,976137780
597,1125,4.0,941640278
599,6005,2.0,1519530214
150,7,3.0,854203124
413,51935,5.0,1484439959
63,4226,3.5,1443200550
63,2028,3.5,1443199838
387,5541,2.0,1095121198
187,2318,5.0,1161850065
372,47,5.0,874417240
387,3617,2.0,1117430712
357,2291,4.0,1348610342
552,3175,4.0,1111473169
448,115617,4.0,1454251411
364,95,5.0,869443367
155,575,3.0,961861668
246,5902,4.5,1354127496
525,48774,4.0,1476477416
182,2558,1.0,1055156347
187,37240,4.0,1161849323
220,6333,5.0,1230060111
287,1372,0.5,1110229895
246,80615,4.0,1354149733
386,733,3.0,842613914
21,4638,4.0,1376823473
593,3793,3.0,1181007661
509,3994,3.5,1435993356
448,149590,2.5,1464975088
377,5027,3.5,1340344455
42,2492,1.0,996220790
548,4899,4.0,1494880154
43,7,5.0,848994392
217,1269,4.0,955943368
599,818,2.0,1498510805
140,7155,3.0,1117730641
316,3863,2.5,1111493593
599,2232,2.0,1498530787
594,586,5.0,1109036952
551,3623,4.0,1504925725
274,7368,3.5,1248335916
339,1247,3.0,1460182534
288,608,4.0,976120867
4,1860,2.0,986849001
232,46530,3.0,1182907408
177,2987,4.5,1435534123
573,48304,4.0,1186589457
428,180,4.0,1111487767
562,3081,3.5,1368893437
274,60684,4.0,1236554945
594,2717,4.0,1108951287
606,2788,4.0,1171326197
603,4784,3.0,1000194005
57,2353,2.0,969754343
464,541,3.5,1287403335
480,4370,3.5,1179164229
83,48394,3.5,1333843447
414,4624,3.0,1011622511
553,5954,4.5,1219559284
480,3977,1.5,1179165876
405,3949,4.0,1298430657
80,2291,4.0,1377308742
369,4545,2.5,1237082247
428,4255,3.0,1111524968
274,6377,4.0,1171943773
59,10,3.0,953609378
221,3998,3.0,1111178434
525,8961,3.5,1476476089
376,349,4.0,1364994143
380,8972,4.0,1494071305
249,1086,4.0,1422131701
596,1801,3.0,1535834689
563,129354,3.0,1448058689
107,317,4.0,832003891
607,2398,5.0,964744579
91,4624,3.0,1112712697
186,2135,4.0,1031087950
438,2987,3.0,1105666819
608,2606,2.0,1117506518
380,3510,4.0,1494613064
414,2010,4.0,961514698
509,1265,3.0,1435992443
42,3448,5.0,996214917
111,6888,0.5,1516141368
274,3499,3.5,1173041106
430,6373,3.0,1057519268
221,1288,4.5,1119984109
122,923,5.0,1461562092
495,97304,5.0,1458635412
307,2332,1.0,1186086208
590,3730,4.0,1267421798
567,157296,1.5,1525289076
94,380,3.0,843406616
111,183197,3.5,1517440660
484,33679,2.5,1342296849
579,596,3.0,958881212
274,36509,3.5,1172031188
216,1136,5.0,975212004
562,3006,3.0,1368890729
202,1132,4.0,974912341
393,102445,4.5,1430506292
198,1619,4.0,1034138678
219,4226,5.0,1194685887
212,97938,4.0,1490115489
517,5218,2.5,1487956733
57,2087,4.0,965796062
555,2174,4.0,978749241
607,1918,4.0,963080331
69,4027,5.0,1021647538
169,4193,4.0,1059427762
385,780,3.0,839867301
322,272,3.5,1217677446
156,3506,4.0,953534611
365,180,0.5,1491088177
434,7143,3.5,1270606869
76,44195,4.5,1439168847
579,838,5.0,958880131
307,3785,1.5,1186162563
368,2391,3.0,971275527
129,34048,3.5,1167376772
64,2640,4.5,1161519699
414,57,3.0,961517912
608,3300,4.5,1117505060
288,3483,2.0,985625157
91,374,1.0,1112716895
610,134368,4.0,1493847587
425,1027,4.0,1106483371
573,858,5.0,1415676012
427,5388,3.0,1053070403
93,527,5.0,942947205
89,5529,4.0,1520408900
474,44864,4.0,1165540079
368,2344,3.0,971276793
573,49530,4.0,1186589535
21,30816,3.0,1418063364
116,339,4.5,1337199980
432,1240,3.5,1316391572
13,2571,5.0,987457007
380,67255,2.0,1493420762
600,2297,3.5,1237713942
411,585,3.0,835532728
317,48774,2.0,1430512197
448,107141,4.0,1414261428
325,2391,4.0,1039396510
292,77561,4.5,1293563033
57,648,4.0,965795589
466,112175,4.0,1439916037
167,4878,3.0,1154718976
51,1079,5.0,1230929741
599,786,2.0,1498511142
580,8665,2.5,1167674242
428,2355,1.0,1111623771
438,3452,2.5,1105664705
474,8771,3.0,1120662150
362,103688,4.0,1530637644
64,2003,4.5,1161559544
325,30,4.0,1039399501
249,58803,3.5,1346752652
380,1488,3.0,1493668084
408,40851,4.0,1467368053
162,802,5.0,836600689
517,1265,3.0,1487953444
567,76093,2.5,1525287804
68,7566,4.0,1233376640
599,4200,2.0,1498510112
274,47610,4.0,1232701002
98,8529,3.5,1532458041
534,5313,4.0,1459787996
414,50872,4.0,1216145537
462,4605,2.0,1123890782
68,7320,3.0,1275958606
414,1569,4.0,961438822
414,1500,5.0,961438292
381,733,3.5,1164877294
49,2028,4.5,1493089784
448,2770,4.0,1019127874
274,2890,4.0,1171172391
480,53000,3.5,1179159981
542,500,3.5,1163387264
325,1179,5.0,1039399105
21,355,4.0,1376823342
414,27822,3.0,1216150016
233,364,3.5,1530047205
332,7925,4.5,1352674254
32,1224,3.0,856737338
100,2005,4.5,1100186255
606,3252,4.0,1171817550
275,4979,5.0,1049077486
448,140850,2.0,1477941642
336,33660,4.5,1139046157
111,1197,3.5,1516155000
226,2080,3.0,1095663233
92,2664,3.5,1294941533
430,4306,4.0,995828286
452,1375,4.0,1019580826
474,3090,3.5,1100119939
273,32,5.0,835861257
59,2160,5.0,953610338
599,333,2.5,1498516187
270,52,4.0,853918850
171,784,4.0,866904216
422,2669,4.0,1010279707
438,4958,3.0,1105664495
610,1255,4.5,1495959059
260,2348,2.0,1109408573
414,45728,3.5,1216146735
305,65982,4.0,1519494303
294,153,3.0,966596725
68,377,5.0,1158531516
43,276,5.0,848994265
608,5293,4.5,1117506756
288,4941,2.0,1028746714
599,337,2.0,1498531957
326,1955,3.5,1322250652
474,162,3.5,1150143102
436,8,3.0,833530760
177,41566,3.0,1435524651
325,1527,3.0,1039397184
89,4306,3.0,1520408313
560,1732,4.5,1469652441
47,5989,2.0,1496206727
480,4299,3.0,1179165237
561,2717,3.5,1491095178
385,1295,3.0,865024850
288,1307,4.5,1054568299
249,1359,3.0,1354108079
117,266,4.0,844162970
33,2355,5.0,939718916
603,2706,2.0,953925933
249,55261,3.0,1354106966
445,6016,2.0,1454621781
352,81229,3.0,1493674563
249,75813,3.0,1356277377
313,4210,4.0,1030476305
221,551,4.5,1111176265
304,1220,4.0,891173356
18,1517,2.5,1455748555
563,58998,2.5,1448253752
474,5247,0.5,1053021968
534,104243,3.5,1459787995
573,6333,4.0,1248842394
217,2085,3.0,955942619
68,61132,2.5,1230497857
599,1799,3.0,1498615494
288,4963,3.5,1054569123
152,61323,4.0,1450867814
305,106491,3.0,1460366218
432,5378,4.0,1328232761
380,99112,4.0,1493420875
260,4034,4.0,1109410886
387,27773,5.0,1128925649
573,4239,5.0,1248841942
249,106489,4.0,1426609010
361,4148,3.0,1204047974
534,1721,4.5,1459787998
28,6617,4.0,1242032404
599,6330,2.5,1519366754
606,172,3.0,1172012520
233,648,3.0,1529334061
282,2291,4.0,1378491647
540,5378,4.0,1179108823
517,64622,1.5,1488398607
445,4896,3.0,1454621742
523,1704,5.0,1503125954
414,3044,3.0,961513998
4,2762,4.0,964539986
188,1091,3.0,962559903
474,2245,3.0,1089387340
365,116797,3.0,1488332615
477,1124,4.0,1245554497
287,471,4.5,1110231536
380,79132,5.0,1493420401
68,3005,4.0,1158535433
530,349,4.0,843226722
514,16,3.5,1533872553
474,1231,4.0,1047054374
603,446,4.0,954482325
474,3527,2.0,1002757072
414,27899,3.0,1216150358
220,5502,1.0,1230061876
590,4306,4.0,1258419637
164,3527,5.0,999708257
22,63082,0.5,1268726299
217,3430,2.0,955941157
274,48,2.0,1171943719
552,432,1.0,1111473024
596,122902,3.0,1535711574
19,258,3.0,965704033
414,71282,4.0,1344733160
198,3897,2.0,1034134802
570,329,3.5,1181477294
20,1566,4.5,1054038231
580,6947,4.5,1167789955
84,161,3.0,858771702
125,44191,3.5,1474482342
182,4879,3.0,1055155516
112,780,5.0,1442535837
123,104879,4.0,1447292408
57,1968,4.0,965798002
214,83,3.0,853938185
182,8973,4.5,1120879632
256,53121,3.5,1446581064
477,69526,3.0,1246346140
453,1793,4.0,1005966701
432,47,4.0,1315244565
387,3745,3.0,1095041350
608,2719,3.0,1117505227
337,778,4.0,860255929
232,31221,2.0,1218170624
580,293,5.0,1167783708
229,589,5.0,836942292
414,1970,2.0,962372036
219,4310,1.0,1200978053
534,44191,4.0,1459787997
129,4447,3.5,1167377734
66,1704,5.0,1099187248
556,74530,3.5,1534321044
597,2463,4.0,941641264
414,1187,2.0,961517616
317,1732,3.0,1430517257
599,7247,2.5,1519146486
307,3005,3.5,1186086892
325,5646,4.0,1039398865
522,68157,4.5,1253343807
427,2329,4.0,1053071696
232,5816,3.0,1218167374
74,3246,4.0,1207501145
599,8638,3.0,1498521987
52,2571,5.0,1468051094
534,100163,4.5,1459787997
183,1220,4.0,992331667
91,1221,4.0,1112712986
543,165,5.0,1377022834
68,95449,3.5,1342219830
599,2671,2.5,1498517984
580,3994,4.5,1212343014
226,145,3.5,1095662326
275,1533,5.0,1049078900
356,52435,1.5,1228073339
274,292,3.0,1284686930
220,2640,4.0,1230061837
419,1213,4.0,1321659212
226,2432,2.0,1096421203
380,733,3.0,1493667403
474,6041,4.0,1181348253
567,179491,1.0,1525290389
226,840,3.0,1095695170
304,172,2.0,896006328
200,5872,4.0,1229887810
153,51662,0.5,1525552464
483,3176,3.5,1415579412
39,1954,2.0,974789327
20,801,2.5,1054038390
414,4450,4.0,1017937069
64,1343,4.0,1161564509
421,2858,5.0,1311494799
318,5673,4.0,1419078066
314,830,3.0,845285507
561,4262,4.0,1491094974
334,58559,3.0,1225478052
474,356,3.0,1100292489
127,913,5.0,1263527066
610,66785,3.5,1493849984
74,37733,3.0,1207501589
554,2028,5.0,944902327
68,5872,3.5,1158533559
42,4359,4.0,996216210
307,6794,1.5,1186086127
14,266,5.0,835441168
509,94799,3.5,1435998413
599,4901,2.5,1498516754
182,32587,4.5,1127208683
307,43919,1.0,1186259156
6,710,3.0,845556223
59,858,5.0,953609775
405,70,4.0,1295917097
88,6464,0.5,1331420782
64,3105,4.0,1161620546
567,1210,1.5,1525288690
19,2263,2.0,965711529
318,7151,3.5,1324062367
480,4270,3.0,1179165350
105,2028,5.0,1448213999
414,4994,4.0,1024664534
572,2919,4.0,945889698
482,2792,4.0,1105396579
555,2294,4.0,978748760
477,1945,4.0,1200943141
567,91126,1.5,1525288906
222,4963,4.0,1391350622
380,33164,3.0,1494696484
45,597,3.0,951170238
447,593,4.0,836960762
599,4812,2.0,1519263200
448,91126,3.5,1357403679
18,70,3.5,1455735732
566,356,5.0,849005256
414,1171,2.0,961438327
104,745,5.0,1048587333
470,380,5.0,849074737
305,73323,5.0,1460137048
202,1299,4.0,974924405
83,79132,5.0,1332839850
217,1127,4.0,955935371
538,520,5.0,1307845456
247,2762,4.5,1467644278
603,920,4.0,954482255
380,6534,3.0,1494267351
560,48516,4.0,1469650026
244,3082,5.0,975091915
483,1246,3.5,1178358678
564,158238,3.5,1481817691
469,3006,3.0,965846308
387,63,2.0,1095042100
265,2433,4.0,965318061
597,1627,4.0,941729576
483,5319,4.5,1311845774
596,2723,3.5,1535711657
184,27156,4.5,1537094239
159,339,3.0,1508641191
106,5349,3.5,1467360748
484,3968,3.0,1342365530
599,736,2.5,1498518451
82,5449,4.0,1084466478
414,77364,3.5,1286737572
177,79091,4.0,1435525144
606,7034,3.0,1176332069
100,62,4.0,1100185952
580,318,5.0,1167673438
599,4443,2.5,1498517957
599,122926,3.5,1499935746
298,93840,3.0,1447597879
254,4226,4.5,1180446520
246,5971,5.0,1354126491
562,6242,3.5,1368892935
588,198,3.0,839317286
414,3145,4.0,961437549
68,920,5.0,1158532765
125,79553,3.5,1474371006
90,14,5.0,856354100
288,1588,3.0,978618962
122,55765,5.0,1461562137
453,3240,4.0,972621539
316,3535,3.5,1111493610
582,96079,4.5,1446792754
425,527,4.0,1085477314
474,7153,5.0,1072654131
275,357,4.0,1049076484
216,595,5.0,975211713
514,26242,3.0,1534087228
288,2455,3.0,975691479
301,1307,4.0,1211378874
275,4214,3.0,1049077115
249,122882,5.0,1432061318
89,2918,1.5,1520408305
356,32587,3.5,1229143136
381,34048,3.5,1167543181
274,5785,4.0,1171785360
329,1237,5.0,1523468283
555,2247,3.0,978822249
211,1801,4.0,1350912046
119,92259,4.5,1436007689
365,4447,3.5,1488332591
386,474,3.0,842613706
308,293,1.0,1421374386
466,8361,4.5,1439915559
414,5427,2.0,1026229982
174,410,3.0,848487060
474,3101,4.0,1004131808
520,1079,2.0,1326609456
489,62344,1.5,1333833038
599,110501,3.0,1498531327
425,368,3.5,1085477749
224,2396,4.0,971812591
68,46948,3.5,1166402451
217,990,3.0,955942177
6,337,5.0,845553586
19,2153,3.0,965710092
469,2132,4.0,965846183
275,4205,3.0,1049076773
386,293,3.0,842613723
599,88593,2.5,1498528509
112,1196,5.0,1442535776
6,848,4.0,845556340
288,3360,3.0,1016470252
483,3948,3.5,1415579145
103,31658,4.5,1431969137
298,62113,1.5,1447517608
414,27873,3.5,1126758881
19,3269,2.0,965703940
559,237,4.0,845476218
467,1721,4.0,919672054
246,2959,4.0,1355660748
300,63082,4.0,1425351852
555,2371,3.0,978822017
313,2959,5.0,1030557189
290,341,4.0,974937901
563,63992,1.0,1441846302
414,4378,4.0,1020692305
103,59615,2.5,1431969635
152,48516,3.5,1450867566
102,593,4.0,835875943
178,44191,4.5,1164355057
221,4128,3.5,1111177894
480,2797,5.0,1179160837
294,1588,3.0,966596672
177,117881,3.5,1435803436
353,19,4.0,831939775
249,54004,4.0,1353800838
233,4995,3.5,1529334670
545,1367,3.5,1240360301
52,76093,5.0,1468051415
105,4890,3.5,1446750321
593,1580,1.5,1181007882
105,5152,4.5,1446750777
182,5952,3.0,1054780151
387,111,4.5,1094876158
167,353,5.0,1154718746
136,248,3.0,832449755
216,1032,4.0,975211831
66,2248,4.5,1093747934
18,31685,2.0,1455049910
68,5618,2.5,1198454699
325,300,4.0,1039398710
448,2378,4.5,1164622167
140,2278,4.0,949667554
141,48385,2.5,1513132065
583,104,3.0,1481474437
10,95543,3.5,1455399376
599,63222,2.5,1498518760
253,1271,5.0,1286642552
469,2762,5.0,965845908
28,47644,3.0,1236314716
232,69306,3.5,1269465778
352,103253,3.0,1493920212
159,1307,4.5,1508641158
19,1215,3.0,965706068
599,95873,2.0,1519122003
509,117176,4.5,1435997672
105,126426,4.0,1446574318
600,2795,3.5,1237851605
610,3696,3.5,1495959233
261,1920,1.5,1404881009
555,1222,4.0,978820487
517,49272,1.5,1487957751
222,5507,2.5,1391346778
448,2402,2.0,1028111004
312,2407,4.0,1043176824
414,142509,3.0,1511541327
456,1405,4.0,856883559
253,3363,3.5,1286642590
111,4016,2.5,1516141085
503,54286,0.5,1335219507
274,64957,3.5,1245055831
204,1653,5.0,1327182865
140,3230,4.0,1055092353
298,122924,1.5,1476643275
262,552,4.0,840306019
599,122886,3.5,1498528930
222,71464,2.5,1391353280
555,1779,3.0,978842001
505,1215,4.0,1298780075
414,106916,4.0,1519594261
414,96728,4.0,1357156264
610,103141,3.5,1493846613
232,7254,4.0,1157325748
294,725,1.0,966596095
599,54185,3.5,1498797950
288,2050,2.0,978622692
153,2,2.0,1525550601
51,4002,5.0,1230930100
198,198,4.0,1034138064
495,7458,4.0,1458636037
537,72998,5.0,1424140083
387,6942,3.0,1179563608
271,6502,2.5,1234302223
509,79091,3.5,1435994338
17,3508,4.0,1305696721
201,1378,4.0,939821323
105,172589,5.0,1526207514
350,1393,4.0,864941118
390,8254,5.0,1250336181
328,1262,4.0,1494212034
274,33085,2.5,1171495537
28,1754,3.0,1242032528
590,837,2.5,1258427084
111,81847,1.5,1516141132
514,182727,2.0,1536381035
448,165139,2.0,1495290834
434,2278,3.5,1270602347
89,121469,4.5,1520409500
474,6934,2.5,1081430620
605,3269,4.0,1277094939
401,79091,3.5,1510449779
298,73319,0.5,1447517809
394,457,4.0,838994263
132,910,4.0,1157923212
178,39183,3.0,1163673987
140,2076,3.0,1024051433
292,81847,3.0,1306584237
113,3168,4.0,980307140
552,4995,4.0,1112151300
325,532,3.0,1039398295
353,585,2.0,831940432
378,6539,4.0,1445347884
51,4447,3.0,1230929406
586,96861,5.0,1529903426
367,2108,2.0,997812459
309,3471,3.0,1086563208
294,2134,3.0,966596184
599,2334,2.5,1498515358
119,4369,5.0,1435944563
318,80693,3.5,1419080953
602,442,3.0,840875851
44,36,4.0,869251910
111,4649,4.5,1516152350
77,58559,5.0,1535107519
555,160,2.0,978842115
309,1952,1.5,1086565661
586,59369,5.0,1529899854
602,253,3.0,840875621
606,8933,4.0,1171323614
216,2109,2.0,975212804
580,32,5.0,1167790855
299,3717,4.0,974620319
14,586,3.0,835441451
448,105254,3.0,1411243546
132,2706,2.0,1157922783
220,3421,4.5,1230069662
21,109864,1.5,1403460101
586,91529,4.5,1529899306
314,500,3.0,834241545
310,4483,1.0,1078649140
62,27808,4.0,1525554894
363,2571,2.5,1502584382
232,55276,4.0,1241823174
169,661,4.0,1059427138
390,6377,5.0,1250342421
66,2918,4.0,1093747390
357,7147,3.5,1348610709
610,36850,4.5,1479542366
448,296,5.0,1019132316
282,3949,4.5,1378491761
182,353,4.0,1054782049
135,1422,4.0,1009691357
219,520,4.0,1194740163
248,151763,4.0,1534950946
120,608,5.0,860070029
36,996,2.5,1100803714
28,8798,3.5,1234340436
217,2109,3.0,955943967
64,6944,3.5,1161620576
254,344,3.5,1180446609
432,2594,3.0,1315244956
555,3263,2.0,978746874
225,1214,4.0,949261297
453,1619,3.0,972623117
132,2959,4.0,1329984076
256,48780,4.0,1446579935
67,1291,3.5,1501274102
380,4735,3.0,1494529465
606,4392,3.0,1262965699
564,106782,3.0,1478453646
525,45517,3.0,1476479641
610,140247,3.5,1493849261
11,1438,3.0,902154647
414,4343,2.0,1095466496
483,2078,2.5,1327277836
193,1193,5.0,1435857277
428,2581,2.0,1111525330
356,3186,4.0,1228072741
367,4628,2.0,997811731
28,62394,2.0,1234853555
425,150,3.0,1085477188
356,7352,4.0,1232429848
477,3479,3.0,1200944815
307,910,3.0,1186162190
149,1391,4.0,902085078
241,6214,4.0,1447540076
24,5903,3.0,1458941589
62,8529,4.5,1521489778
347,597,4.0,847645761
274,6615,2.5,1171829171
483,468,3.5,1215896024
233,55765,3.0,1529334261
224,3948,5.0,971813062
215,2762,4.5,1260908613
448,45728,5.0,1158950611
586,45517,5.0,1529903247
356,2706,3.5,1229142931
474,1258,4.0,1093878418
292,1,4.0,1219625000
256,6537,3.0,1446580470
381,3253,3.5,1200824494
489,5222,0.5,1333659622
420,54995,4.0,1218221551
380,33615,3.0,1494267384
599,4719,1.5,1519149271
544,3,3.0,850688562
486,292,4.0,839537112
285,474,3.5,1476723524
414,3508,5.0,961513402
524,924,4.0,851609506
351,6223,4.0,1326062061
462,107702,3.5,1398516237
7,4370,4.5,1106712869
263,852,3.0,941591986
119,6377,4.0,1436008346
483,83132,4.0,1327276441
45,1393,5.0,950726330
68,32598,4.0,1267237781
182,4816,3.5,1055155784
380,94864,4.0,1493420747
483,1591,3.5,1415579609
608,4016,4.0,1117162351
98,52975,4.0,1532457663
210,122886,5.0,1473705500
66,1639,4.5,1099188155
570,2959,4.0,1181477595
66,6807,3.5,1093747517
62,114662,4.0,1521490183
307,6482,2.0,1186173834
66,1196,4.0,1093747539
73,123947,2.5,1464198258
452,2762,5.0,1013398330
425,1573,3.0,1085490325
596,8666,1.5,1535711569
469,260,4.0,965333666
19,2428,3.0,965703915
111,53125,3.5,1516140807
89,26183,5.0,1520409340
600,2424,1.0,1237759280
484,5103,4.0,1342365349
368,1589,2.0,975828061
361,7458,4.0,1204047750
140,3178,5.0,949667403
111,134393,3.0,1516152201
606,3100,3.5,1171815069
603,4725,4.0,1002403253
290,2788,4.0,974942559
140,2822,4.0,942844165
386,589,3.0,842610286
18,466,2.5,1459946776
234,2720,5.0,1004408701
448,4718,3.0,1178981442
105,95858,4.0,1446572640
207,100,3.0,1258548270
356,3178,3.5,1228072745
570,186,0.5,1181476009
489,5970,3.0,1333658145
599,43928,0.5,1519178936
474,8125,4.0,1140403914
381,45950,4.0,1164382821
232,2028,5.0,1241823312
4,2874,4.0,986935016
597,2302,5.0,941558145
153,72998,1.0,1525552980
555,1995,2.0,978823714
414,43917,3.5,1157132443
4,3967,4.0,986849164
216,2321,2.0,975212750
569,153,5.0,849190609
474,2745,5.0,1046978794
532,1304,3.0,1025523716
202,2947,3.0,974918472
64,7982,4.5,1161530147
240,173,3.0,849122371
512,356,5.0,841449308
312,3147,4.0,1043177495
313,5463,4.0,1030475237
307,3824,2.5,1186085469
160,1584,1.0,971114112
382,527,5.0,1515160612
357,364,3.5,1348610280
606,1416,3.5,1171501592
106,4993,5.0,1467360286
419,86668,5.0,1321854735
429,207,5.0,828124616
325,1380,3.0,1039396060
606,1136,4.0,1171736505
183,2951,3.0,992331540
318,2105,4.0,1342626198
573,780,5.0,1186722183
123,112552,3.5,1447291816
115,1241,1.0,957759878
254,318,4.5,1180446073
534,2706,4.5,1459787999
182,5873,4.0,1054781583
140,2716,4.0,1085569775
479,1302,4.0,1039392576
599,477,2.0,1519244415
474,907,3.0,1074607299
495,134368,4.0,1458634677
83,53318,5.0,1333170507
68,1894,4.0,1261623746
275,4037,5.0,1049079204
428,5481,2.0,1111523368
135,3476,4.0,1009691164
57,720,5.0,965796004
182,1219,3.0,1069633872
140,4508,3.5,1117729488
590,68358,4.0,1258427299
463,110,4.5,1145460295
227,7323,4.5,1447210222
520,60516,4.5,1326610757
307,1645,4.0,1200150380
135,4037,3.0,1009691573
249,2997,4.0,1346757696
221,1080,4.5,1111178181
275,1225,5.0,1049077233
330,5989,4.0,1285905623
371,6365,5.0,1407692315
367,4535,4.0,997813512
151,1047,4.0,855947597
346,480,2.5,1125858149
200,4308,5.0,1229886822
217,919,3.0,955941874
166,2959,4.5,1188774339
517,520,1.5,1492339043
191,178,1.0,829760898
418,1721,3.5,1461868618
534,5621,3.5,1459788952
555,2722,2.0,978841950
325,2145,2.0,1039395929
66,1247,5.0,1093143995
277,112,3.0,861812866
113,1077,3.0,980087902
436,261,3.0,833529750
483,94864,2.5,1415577343
460,3968,3.5,1359176252
50,111921,2.5,1514239318
332,208,2.0,1352673137
135,2700,5.0,1009691915
537,48516,4.5,1424142662
177,59784,4.0,1435524865
419,2807,3.0,1318338113
64,2100,3.5,1161521607
419,6287,3.5,1350347503
590,48780,3.0,1258418397
432,527,4.5,1315243043
19,788,2.0,965703885
605,367,4.0,1277176570
232,27839,2.0,1218170824
514,1307,4.5,1533872329
527,34,5.0,1033173966
68,94864,3.0,1355269781
325,3175,4.0,1039395747
426,54272,3.0,1451081393
525,34405,4.0,1476476153
21,122882,3.5,1436989603
514,2423,3.5,1533954348
177,6987,3.0,1435537516
50,50872,3.0,1514238375
610,120799,2.5,1493845842
229,300,3.0,838144346
83,7143,3.5,1333843458
249,6242,4.0,1440669320
259,2,2.0,1146845339
106,7153,5.0,1467360283
227,91658,4.0,1447210521
350,653,3.0,864941018
331,8361,2.5,1537158062
122,1682,5.0,1461561457
374,380,5.0,849089035
192,432,4.0,835129209
577,969,4.0,945965658
474,6390,3.5,1064172069
448,6595,1.5,1063909065
160,1674,2.0,971113866
514,1610,4.5,1533872420
453,1573,5.0,1005967944
101,2692,4.0,968441171
177,72011,3.5,1435525028
119,73321,4.5,1451491358
45,1610,4.0,950741569
483,45447,3.0,1178358525
326,32587,2.0,1436898665
380,102125,5.0,1494804182
298,52281,2.0,1447598627
159,3147,0.5,1508640210
555,3678,5.0,978745225
509,43560,3.5,1435997182
41,30825,3.0,1458940181
474,5682,4.0,1048279742
292,89492,3.0,1326661225
378,33794,4.5,1445347578
376,1196,4.0,1364933358
132,48394,3.0,1329983538
187,1196,4.0,1180734824
76,5445,3.5,1439168250
414,40819,4.0,1133636669
385,1011,2.0,842892576
438,2490,3.5,1105664338
160,3616,4.0,1077749437
599,169958,1.0,1498529010
414,550,3.0,961439009
288,2057,3.0,978468314
599,7782,1.5,1519337523
84,597,3.0,858772370
462,38886,4.0,1136822176
160,356,3.0,971115856
63,68358,3.5,1443368303
274,2793,3.0,1172007761
292,85056,3.0,1326033101
380,4855,5.0,1493473810
599,86898,3.0,1498522935
372,450,3.0,874416614
6,494,3.0,845554176
490,2571,4.0,1324371086
213,64969,4.5,1316197131
603,1351,2.0,963180176
260,2599,4.0,1109408307
288,1,4.5,1054568869
391,3082,3.0,1031030583
599,837,3.0,1519118230
380,1954,5.0,1493474242
274,48780,3.5,1177387076
490,48780,3.5,1324371071
382,65685,3.5,1515162039
202,1391,3.0,974919042
137,3996,3.0,1204859320
15,1198,4.0,1510571989
492,1393,4.0,863976249
580,37741,4.0,1167790463
168,1729,4.5,1306793536
266,1732,5.0,946506300
414,11,5.0,1052148205
64,3160,4.0,1161529395
514,7730,3.0,1534560088
294,3130,2.0,966596725
50,8235,3.0,1514239992
543,2379,5.0,1377022552
409,1221,5.0,969057728
105,5026,4.0,1446773487
298,79008,4.0,1447597914
198,1250,5.0,1034138384
177,915,5.0,1435535580
68,30812,1.0,1158532707
182,2600,4.5,1054780045
318,81537,3.5,1325866770
239,6365,5.0,1221158253
599,2505,1.5,1498504268
554,2541,4.0,944899564
439,5952,4.0,1436944011
317,6,5.0,1430532917
62,108190,3.0,1525554826
610,44665,3.0,1493847392
80,53322,4.0,1377309208
474,7080,3.5,1082311136
320,59900,3.0,1284251074
534,37386,4.0,1459787997
414,1215,4.0,961438352
111,170817,4.0,1517440905
474,33493,4.5,1118006457
606,34437,4.0,1183640232
357,4663,3.5,1348628066
608,4448,4.5,1117491164
68,2005,3.0,1158534461
414,842,2.0,962372102
103,1201,5.0,1431954445
12,2717,5.0,1247263428
19,3032,3.0,965703727
250,1722,3.0,1121217564
469,1,4.0,965336888
307,2023,3.5,1186162169
68,8984,3.0,1158533305
474,249,4.0,974669033
528,6377,2.0,1391736781
28,2686,3.0,1234569659
490,53972,3.0,1328145357
307,1095,3.0,1207701931
525,6539,4.5,1476479347
599,7143,4.0,1498499261
217,548,3.0,955941233
307,3774,0.5,1186258870
19,2143,3.0,965704304
414,1459,3.0,961692588
1,1396,3.0,964983017
57,2376,3.0,969754753
597,2288,5.0,941729322
309,1949,5.0,1086565672
307,1993,2.5,1186087850
97,3257,4.0,1043382019
365,128975,3.5,1489796974
68,653,4.0,1158532974
567,82461,2.5,1525288000
47,1968,2.5,1496208487
1,2492,4.0,965719662
514,124484,3.0,1533946674
465,1909,3.0,959896167
558,1222,5.0,1035415531
240,196,4.0,849122483
202,1372,3.0,974918973
68,66198,3.0,1275958478
489,61132,4.0,1333022376
474,1125,3.0,978576312
318,7206,4.0,1451770351
480,2140,3.5,1179161365
571,2868,1.0,966901167
548,3263,4.5,1494880275
68,3101,4.0,1158532730
599,63082,3.5,1498539942
380,27822,4.0,1494267919
234,480,5.0,1004407828
177,115617,5.0,1435523609
216,930,5.0,975211596
292,3793,3.0,1015374698
419,72378,4.0,1322305172
140,1441,4.0,949667353
69,50,5.0,1021646926
599,547,2.5,1498515395
555,333,5.0,978746031
208,2427,3.0,940639513
199,3446,1.5,1090544218
448,5463,2.0,1171203561
380,8526,3.0,1494267841
372,39,3.0,874417086
414,5278,1.0,1024928888
369,48082,3.5,1237082456
448,143385,3.5,1478982940
249,500,3.5,1356219014
57,2706,4.0,972174751
606,2628,3.5,1197932958
549,79132,5.0,1464282745
318,83827,3.5,1413646067
113,3044,3.0,980307528
217,1126,2.0,955945372
448,67734,3.5,1311517164
84,276,3.0,858772543
474,3641,3.5,1093465921
288,2989,3.0,976138347
335,110,4.0,1261542354
233,7371,4.0,1529751876
577,2421,2.0,945978570
517,38038,2.5,1487955853
298,6953,2.0,1447598390
182,2117,4.0,1054779834
308,2,3.0,1421374418
599,26585,3.0,1517370572
82,4255,2.0,1084467004
365,3785,3.5,1488332610
222,99114,4.0,1391347713
577,2000,4.0,945967440
596,3967,4.0,1535834067
298,74458,2.5,1447518115
413,2502,5.0,1484439642
580,4011,4.0,1167673981
411,529,3.0,835533161
410,3224,5.0,990728986
64,8961,3.5,1161520721
21,68954,4.5,1407617748
33,150,3.0,939647816
367,2144,4.0,997812240
62,1210,4.5,1521488714
185,3034,3.0,1044311830
520,1527,3.5,1326608640
76,1080,4.5,1439167537
563,2248,3.5,1439933376
274,1031,4.0,1197067361
241,47,4.0,1447540959
249,6711,4.5,1346847766
182,1730,4.0,1064155721
600,7153,5.0,1237759080
453,1089,5.0,972621282
380,48304,4.0,1494071427
448,3284,3.0,1476384001
605,76093,4.0,1277175655
307,40819,4.5,1189457674
597,492,4.0,941558713
560,55269,3.5,1469650833
469,3178,3.0,965334923
288,7362,3.5,1101316628
414,53125,2.0,1203130264
88,50,5.0,1331421330
4,3911,3.0,986849149
282,1213,4.5,1378490607
84,46,3.0,858771890
45,6287,5.0,1057007003
474,5,1.5,1053021982
606,8391,3.0,1171839204
448,118248,1.5,1466434602
104,5952,4.0,1048586462
448,46974,2.0,1252187976
182,1197,3.5,1054781212
603,866,5.0,954482255
167,4993,5.0,1154721752
590,1124,3.5,1267152152
200,3638,4.0,1229889147
42,2194,4.0,996258165
394,595,2.0,838994211
599,26940,2.5,1519346264
237,94959,3.5,1410632764
390,2908,4.0,1250339191
202,3204,4.0,974924992
474,46723,3.5,1180012304
414,3483,1.5,1095466329
599,87960,3.0,1519368586
30,109487,5.0,1500370443
200,58559,5.0,1229885836
177,2692,3.5,1435532298
202,2628,4.0,974923318
343,2858,4.0,1202060809
7,7445,4.0,1107473963
155,260,4.0,961889079
6,532,3.0,845554224
603,1953,4.0,953926854
246,80463,4.0,1355660751
469,2403,4.0,965334518
560,73344,4.0,1469675570
210,102125,4.5,1527266096
599,56174,2.5,1498530930
381,2087,3.0,1167543564
520,1197,5.0,1326609129
599,48774,4.0,1498499630
412,858,5.0,939563056
160,2701,1.0,971114775
173,253,3.0,843397944
387,922,4.0,1125886206
448,5942,2.5,1268569904
182,1365,4.0,1075765076
45,3269,3.0,950741248
19,2968,5.0,965703674
182,6564,0.5,1063646207
68,7254,2.5,1158533261
274,3752,4.0,1171758571
597,2406,4.0,940420917
517,1101,0.5,1487957523
89,142831,4.5,1520409391
599,46530,3.0,1498523867
440,924,4.5,1237569107
428,2671,1.0,1111489708
169,6266,4.0,1059428904
610,114044,3.5,1493848721
483,2951,4.5,1415574429
327,4718,5.0,1234789395
288,784,2.0,978560086
567,7153,3.0,1525287071
84,916,3.0,860397294
68,95,3.5,1158532180
89,42761,4.5,1520409141
376,745,5.0,1364933013
332,527,4.0,1352673580
599,3190,2.0,1498510303
599,592,3.5,1498501127
448,94959,3.5,1367699194
63,111759,4.0,1443199982
425,3698,3.0,1085491483
509,4718,2.0,1435993494
606,2207,3.0,1171363536
460,2747,3.0,1359176295
599,1952,2.5,1498532247
204,62956,4.0,1327182488
610,81520,4.0,1479543207
288,1873,3.0,974759525
410,296,2.0,990807684
448,663,3.0,1019127733
198,2572,1.0,1034136443
274,42725,3.0,1172033100
42,4541,4.0,996260018
309,930,4.0,1166068873
169,11,4.0,1059427956
184,87483,2.0,1537098758
292,56775,4.0,1483194003
298,134808,2.0,1479057258
139,91500,2.0,1453924582
95,7,3.0,1043340043
6,450,4.0,845555024
383,1196,3.0,943571184
404,368,3.0,838376249
169,7375,4.0,1082229294
33,151,4.0,939715904
307,1101,0.5,1186161510
222,527,3.0,1391346845
474,5954,4.0,1087831597
66,2401,4.0,1093748010
221,3983,5.0,1118246873
448,1307,3.0,1019127163
21,58559,3.5,1376823495
249,924,4.5,1415415256
22,5388,3.0,1268727177
414,8966,3.0,1216147551
309,973,4.0,1086564073
318,78209,3.5,1424546891
551,112175,3.5,1504926160
475,6934,4.5,1498030294
297,338,2.0,900876291
247,5618,3.5,1467644468
590,2795,3.5,1258420137
42,4322,4.0,996258299
187,1222,4.5,1161849352
445,45722,3.0,1454622162
57,2791,5.0,965798049
414,84954,4.0,1489536931
385,551,3.0,834691914
382,296,5.0,1515160642
599,1223,4.5,1498533210
452,4025,5.0,1019580899
483,44665,4.5,1199992808
313,1466,3.0,1030557900
156,6509,4.0,1106881212
91,543,3.5,1112712249
599,1544,2.5,1498516489
318,27815,3.5,1275475123
123,97923,4.0,1448836052
599,3438,3.5,1498539934
428,784,2.0,1111623236
68,64622,3.5,1267237741
210,7454,4.5,1527266076
195,3983,4.0,987397486
586,77561,5.0,1529899964
438,7153,4.0,1105664174
298,7048,2.0,1467489613
43,95,4.0,848993983
442,610,1.0,1331560545
474,51540,4.0,1189991053
483,2423,2.0,1215896989
503,1721,2.5,1335219591
99,168,5.0,829828006
480,3755,2.5,1179165428
599,50,3.5,1498500777
387,4679,1.5,1095121334
561,216,2.5,1491094342
6,342,3.0,845553938
580,4235,4.0,1167791039
608,2550,3.0,1117408202
251,1704,5.0,1470676743
291,50872,5.0,1453051531
165,1573,3.0,1046741213
279,1258,5.0,1506394412
109,144,3.0,841109781
489,5618,4.0,1334170348
129,1073,4.0,1167376169
184,114662,3.0,1537099570
212,3869,4.0,1532362108
282,780,3.5,1378496890
606,1485,2.5,1171814422
365,42011,1.0,1491088205
294,2798,1.0,966597308
66,586,3.0,1099187123
453,3108,3.0,1005966862
542,3623,2.5,1163386532
249,6615,2.0,1365263709
474,2114,4.0,1046978958
387,4191,4.0,1127020134
346,7084,4.0,1094650645
580,2640,3.0,1167674843
187,27741,4.0,1161864218
474,7219,4.0,1093142418
596,802,3.5,1535827820
361,2502,2.0,1204045760
381,78499,4.0,1278632058
230,588,2.0,1196304330
221,2300,4.5,1111178018
342,2599,2.0,1042822039
18,98585,3.5,1517686559
292,2027,1.0,1041613090
414,786,3.0,961515844
345,3396,3.0,1342826810
217,2567,2.0,955944401
579,2387,1.0,958879901
430,3259,2.0,963545539
474,491,2.0,1089387285
286,6,4.5,1119563039
606,26527,4.0,1171818266
230,1200,3.0,1196304682
438,5941,3.0,1105654126
561,3698,3.0,1491092392
249,92507,3.5,1347887107
303,1374,5.0,1053303250
91,3708,4.0,1112717016
527,1374,5.0,1033175858
483,3717,3.0,1215896015
527,590,5.0,1033175729
513,1220,4.0,1159980341
7,593,5.0,1106635912
63,4027,1.0,1443200564
64,5810,4.0,1161564451
182,5464,4.0,1055157277
140,2,3.5,1085569813
200,2502,4.0,1229886460
90,728,3.0,856354195
442,3107,0.5,1331560477
220,231,3.5,1230055806
387,1527,3.5,1094938345
219,56367,4.5,1204006770
381,2080,3.0,1167542980
480,3979,2.5,1179166121
489,2558,3.0,1333830724
580,6770,3.5,1167790427
160,1356,2.0,971115213
113,902,5.0,980306846
385,356,4.0,834691790
111,112788,2.5,1516156057
313,3917,4.0,1030475828
553,5418,4.0,1219565089
477,57243,4.0,1263711414
420,3307,4.0,1218041883
468,150,5.0,831400406
405,1199,4.0,1298940936
479,4831,3.0,1039362028
153,1208,2.0,1525551043
365,4239,2.5,1488594776
480,6016,3.5,1179160098
599,2161,4.0,1498499195
600,2445,2.5,1237711158
381,31804,4.5,1200823769
484,1923,4.0,1342295910
312,2717,3.0,1043176477
131,1288,3.5,1349840636
282,31,4.5,1378488783
522,33794,4.0,1253344153
386,485,2.0,842613794
247,4886,4.0,1467644266
610,55232,2.5,1493846256
411,47,4.0,835532191
140,3198,4.0,1055092383
608,3489,3.0,1117491716
474,2144,3.0,978575993
158,6383,3.0,1290765043
21,1391,0.5,1468113524
448,7247,5.0,1074422250
599,552,2.0,1498510887
19,3017,2.0,965705301
274,2361,3.0,1172026473
331,5502,4.0,1537157933
367,2384,3.0,997812337
68,48780,3.5,1252727923
190,5816,5.0,1504310099
410,4256,3.0,990728101
330,3275,2.5,1285904106
4,1199,2.0,945078967
552,2857,4.0,1112151427
339,40815,2.5,1460183491
514,474,4.0,1533949095
483,26662,4.0,1178213546
582,91500,4.0,1446792725
305,1625,2.5,1460135974
275,2858,4.0,1049076455
74,1041,5.0,1207499247
18,1247,4.5,1455050172
367,4639,2.0,997813682
41,96829,4.0,1458943201
580,6711,5.0,1167790369
337,805,4.0,860255866
68,7346,4.0,1261086340
520,5008,5.0,1326611416
195,4246,5.0,987397430
288,6377,3.5,1056387066
493,1221,5.0,1001562471
414,3078,4.0,963236704
322,58559,3.5,1217675948
294,325,2.0,966597066
489,1968,4.0,1333023145
563,5524,3.0,1441845137
282,1953,4.0,1378497900
339,134853,5.0,1460183474
377,1274,5.0,1340343315
492,1474,4.0,863976962
414,1093,3.0,961436657
469,3033,2.0,965335812
160,338,1.0,971196681
589,350,3.0,856045408
537,8533,1.5,1424141947
480,27664,3.0,1179165852
98,71264,3.5,1532457585
274,3355,2.0,1171829572
610,77800,4.5,1493847737
326,4993,4.0,1419880560
573,79132,5.0,1299222424
600,1288,4.5,1237850914
258,3147,5.0,1534892559
504,2797,3.5,1063644403
202,1201,5.0,974918508
210,122906,4.5,1537632293
188,3341,5.0,962560044
440,532,3.0,1237568970
610,130840,4.5,1493848621
380,32017,3.0,1494267847
54,586,2.0,839921452
599,6166,1.5,1498503959
474,260,4.0,975173633
517,1848,3.0,1487956368
169,6537,3.0,1059427411
226,8266,3.5,1203892179
484,1032,5.0,1342298041
474,7618,3.5,1145125822
219,1676,3.0,1194932184
103,132046,1.0,1440773794
333,3784,1.0,965671715
474,6252,3.0,1064172027
219,55292,1.0,1200977866
602,347,3.0,840875998
168,2019,4.5,1306801959
387,8928,3.0,1147914709
249,61248,3.5,1355366222
477,3868,4.0,1201159567
534,3578,4.5,1459787998
97,4299,4.0,1043382848
141,344,2.0,1513130695
514,68157,4.0,1536456570
339,4007,4.5,1461877735
352,71156,3.0,1493674972
592,353,4.0,837350372
528,55820,1.0,1391736282
111,327,2.5,1518640870
263,6708,3.0,1090948299
140,5364,2.5,1079472693
249,103624,4.0,1436106324
312,1344,4.0,1043177738
597,1270,5.0,941641148
474,1178,3.5,1137521161
420,910,5.0,1218040269
68,85780,2.5,1305861285
182,4954,4.0,1055154150
230,30793,2.0,1196304899
489,674,3.5,1333658835
603,440,4.0,954482505
295,1201,3.5,1320064990
62,115680,4.0,1521932302
410,389,5.0,990807705
448,7101,3.0,1074423259
274,2761,3.5,1288172971
599,1031,2.5,1519336486
474,40732,4.0,1180012571
381,2692,4.0,1200823476
561,1407,3.5,1491095492
294,1018,1.0,966596184
288,4492,3.0,1050510833
474,8645,4.0,1103392567
249,79224,3.5,1430482970
331,4367,1.5,1537158101
367,3484,5.0,997814031
328,13,3.0,1494212082
116,1059,1.0,1337195837
445,4011,3.5,1454621739
212,5618,4.0,1490115592
68,2502,5.0,1158532149
105,73881,4.5,1446574063
182,6679,4.0,1063274141
91,1580,3.5,1112711168
414,71838,2.5,1273977893
474,3203,3.0,1048709435
579,2396,5.0,959490014
514,177763,2.5,1533874498
318,6711,4.0,1270751726
318,1625,3.5,1433139439
362,104879,4.0,1532214626
597,2915,5.0,941641183
105,4963,4.0,1446573318
165,5530,2.0,1046741411
581,2762,4.5,1447007127
219,34048,2.0,1194932220
68,93326,3.5,1346110079
418,1552,0.5,1461868539
561,149406,3.5,1491091520
594,377,4.5,1109036660
359,648,3.5,1198112063
18,858,4.0,1455050024
166,54001,4.5,1188774138
517,1284,2.0,1487958126
608,2001,3.5,1117491601
91,252,2.5,1112713801
509,3000,3.5,1436393181
274,78088,3.0,1293657829
469,1676,1.0,965335769
50,5004,3.0,1527106283
20,3996,3.5,1054037208
573,1278,4.5,1187044980
114,106782,4.5,1485388020
528,3101,2.5,1391734371
288,42418,4.0,1199974982
572,1958,4.0,945893475
519,104211,5.0,1518479335
174,648,5.0,848487280
438,41573,1.0,1146924159
125,139385,3.0,1474284127
498,648,5.0,839197392
600,2936,5.0,1237857993
522,2141,1.5,1253342906
369,1208,3.0,1237082914
323,588,4.0,1422640382
264,1376,4.0,1136978346
273,539,3.0,835860849
182,6335,4.5,1054781916
357,1584,3.0,1348611254
555,608,5.0,978840009
68,4018,4.5,1158533257
200,2541,4.0,1229888459
45,1615,3.0,950740452
232,7163,3.5,1218165479
599,26947,2.5,1498517236
566,300,3.0,849005614
298,1466,2.0,1476641403
132,7090,3.0,1157924134
57,2968,4.0,965798155
233,58559,4.5,1520206338
263,5524,3.0,1033172419
298,5881,1.0,1447598830
603,4223,3.0,1000194420
474,956,4.0,1101737024
387,663,3.5,1095041439
438,7004,2.5,1105670673
342,2188,3.0,1042821871
448,113186,3.0,1436022177
16,2109,3.5,1377476690
610,344,3.0,1479544704
249,103253,3.5,1440256513
117,333,3.0,844163136
555,1371,3.0,978842000
341,1036,4.0,1487196203
560,105213,2.5,1478040909
432,3980,4.0,1315244006
68,74154,1.0,1340569978
346,5679,4.0,1094646575
82,1527,4.0,1084468012
139,98809,4.0,1453924710
606,26249,2.5,1173993293
17,590,4.5,1305696492
368,2009,3.0,971275906
298,71899,3.0,1447517080
354,2455,3.5,1200953299
135,1690,3.0,1009691761
256,4963,4.5,1446580206
448,96417,2.0,1374399916
334,1,3.5,1225477466
294,234,3.0,966597039
436,497,4.0,833530553
307,47610,4.0,1187192186
588,163,3.0,839317316
381,1968,5.0,1200824129
104,56775,3.0,1332630156
254,32,4.5,1180446451
228,1373,4.0,1363222624
517,119155,3.0,1487956776
200,260,5.0,1229886006
413,3408,4.0,1484440063
294,2889,3.0,966596255
368,2670,3.0,971274957
484,4239,4.5,1342294772
610,5459,3.0,1493844971
50,4886,3.0,1514238422
318,66511,3.5,1305913600
590,31685,3.5,1258419998
339,33162,4.5,1460183612
226,56805,3.5,1199460823
559,1566,4.0,867760946
367,3471,5.0,997811632
535,2570,3.0,939029581
448,5110,4.0,1082793481
606,1409,2.5,1171831803
61,6796,4.0,1145532594
160,1307,4.0,1065985257
227,84152,5.0,1447210760
573,2918,5.0,1248842595
339,1213,4.5,1460182421
414,165,3.0,961515958
474,1323,2.0,1046984924
414,1097,4.0,961514832
307,46578,4.0,1189457230
596,3147,3.5,1535827380
527,3698,5.0,1033175972
68,7438,3.0,1158531214
606,2996,3.0,1173484533
326,110,5.0,1322251233
387,5853,3.0,1154939007
599,312,1.5,1498504298
234,2628,3.0,1004408301
599,33294,2.5,1498518732
438,4721,4.0,1105664722
307,4641,3.5,1196131390
177,2316,4.5,1435536646
387,4734,2.5,1123558873
279,318,4.5,1506394183
275,1466,3.0,1049078858
367,3189,4.0,997812140
404,196,3.0,838376027
567,107406,3.0,1525286772
448,122,2.0,1019128536
414,1235,4.0,1511540900
599,8914,3.0,1498521322
573,66097,4.5,1248840022
160,2985,4.0,971114256
432,2762,4.0,1316391535
18,1201,5.0,1455051405
600,2946,3.5,1237760404
532,1343,5.0,1025523392
599,5081,2.0,1519261970
219,4975,3.5,1194932343
489,8949,1.0,1332773945
346,3160,4.5,1094645785
563,55250,3.5,1441846041
587,1,5.0,953137847
226,3552,3.5,1160004311
424,367,3.0,1457844332
105,2858,5.0,1446749499
474,4292,4.0,1136942681
352,34162,3.5,1493674230
606,6140,4.0,1171311404
317,111,5.0,1430597309
210,130444,4.0,1537632310
73,68135,3.5,1464198141
414,72733,4.0,1489548416
414,94,5.0,961517421
599,27441,2.5,1498518081
487,4878,4.0,1428574246
435,2712,3.5,1366675815
18,5266,3.5,1455050827
288,4010,2.0,975692683
477,2761,4.0,1200940826
524,1272,4.0,851609711
20,3994,2.5,1054037305
469,2476,5.0,965334475
596,33649,5.0,1535829905
275,25,3.0,1049079449
201,2717,3.0,940350613
89,172321,2.0,1520408942
357,1084,4.5,1348627752
391,2702,1.0,1030825403
538,44889,4.5,1307846820
304,2320,3.0,932987177
57,838,3.0,965797105
600,5816,4.0,1237713080
462,4993,4.5,1123892035
263,1967,4.0,941590364
608,3481,4.5,1117502776
356,4973,5.0,1228073344
318,7153,3.5,1292695608
607,2403,5.0,963078960
510,7028,2.5,1141160562
525,33794,3.0,1476475931
117,277,4.0,844163204
51,1499,0.5,1230930470
377,2699,3.5,1340345307
372,1408,5.0,874416908
357,1997,4.5,1348610803
19,842,2.0,965705347
103,86882,4.5,1477519404
164,1201,5.0,999708209
352,40732,4.0,1493674824
608,3988,3.5,1117415434
573,2959,5.0,1186589334
474,4509,1.5,1060105803
177,7234,3.5,1435537102
318,118880,4.0,1433057047
66,1049,3.5,1113190210
570,52328,3.5,1181555656
606,1569,4.0,1171365318
307,4619,3.0,1186259014
275,1230,5.0,1049078140
500,2108,4.0,1005527801
327,3515,4.0,1234787476
561,110,5.0,1491090875
560,45081,3.5,1469651300
474,2670,3.0,1069684735
610,5294,4.0,1493847524
354,50,4.5,1200869832
380,92938,2.0,1493421323
469,2599,4.0,965336920
435,858,5.0,1366676018
561,105468,2.5,1491091604
514,1644,2.0,1533874765
185,3753,3.0,1044311108
354,70,4.5,1200953640
606,4718,1.0,1177539635
587,2002,4.0,953139302
514,4361,4.5,1533949185
21,134393,2.5,1439752061
274,40826,2.0,1171829176
346,454,2.0,1094646509
480,3565,3.5,1179165710
42,2329,5.0,996217964
391,5013,5.0,1030825841
84,147,4.0,858771818
274,8241,4.0,1171491883
249,4571,3.5,1422835500
382,52279,1.5,1515174055
15,2571,4.0,1510571744
265,3035,4.0,965316339
28,858,4.5,1234338178
414,6709,4.0,1064169971
140,541,3.0,942841859
377,1127,3.5,1340342681
239,5952,5.0,1221147996
105,134849,4.0,1447574669
555,3707,3.0,978823482
414,466,2.0,961512629
226,4321,3.0,1096419928
274,7376,3.5,1172023973
420,31410,4.0,1218221435
480,27882,3.0,1179166803
68,62293,3.0,1267237858
313,3578,5.0,1030556236
369,6663,3.5,1237082530
144,19,3.0,1136812137
279,3527,5.0,1506394514
351,91128,3.5,1328296577
450,1580,3.0,974705093
68,8781,2.5,1158534980
509,106642,4.0,1435993114
60,6016,4.0,1393542073
125,88129,4.5,1474294429
474,1950,3.5,1137520939
597,1292,5.0,941640239
132,68157,3.5,1329983509
241,3252,3.5,1447536670
105,8644,3.5,1446571621
63,3000,3.5,1443200472
182,4738,4.5,1055155448
486,405,3.0,839537344
64,2396,4.0,1161520190
469,1952,5.0,965662104
380,122898,3.0,1536872751
362,5349,4.0,1530640272
603,1284,4.0,953925309
561,3623,2.5,1491091665
448,50064,3.0,1218827311
331,7458,3.5,1537158076
328,63082,3.0,1494207171
100,3274,4.0,1100186044
339,109374,4.0,1460185421
402,762,3.0,849598292
220,733,4.0,1230055810
580,4901,4.0,1212342506
606,3260,4.5,1171822034
182,2273,3.5,1054782070
68,457,4.5,1158531542
68,53996,5.0,1208743331
243,485,3.0,837155479
599,42725,2.5,1498515076
474,1954,4.0,983033369
469,1288,4.0,965336980
543,1731,1.0,1377068655
141,1198,3.0,1513129799
19,3500,2.0,965706907
62,122898,4.0,1523048682
66,6708,5.0,1104644876
448,96726,1.5,1378554396
318,5903,4.0,1424546826
68,1831,4.0,1158535297
600,1265,4.0,1237858421
189,527,4.5,1439465064
393,750,5.0,1430506142
594,509,4.0,1108798641
160,2642,1.0,971114668
448,474,4.0,1019124231
179,743,3.0,852115576
463,3977,2.0,1145459381
497,318,3.0,1429127139
159,186,3.0,1508640386
483,6863,4.0,1215542995
298,45666,1.5,1466277955
275,2330,5.0,1049078586
309,1207,3.0,1126451015
307,529,2.5,1186162042
375,595,3.0,1225314365
477,783,0.5,1200941775
177,7154,3.0,1435526743
140,296,4.0,942843185
596,132454,3.5,1535833188
274,344,4.5,1171409788
249,95510,4.5,1350831589
111,119155,3.5,1516152412
382,39292,4.5,1515161997
313,2161,2.0,1030475440
82,1201,3.0,1084463795
4,4121,4.0,986934901
599,26612,3.0,1519235553
219,2268,4.0,1194681129
605,1022,3.0,1277175761
298,8983,2.5,1449592370
495,33166,3.0,1458635388
414,2005,5.0,961594916
298,2005,3.5,1449756331
223,457,3.0,1226209951
217,1021,1.0,955944758
590,1385,3.0,1258428963
488,1288,3.0,1112382475
339,296,2.5,1460868473
585,296,5.0,1307418531
414,1513,3.0,961436997
500,260,4.0,1005527309
462,69757,1.5,1453171574
307,1562,2.5,1186085940
111,72407,1.5,1516141802
246,2291,3.5,1355956303
52,8464,4.0,1468051483
220,1265,5.0,1230061458
288,1215,4.0,975692000
492,6,3.0,863976004
475,58559,3.5,1498029377
549,1210,2.0,1464282608
57,11,3.0,965797264
579,3176,5.0,958882104
380,6936,3.0,1494266394
160,4450,5.0,1065983846
523,116797,5.0,1503126021
177,673,3.0,1435534747
198,912,5.0,1034134297
160,1291,3.0,971113554
68,49286,4.0,1267239041
590,2013,2.5,1258420216
509,53956,3.0,1436101754
285,1193,5.0,1451151153
229,377,4.0,838143959
500,364,3.0,1005528236
66,7293,4.5,1097804045
286,4993,4.5,1119563396
425,7153,4.0,1085492350
246,4246,4.0,1354126280
112,3147,5.0,1444606653
177,41571,3.5,1435525534
288,50872,4.0,1198509870
600,17,3.5,1237712509
534,138036,3.5,1459787996
334,5459,3.0,1232308282
184,108932,5.0,1537099275
603,926,5.0,953926507
202,2989,4.0,974918973
483,799,4.0,1215896476
340,318,5.0,848666393
89,947,1.5,1520408347
28,5349,3.5,1234515706
448,105954,3.0,1420150263
83,4963,3.0,1333843526
483,5349,4.5,1178293961
414,8781,2.0,1216149551
458,110,5.0,845651761
288,3519,3.0,976138026
15,143385,3.0,1510572581
10,40629,3.0,1455356796
274,2133,3.0,1288866272
279,61024,3.5,1506394279
177,1028,4.0,1435534426
176,457,5.0,840108793
387,930,4.5,1094876584
352,2490,3.0,1493673744
75,928,4.5,1158967852
232,37477,2.5,1218169615
599,4992,1.5,1498504941
424,1921,3.5,1457901918
105,53121,4.0,1447563216
111,69406,3.5,1516141323
381,1961,4.5,1164877386
137,4306,4.0,1204859371
580,2916,4.5,1167793020
597,555,5.0,941728937
171,380,5.0,866905647
298,2700,4.0,1447584513
522,1500,4.5,1388124784
380,8371,4.0,1494071364
3,31,0.5,1306463578
599,2683,3.5,1498501803
469,2396,4.0,965336863
298,104069,3.0,1447584688
418,1222,4.0,1461869820
249,102716,3.5,1373219070
125,71264,4.5,1474295986
18,1356,4.5,1455231686
483,170,4.0,1181495765
580,589,4.0,1167790721
599,93838,3.0,1498531320
292,2555,2.0,1016841602
440,3386,3.0,1237568756
414,4086,3.0,991144517
434,318,4.0,1270603965
553,1653,4.0,1230773599
380,34405,5.0,1493420179
241,100714,5.0,1447536802
83,1223,0.5,1332837822
408,44840,3.0,1468361608
551,6874,0.5,1506129007
307,37729,3.0,1186172409
455,367,3.0,836436114
427,5064,3.5,1053070928
199,377,2.0,940544026
474,1196,5.0,983034060
356,5577,4.5,1229140613
105,56757,4.0,1446750654
608,1208,3.0,1117408362
62,27706,4.0,1526248533
160,3785,5.0,974494268
323,356,3.5,1422640354
127,1276,4.0,1263527076
205,81834,4.0,1519900899
22,3911,4.0,1268726837
124,1961,4.0,1336412878
173,356,5.0,843397925
414,1358,4.0,961516793
29,56174,4.0,1309069586
84,1210,4.0,858771139
84,1295,5.0,858773024
405,2329,3.5,1295915392
425,1196,3.0,1085477383
140,3062,4.0,1021898980
232,3745,2.5,1218169317
294,3072,1.0,966595406
198,1270,5.0,1034135578
474,2875,3.0,1047043601
318,101741,4.0,1417281043
387,7698,4.0,1094876549
414,55261,2.5,1273977614
288,33794,4.5,1145817438
160,2716,4.0,971113644
432,6378,4.5,1335139595
368,3219,3.0,971276863
339,48516,4.5,1460182050
408,45447,3.5,1467361318
18,1095,4.0,1502911292
438,2001,4.0,1105649757
104,515,3.0,1098565936
600,2617,2.5,1237759244
381,1265,3.5,1164876890
480,3617,3.0,1179165479
598,8360,1.0,1430616928
380,117192,4.0,1494709303
153,778,3.5,1525548538
563,91628,2.5,1446856793
249,111113,4.0,1410001605
266,1093,4.0,944940340
119,4387,4.5,1436563749
162,17,5.0,836510953
413,2959,5.0,1484439761
195,1912,4.0,974709814
38,592,4.0,841341160
298,71264,3.0,1447517158
306,159858,4.0,1518327380
448,119655,1.0,1459186712
298,8814,0.5,1479065223
66,1215,4.5,1093748023
477,68237,4.5,1252898594
437,527,5.0,859721361
111,5445,2.0,1516140766
280,1247,4.0,1348434801
514,1954,4.0,1533872398
135,3996,5.0,1009693267
217,2000,4.0,955942953
301,4973,4.0,1211378380
596,1197,3.5,1535627162
95,4262,5.0,1043339870
232,7445,3.5,1218169620
309,953,4.0,1086563214
226,260,4.5,1095662595
586,1196,4.5,1529899129
415,44195,4.0,1382470403
2,3578,4.0,1445714885
573,8636,4.0,1248842404
368,1438,3.0,971277181
570,7153,3.5,1181478106
133,150,3.0,843490780
599,26778,2.0,1519263317
479,3363,4.0,1039367736
559,357,3.0,845475964
104,357,5.0,1048587390
480,1242,4.0,1179161966
552,7143,3.5,1112151253
522,92535,5.0,1399611198
182,4149,2.5,1055156355
125,2843,4.0,1474460123
599,119218,2.5,1519243660
369,353,3.0,1237082128
368,1298,3.0,971274910
222,26322,3.5,1391353638
232,65682,3.5,1269572112
561,1240,4.0,1491090845
387,364,3.0,1094938483
135,1356,2.0,1009691726
474,780,4.0,974667743
39,2571,5.0,974787586
610,52950,3.0,1493848047
75,1291,4.5,1158990090
205,68157,4.0,1519900524
276,480,5.0,858351188
438,8622,4.0,1105666089
294,1221,4.0,966597387
590,260,5.0,1258416665
182,1207,4.5,1066639196
113,2699,1.0,980051234
593,1073,2.5,1181007969
471,4886,4.0,1496671855
219,3275,4.5,1195700497
249,6863,3.0,1346752212
606,27815,5.0,1175728820
534,48,4.0,1459792580
525,3948,2.0,1476479462
590,4874,3.0,1258420052
312,3703,5.0,1043176581
379,253,3.0,847397421
32,1438,3.0,856736639
508,1270,4.5,1268298253
381,45517,4.0,1164382873
517,1953,1.5,1487958128
603,58,3.0,954482414
318,72011,4.0,1275832163
339,1097,3.5,1460182491
144,6539,5.0,1136812619
194,163,3.0,1110316653
75,2529,1.5,1158967238
477,1968,4.0,1200939990
367,1302,5.0,997812914
263,2501,4.0,940383511
599,132084,2.5,1519142705
596,61323,3.5,1535709721
198,1210,5.0,1034136682
18,6378,3.0,1455049758
599,115819,3.0,1498531519
368,3257,2.0,975829889
380,187595,4.0,1536872728
226,1639,3.0,1095663030
215,2959,4.5,1260908635
219,2918,3.0,1194686114
588,223,5.0,839317085
200,3793,4.0,1229885786
597,2598,2.0,940362052
331,46578,5.0,1537157811
354,53519,4.0,1200869855
330,1584,2.5,1285905318
608,1645,4.5,1117336840
477,1726,0.5,1201158797
266,2387,4.0,945669581
110,1089,4.0,1175330137
19,1580,2.0,965703698
177,1911,3.0,1435535125
387,3633,3.5,1117430322
599,1687,1.0,1498797098
372,165,4.0,874417141
149,849,1.0,902085141
438,2540,2.5,1105664564
414,55274,3.0,1273977457
169,1035,5.0,1059427524
441,3254,5.0,1449070919
381,30812,2.5,1167542294
608,2060,2.0,1117506660
600,32291,3.5,1237763943
182,3019,3.5,1055156986
357,246,4.5,1348610492
318,33166,4.0,1261342674
344,4022,3.0,1420497208
232,33679,4.0,1119375180
156,866,5.0,939843203
40,610,4.0,832059622
222,33660,3.5,1391350809
370,3481,4.0,1159162618
19,2261,2.0,965706636
68,1089,3.5,1158532755
103,1198,3.5,1431957032
288,3317,4.5,1054568461
213,58103,3.5,1316196741
96,3819,3.0,964774067
318,100277,4.0,1483311102
111,99114,4.0,1516140887
105,85316,3.5,1446572811
239,16,4.5,1221159148
448,102025,0.5,1492717843
365,122922,3.0,1489016514
217,2475,2.0,955941505
216,1267,5.0,975211546
414,31221,2.5,1216150572
428,356,3.0,1111489633
298,55118,2.0,1449592439
309,6777,4.0,1126450615
221,32,5.0,1111177792
410,1963,4.0,990909802
182,471,4.5,1054779644
290,1147,4.0,974938836
109,366,3.0,841151436
372,1306,2.0,874416661
564,87869,3.5,1478451800
200,56367,5.0,1229885874
468,344,3.0,831400427
474,7216,3.5,1073255470
355,916,4.0,974966389
8,592,3.0,839463422
294,2450,1.0,966634356
274,5110,4.0,1171828413
91,2396,2.0,1112713344
477,77455,4.5,1296891183
88,2542,4.5,1331421453
141,1682,3.0,1513130947
280,7147,4.0,1348532787
115,3555,5.0,972251868
368,1598,2.0,975828507
555,2374,4.0,978823482
489,316,3.0,1333101362
298,7371,1.5,1447560244
91,1242,4.0,1112712967
474,3259,2.5,1053021837
298,858,5.0,1447516830
10,8961,2.5,1455302401
610,47937,3.0,1493848409
294,1918,4.0,966597716
1,1049,5.0,964982400
103,596,4.5,1431957572
305,48738,5.0,1460136687
28,6934,3.5,1234516339
325,3608,3.0,1039399596
542,2858,4.5,1163386875
222,4973,3.0,1391346900
166,51086,3.0,1189037759
24,57368,3.5,1458941859
480,3210,3.5,1179161725
211,1556,2.0,1350912072
600,663,4.5,1237714115
474,5015,4.0,1046809230
219,1097,2.5,1218210265
182,2571,5.0,1054779786
561,1380,2.0,1491095292
427,5299,3.0,1053070583
520,32469,4.5,1326611672
315,2015,3.0,939922322
111,4228,2.5,1516151595
68,2662,2.0,1261623772
590,3081,3.0,1258421450
318,101362,2.5,1417280486
432,5608,4.0,1315245206
414,276,3.0,961596299
414,4649,2.0,1049566388
347,588,4.0,847645591
603,2598,1.0,953926238
62,171763,4.0,1523048763
606,937,4.0,1171325293
218,8636,4.0,1111625118
125,4864,2.5,1474295204
313,165,3.0,1030556549
599,922,2.5,1498517318
332,81782,3.5,1352673080
483,90866,3.5,1415577289
391,3347,4.0,1032389313
261,147,4.5,1404880987
414,122918,4.0,1513958808
597,1136,4.0,941640314
68,555,2.0,1230497905
408,5047,4.0,1468361835
523,106782,5.0,1503126153
448,112818,2.0,1441481958
7,8957,4.0,1106636098
448,4158,0.5,1074776936
166,5219,4.0,1190826770
328,4896,4.0,1494212134
570,48774,4.0,1181555686
590,2701,2.5,1258419789
372,589,4.0,874415666
95,1210,4.5,1105400853
210,7810,4.0,1527266181
522,81845,5.0,1297482663
274,4105,4.0,1172008140
420,1,4.0,1218207191
282,6104,4.5,1378497543
517,2046,0.5,1487956163
610,80846,3.0,1493849237
599,95475,4.0,1519132730
50,142602,1.0,1514240284
266,367,3.0,945669542
140,3980,3.0,1004036158
560,3967,3.5,1469654168
542,4963,5.0,1163386785
393,3826,3.0,1430507545
312,177,3.0,1043176460
57,899,5.0,965796563
370,260,2.0,1159162949
472,135,3.5,1345842837
474,7156,4.0,1085151435
517,587,4.0,1487953284
239,1291,4.5,1221158200
27,34,5.0,962685351
244,593,4.0,975073808
67,60069,3.5,1501273959
575,1259,5.0,926510687
520,2617,5.0,1326609620
600,39435,2.5,1237714885
380,5055,3.0,1494036169
462,3038,4.5,1265661646
298,111364,2.0,1450441481
182,4223,2.0,1054782670
252,164179,5.0,1498283716
318,65225,4.5,1315335401
68,8874,4.0,1158532111
376,2011,5.0,1364994564
472,3100,4.5,1345842918
153,2572,1.0,1525552933
458,592,3.0,845651602
51,1093,5.0,1230928832
28,1222,4.0,1234338173
140,33493,4.0,1117729179
153,62644,3.0,1525549545
487,6711,3.0,1428574255
201,2245,5.0,939810830
305,65130,3.0,1460137020
217,3362,4.0,955942837
610,107406,5.0,1479545166
380,115149,5.0,1493473857
453,466,5.0,972622080
288,1711,2.0,976121997
434,4034,4.5,1270604860
318,5882,2.5,1267474280
339,83613,3.0,1460186175
298,7162,2.5,1447598676
73,112138,4.0,1464197934
254,2542,4.5,1180564876
603,97,4.0,963179791
421,6777,4.5,1311495320
391,3897,4.0,1032388454
40,228,3.0,832060190
414,4035,3.0,1000733982
298,52722,2.5,1447598491
474,3081,2.0,1047055085
448,118900,3.0,1449951679
182,1394,4.0,1054781223
474,5956,3.5,1081177646
304,1747,2.0,916237654
122,58559,4.0,1461561340
409,2492,4.0,971546306
122,7438,5.0,1461561437
380,48,3.0,1493423481
448,485,4.0,1019124939
298,296,4.5,1447584408
535,2482,3.0,939029864
249,176101,4.0,1506596042
501,10,4.0,844973340
85,1694,4.0,889467185
514,648,4.0,1535252568
382,40339,3.5,1515174568
502,1077,4.5,1111757642
412,2883,3.0,939113770
448,103339,1.0,1408799647
610,3285,3.5,1479542089
298,5128,2.0,1447599388
95,6288,4.0,1071803767
297,1047,4.0,900872143
187,42632,3.5,1161849309
160,204,1.0,975849881
356,1291,4.5,1229142830
594,110,5.0,1109036538
332,16,3.5,1352673555
590,2959,3.5,1258416553
401,30793,3.0,1514347062
249,2692,4.0,1346757625
555,2527,4.0,978841598
28,56145,1.0,1242032944
177,86833,4.0,1435804463
568,65088,2.0,1243576105
432,293,3.5,1335139434
381,45499,3.0,1200824469
472,2423,4.5,1345842900
590,494,3.0,1266472615
84,1285,3.0,860397352
480,432,2.0,1179178719
606,39449,3.0,1178302675
288,2011,4.5,1066059497
571,1196,3.0,966900054
200,6874,5.0,1229886192
260,7022,4.0,1109410675
187,750,4.5,1161849861
223,2747,2.0,1226209415
2,71535,3.0,1445714974
434,380,2.5,1270604299
414,55282,3.0,1273977946
292,41569,4.0,1195948561
50,1291,3.0,1527371937
489,788,1.0,1332773363
610,6874,4.5,1493844709
479,5471,2.0,1039362434
604,112,4.0,832080961
50,2019,4.0,1533302036
222,3831,3.0,1391353853
420,7147,4.0,1218207430
68,8861,3.0,1240092920
93,1704,5.0,942947301
603,904,5.0,953926481
511,96737,3.0,1522156019
474,2003,3.5,1129579547
82,185,3.0,1084467840
169,5103,4.0,1059427949
489,98809,4.0,1355780780
117,73,4.0,844163663
171,1148,5.0,866905859
600,5528,3.0,1237713747
474,25886,4.5,1112304690
448,157172,0.5,1492796600
41,106920,3.0,1458938841
610,57368,4.0,1493845522
525,81847,3.5,1476476758
217,3466,3.0,955943523
328,2761,5.0,1494210619
448,2858,4.0,1043776610
182,2025,3.5,1063285661
305,81932,4.0,1460222190
156,3141,1.0,946800308
480,110,5.0,1179160978
599,6324,2.5,1498514357
187,1203,4.0,1161849225
474,1084,3.5,1053021255
384,60,4.0,994038823
248,122916,3.5,1534591650
314,249,3.0,834399100
387,1243,3.0,1182720273
505,7387,5.0,1298780068
597,7,1.0,941558874
339,4886,4.0,1460183483
539,3608,3.0,1332474466
443,1704,4.0,1420236319
177,2248,4.0,1435534831
599,3052,2.5,1498517303
590,48394,3.5,1258429475
534,102445,3.5,1459787997
16,1213,3.5,1377476956
132,5618,3.5,1157920690
24,38061,4.0,1458941952
80,51935,4.5,1377309129
599,458,2.0,1519345031
571,1979,3.0,966901337
370,1197,2.5,1159162718
414,7254,4.0,1075733597
68,63859,3.5,1261623336
68,8907,2.5,1269123410
154,164179,4.5,1486297008
63,50872,2.5,1443199730
144,1923,3.0,1136812174
68,1527,3.0,1158531651
575,2622,5.0,926510546
381,2273,4.0,1167542537
380,32029,3.0,1494696357
177,736,4.0,1435890491
387,7895,3.5,1166936519
596,98809,3.5,1535708581
168,356,4.0,1306806571
462,7767,4.5,1130433382
182,7048,4.0,1126562496
354,6934,2.5,1200870898
186,2716,3.0,1031081566
590,1375,3.5,1267238540
413,51662,5.0,1484440066
344,3793,5.0,1420496860
182,3979,3.5,1063282537
274,2448,3.5,1172026397
414,63113,4.0,1273977218
305,54736,3.5,1463503067
68,5313,4.0,1269123205
387,3489,2.5,1094938840
265,516,3.0,965319228
64,5630,3.5,1161529446
177,3801,4.0,1435537074
28,58803,3.0,1242290671
474,914,4.5,1089386238
600,1707,3.0,1237851724
414,4527,3.0,1011105029
380,2115,5.0,1493474185
483,2,4.0,1178293652
480,5219,2.0,1179165473
427,5323,1.0,1053070526
365,1968,4.0,1488333258
509,2087,3.0,1436000114
232,62374,4.0,1283134102
19,3752,3.0,965702843
438,4447,3.5,1105654082
307,6350,4.0,1186087693
378,3114,4.5,1445347203
606,1243,4.0,1171825229
200,37386,2.5,1229877149
166,2716,3.5,1190828633
610,122922,3.5,1493845751
307,5784,0.5,1186173838
89,116897,2.5,1520408277
599,2366,3.0,1519122035
227,8638,4.0,1447210052
390,62644,4.0,1250337441
105,26150,4.5,1446610414
19,2548,2.0,965705383
312,4720,4.0,1043176065
448,99117,2.0,1393156808
59,110,2.0,953609098
64,355,2.5,1161620564
387,1242,3.0,1155628499
21,586,2.5,1376823478
280,3753,4.5,1348532674
322,2542,4.0,1217677221
261,47,4.0,1404881499
512,160,4.0,841449426
322,1258,2.5,1217676562
610,40278,4.0,1493845362
200,2012,4.0,1229877814
361,46972,5.0,1204047677
593,4979,2.5,1181008231
287,4993,4.0,1110229952
298,80166,0.5,1447517741
226,2804,4.5,1172040489
182,2728,4.0,1055157085
563,899,4.5,1439933049
448,157200,2.5,1489610313
39,2997,5.0,974788291
246,3079,4.0,1355956686
395,589,3.0,841503627
239,608,4.5,1221158136
68,80906,4.0,1332628633
78,4571,3.0,1252573276
219,316,2.5,1200977858
484,7254,3.5,1342296664
474,2761,4.0,1055172901
89,8238,5.0,1520409130
186,5499,3.0,1031073061
474,948,4.0,1087831540
564,46970,4.5,1478451527
599,8784,3.0,1498525648
606,69604,3.0,1262965648
385,1206,5.0,865024776
444,410,4.0,839310974
64,2078,4.0,1161564431
274,2688,3.5,1245056468
368,2027,2.0,975828507
47,30812,3.0,1496205564
469,36,3.0,965846167
34,2443,4.5,1168811334
298,2826,3.0,1453033355
298,63479,2.0,1447517528
296,7156,4.5,1532994023
610,139655,3.0,1493848639
298,69606,1.5,1447517779
274,3984,3.0,1186730528
474,4246,4.5,1053021226
68,58107,2.5,1240093099
50,33794,2.5,1527371330
480,30812,4.0,1179160700
234,3285,3.0,1004409080
434,3578,3.5,1270604400
480,4756,2.0,1179166175
567,168252,4.0,1525283936
221,27776,4.5,1121365462
496,40826,4.0,1415166154
414,167570,4.0,1511535836
380,3623,4.0,1493423325
38,39,3.0,841341384
266,1884,5.0,944891597
382,91542,4.5,1515161955
287,1373,0.5,1110230166
274,2517,3.5,1261091238
80,8810,4.0,1377391242
420,52245,3.5,1218039734
267,593,5.0,959809124
300,112556,5.0,1425351523
448,2002,3.0,1019124575
232,6753,3.0,1218166879
318,80553,3.5,1417280839
64,1580,3.5,1161520051
606,27803,4.5,1171823414
298,7454,1.5,1447598608
380,4018,3.0,1494613018
452,70,4.0,1013397998
571,1972,3.0,966900772
430,3751,4.0,963889054
338,175569,1.5,1530148469
352,1702,2.0,1493673968
484,71268,5.0,1342300642
408,1073,3.5,1472897068
474,8575,3.0,1104933055
541,544,3.0,835644698
608,1101,3.0,1117408357
21,109723,3.5,1403460128
410,3538,2.0,990909921
601,31658,5.0,1521467824
281,46578,4.5,1183000235
305,85510,3.5,1460304610
288,5377,4.0,1066059364
550,86332,4.0,1488728409
111,162478,4.5,1516154885
60,527,5.0,1393542064
105,81932,4.0,1446572133
287,4259,3.0,1110230348
599,3263,3.0,1498523733
414,4641,5.0,1011206359
157,785,5.0,992479976
603,3421,4.0,953926937
57,1610,4.0,965796793
414,174055,5.0,1511535784
255,344,5.0,1005717199
268,1791,2.0,940193559
286,2028,4.5,1119562941
414,915,4.0,961513948
304,1302,4.0,920884238
206,58,5.0,850763367
547,1299,2.0,942723498
480,6436,4.5,1179179385
414,231,3.0,961439079
20,3301,3.5,1054037596
249,89864,3.5,1346753010
275,5147,3.0,1049077953
414,55269,4.0,1485656890
576,327,2.5,1358151538
606,6305,4.5,1171409905
169,4310,4.5,1059428813
580,2529,3.0,1167860772
268,1093,1.0,940180491
140,3578,4.0,973265043
43,208,4.0,848993747
21,4701,3.5,1403459884
608,4544,2.0,1117675116
298,71205,1.5,1447517622
96,2628,2.0,964773686
349,509,3.0,834751107
312,4121,3.0,1043176803
325,474,3.0,1039395668
15,3994,3.0,1510571677
182,2344,3.0,1054780963
512,150,4.0,841449202
89,149566,5.0,1520409393
64,7360,4.5,1161564441
181,163,2.0,845470046
608,163,3.0,1117162121
73,103335,2.0,1464198316
592,185,3.0,837349966
533,356,5.0,1424753674
182,3869,2.5,1055158369
438,4167,3.5,1106188844
249,48783,3.5,1355677775
480,2959,4.5,1179160120
21,80166,3.0,1418926532
128,1228,4.0,899032763
582,134130,4.0,1446792676
602,422,3.0,840876417
135,2115,4.0,1009693108
263,1120,4.0,940384880
294,415,2.0,966596961
318,91976,4.0,1340476265
280,94677,1.5,1348533568
474,3182,4.0,1142189154
45,435,3.0,950741095
182,2529,4.5,1054779888
561,2513,3.0,1491094487
480,147,4.0,1179160762
577,1231,5.0,945978383
534,94018,2.0,1459787997
600,2065,4.5,1237759756
599,4205,2.0,1519185512
57,3697,2.0,965798870
586,5400,3.5,1529899494
74,3160,4.0,1207501139
225,1641,4.0,949111637
74,3949,5.0,1207501199
249,64983,3.5,1355366501
448,86593,2.5,1349117163
137,4995,4.0,1204859463
389,786,3.0,857934242
420,3081,4.5,1218206931
124,1196,4.5,1336584447
64,2916,3.0,1161520927
489,51662,4.0,1332772608
488,4703,5.0,1112382224
380,27831,4.0,1494267457
62,136020,4.5,1521490068
517,2927,3.0,1492339189
166,923,4.5,1189038377
318,5669,3.5,1315335352
448,1646,3.0,1019128658
249,3301,4.0,1353801448
334,104,3.5,1237060406
215,3052,4.5,1260909226
199,2819,4.0,940381023
608,1464,2.0,1117408182
137,5385,4.5,1204863825
274,6166,2.5,1171932670
177,3798,3.5,1435524696
68,122904,4.0,1526947540
495,2411,4.0,1458636411
597,232,5.0,941557914
160,1059,5.0,971620157
182,1584,0.5,1054779865
326,30749,5.0,1322252135
234,1405,1.0,1004409449
222,6503,1.5,1391352089
156,2616,1.0,946798548
160,1370,2.0,971115276
91,5165,4.0,1112717803
414,7367,4.5,1081911299
599,1270,3.5,1498501586
57,778,4.0,972173655
232,6298,3.0,1206994563
13,305,1.0,987456968
519,3408,5.0,1518380314
217,1474,1.0,955945372
160,3825,0.5,1077749012
217,434,3.0,955942112
580,588,2.0,1167673410
570,1527,4.0,1181478981
305,2791,5.0,1460136226
47,2671,2.0,1496206774
18,122892,3.5,1457382463
368,1387,5.0,971273335
354,2278,4.5,1200953461
365,2144,4.0,1491088198
144,3037,2.5,1136813331
551,7293,3.5,1504925836
212,50872,3.0,1490203213
414,2373,2.0,991145449
223,48394,5.0,1226210079
387,54190,3.0,1192323438
603,4304,3.0,1002403738
111,67087,3.5,1516141349
414,2263,2.0,961682324
599,56782,3.0,1498521619
480,3285,4.5,1179165811
462,102445,2.0,1435335723
385,444,2.0,834692225
274,80549,3.5,1318410304
537,318,4.0,1424137997
382,60069,5.0,1515160700
294,3099,2.0,966596234
265,589,4.0,965314811
307,2320,2.5,1186085229
368,3104,3.0,975828964
47,8464,3.0,1496206868
18,27689,2.5,1476814266
484,3717,3.5,1342297106
106,45722,5.0,1467360760
181,540,3.0,845470148
221,1207,5.0,1111178168
249,90717,3.0,1354106917
160,1019,5.0,971619022
274,6664,3.5,1171828354
226,2291,3.0,1097545789
220,5418,4.0,1230060242
307,7448,3.0,1186258658
525,2083,4.5,1476480254
414,40339,3.0,1159798631
346,293,4.0,1125859259
414,1104,4.0,961517073
482,3948,4.0,1105396436
216,3755,4.0,975211410
530,350,3.0,843227072
182,6217,4.5,1054781520
492,858,3.0,863976249
452,4643,5.0,1019580991
217,2080,3.0,955942646
325,2268,3.0,1039396675
239,45722,3.5,1221158112
232,71518,3.5,1283132947
108,4995,5.0,1042841603
158,2428,4.0,1290764853
104,5481,2.0,1048590064
469,1201,5.0,965333710
606,4027,4.5,1171362762
599,3435,5.0,1519029386
387,5397,1.5,1125807778
577,912,5.0,945966109
421,2114,3.5,1311494216
490,7265,3.5,1328145474
560,2672,4.0,1469653333
6,368,5.0,845553726
19,468,3.0,965706967
317,608,5.0,1430361529
592,500,5.0,837350175
244,329,3.0,975093206
596,135143,3.5,1535627421
380,2139,4.0,1494804361
466,45720,4.5,1439915827
339,6502,4.0,1460184312
610,968,4.0,1495959070
608,2153,4.0,1117507018
504,22,3.5,1063644469
474,49666,3.0,1201832959
489,2291,4.0,1332772850
409,471,3.0,967912821
182,306,4.5,1054780604
223,5445,4.0,1226209775
28,6537,4.0,1234516415
68,89864,3.5,1332628233
109,154,3.0,841109988
50,1232,4.0,1518012173
558,5420,5.0,1035415871
307,2700,4.0,1189456993
219,3593,0.5,1195944566
469,1921,4.0,965335463
298,3955,1.0,1466277627
212,541,3.0,1490202817
380,70159,2.0,1494635627
474,5970,3.0,1046887512
282,231,1.0,1378490516
438,3082,2.5,1105664486
294,3042,2.0,966597039
125,48516,4.0,1474481000
483,4356,3.5,1178293052
181,21,2.0,845469555
368,2167,3.0,975829828
38,457,5.0,841341220
10,33794,5.0,1455302031
569,588,4.0,849190610
524,1242,5.0,851609562
453,2324,5.0,972622713
606,2474,3.0,1180223149
477,63131,4.0,1226813420
608,1591,3.0,1117505153
561,164179,3.5,1491090772
4,3204,4.0,964539828
429,257,4.0,828124616
526,308,3.5,1502132664
454,1341,4.5,1279478293
525,6281,3.5,1476480996
533,1,5.0,1424753740
474,6985,4.5,1094562965
45,2078,5.0,950726248
34,2762,3.0,1162050482
290,300,4.0,975032059
414,2803,2.0,961682185
199,2427,3.0,940372656
483,2762,3.5,1178292994
367,1580,4.0,997812260
101,3159,4.0,968440983
221,1923,4.0,1111175985
279,161582,4.0,1506395645
590,56788,3.5,1258429594
336,4973,5.0,1120568518
278,2109,1.5,1193753187
305,45186,4.0,1520285010
580,2951,5.0,1167783687
573,2706,4.5,1186590180
129,8368,4.0,1167376400
353,292,4.0,831939699
51,466,3.5,1230929794
448,21,2.0,1019124231
599,885,2.0,1519352190
523,5989,5.0,1503127464
140,1783,3.0,993208423
596,53464,2.5,1535711551
357,4886,4.0,1348610188
222,65130,3.0,1391375316
380,8529,3.0,1494071288
77,8961,5.0,1535107541
298,2628,3.0,1453032817
405,3052,3.5,1295919627
602,780,4.0,840876371
367,1517,1.0,997812079
365,100507,4.0,1489796820
330,589,3.5,1285904902
222,6888,3.0,1391352142
590,2599,3.0,1258421204
339,69481,4.5,1460518981
463,2028,4.5,1145460281
610,31086,3.5,1479544897
580,6342,2.0,1168087319
156,1292,4.0,939853546
18,8984,3.0,1455049865
239,349,4.5,1221158209
141,780,3.0,1513130655
76,2959,4.5,1439165676
362,1645,5.0,1530641485
552,2953,0.5,1111473169
599,46322,2.5,1498516928
280,94959,5.0,1352681062
610,5952,5.0,1479545858
459,177765,5.0,1520232994
578,58154,4.5,1300996719
108,4372,5.0,1042841746
347,780,5.0,847645986
387,1265,3.5,1094876818
493,1215,3.0,1001562740
448,1031,5.0,1019125292
590,3386,3.5,1258415288
414,5663,3.5,1064941611
64,1729,4.0,1161559685
474,3102,3.5,1100292330
220,150,5.0,1230055657
105,145994,5.0,1526207490
461,587,4.0,1505935387
294,1965,2.0,966595514
584,377,5.0,834987989
562,1625,4.5,1368893687
520,924,3.0,1326608306
606,7789,4.0,1173570405
199,6870,4.5,1261364227
486,377,4.0,839537237
600,1042,2.5,1237742599
567,142488,2.5,1525288188
43,5,5.0,848994281
28,8950,4.0,1234338550
313,3550,5.0,1030475654
177,2847,3.0,1435540095
590,1092,2.5,1258421595
313,1974,3.0,1030475942
274,53000,4.0,1197015806
432,81788,4.0,1315244362
600,2799,1.5,1237852171
414,224,4.0,961513997
19,3686,3.0,965711156
603,2841,3.0,953926303
561,95167,2.5,1491091216
291,77561,4.0,1453051395
217,2640,4.0,955936050
477,79132,4.5,1280608200
42,3254,3.0,996216279
567,90866,2.5,1525287938
50,46062,1.0,1527371735
249,87529,3.5,1356550116
474,750,4.5,1059398628
230,589,0.5,1196304248
405,6023,4.0,1295916788
50,165,3.0,1514238058
105,99145,4.5,1446572586
599,34811,2.5,1498517271
391,1172,5.0,1030828021
220,62344,4.0,1237947788
179,434,4.0,840907462
495,150,4.5,1458635325
545,1779,3.0,1240358594
480,30810,4.5,1179162632
210,119167,3.5,1533667562
608,1801,3.0,1117505191
18,116823,3.5,1456910057
246,163,4.5,1353864552
580,367,3.5,1167674978
593,8961,3.0,1181007510
274,2717,3.0,1171172497
182,2496,4.0,1055155416
555,3269,3.0,978842001
453,2671,4.0,1005967070
365,96110,3.5,1488594832
469,2203,5.0,965661904
560,92259,3.0,1469647914
171,1104,5.0,866905907
510,32587,3.5,1141159125
234,720,2.0,1004409347
318,65631,4.0,1432578762
232,8369,3.5,1218165533
514,1097,4.5,1533872346
600,2084,3.5,1237714669
347,185,3.0,847645690
438,45499,0.5,1148733371
606,367,3.0,1171754864
525,110102,4.0,1476476051
330,1517,4.0,1285905264
232,6014,3.0,1218167127
120,743,3.0,860070141
339,6539,3.0,1460185149
226,5584,3.5,1095694868
200,339,4.0,1229886407
125,160080,3.5,1475283110
222,1408,3.5,1391353454
294,2431,4.0,966596355
186,1748,4.0,1031079628
356,3552,5.0,1228072894
239,50872,4.0,1221158305
139,6059,1.5,1453925166
74,7087,4.0,1207501191
394,150,3.0,838994123
84,647,4.0,858771233
534,103249,4.0,1459787997
5,50,4.0,847434881
369,2959,4.5,1237083069
495,2410,4.0,1458636441
518,3418,3.0,1056907619
298,78574,2.5,1447517149
495,2762,4.5,1458635237
351,60950,4.0,1326061888
265,3175,4.0,965314838
424,3911,3.5,1457844164
111,60756,5.0,1516141362
477,4306,4.0,1200939854
84,926,5.0,858773023
64,2599,3.5,1161521041
368,3638,2.0,975829609
600,6874,4.5,1237859423
484,1084,4.0,1342295119
365,33004,4.0,1489016862
79,3256,2.0,975282111
572,1945,5.0,945889698
160,2571,4.0,971113953
489,6281,1.5,1333022761
534,231,3.0,1465036569
381,8970,4.0,1164383813
332,72998,4.0,1352672811
387,2010,4.0,1117354925
33,507,4.0,939646733
135,1374,4.0,1009693087
339,47099,5.0,1460185341
84,225,3.0,858772370
279,91542,3.0,1506395812
400,293,5.0,1498870424
289,1917,3.0,1143424575
560,2959,4.5,1469647249
434,51255,3.5,1270606882
82,648,4.0,1084467757
68,34542,4.0,1332628662
305,67788,5.0,1518199066
334,8874,3.0,1225478193
345,344,3.5,1342827706
89,102378,4.0,1520409379
219,8228,4.0,1198814690
274,1646,3.5,1172109788
232,34319,4.0,1126409221
579,2078,2.0,958881146
477,516,3.5,1200947108
387,2505,2.5,1142746248
61,50,4.5,1145532639
534,42718,4.5,1459789024
595,509,5.0,938807350
19,1544,1.0,965704033
94,457,4.0,843406685
267,1206,1.0,959807517
564,135861,3.0,1478453981
135,2683,4.0,1009692098
306,50872,3.5,1518380225
51,45666,3.5,1230931675
134,588,3.0,832841003
177,1256,4.5,1435535509
219,54995,4.5,1206231827
264,5064,1.5,1136978798
596,115617,4.0,1535708586
229,380,4.0,836941260
597,1212,3.0,940362409
610,114670,3.5,1493848544
219,4776,3.5,1195334991
153,118696,2.5,1525552596
362,858,5.0,1530636989
42,1517,5.0,996214804
608,4262,4.0,1147964288
105,120478,5.0,1526208288
387,3504,4.5,1094938843
105,81847,4.0,1446610230
606,2908,4.0,1175637586
240,10,3.0,849122194
368,2427,3.0,975828999
62,46976,4.0,1536874645
215,527,4.5,1260909026
552,4025,1.0,1112151327
219,231,1.5,1194740545
186,1269,4.0,1031073654
284,595,4.0,832695208
217,1527,3.0,956194846
264,527,4.0,1136979020
600,2571,3.0,1237712912
15,96610,3.0,1510572815
27,2944,4.0,965149533
103,96728,4.0,1477364754
239,1485,2.5,1221158789
145,300,3.0,832105394
387,908,4.0,1094876356
42,4509,5.0,996259334
561,6539,4.5,1491095038
275,1265,5.0,1049076470
594,5308,5.0,1129084200
387,39414,3.0,1195943607
68,53953,3.0,1261623768
599,1599,1.0,1519176067
282,2997,4.5,1378490582
294,1379,1.0,966596753
585,3362,4.0,1307581877
599,5556,1.5,1498504037
268,2109,4.0,940173779
177,94478,3.0,1435837946
330,231,4.0,1285905050
599,8981,2.5,1498515481
288,45447,3.0,1167845687
217,2082,2.0,955935527
453,4225,4.0,1005965461
414,1769,3.0,961516093
264,1210,3.5,1136979013
318,102123,3.0,1417279970
221,2009,4.0,1111178033
307,357,3.0,1227538399
7,4223,2.0,1106635742
182,6552,4.5,1063904001
551,103772,3.5,1504926154
210,112852,5.0,1475349185
139,79091,2.5,1453924797
104,3977,3.0,1062578084
340,457,5.0,848666356
36,4085,2.0,1100803624
18,1375,3.5,1455231757
606,849,1.5,1172012792
370,1288,4.0,1159161768
483,5418,4.5,1204474300
385,608,5.0,847136578
238,3528,4.0,1007932168
474,2762,5.0,979179872
489,337,4.5,1332774059
365,54259,1.0,1491088183
368,3763,3.0,971275906
514,26198,2.5,1533945889
221,1220,4.5,1111175999
474,3702,2.0,1089387444
167,47122,1.0,1154723703
104,45175,4.0,1165920392
288,2139,3.0,978469199
608,8371,4.5,1117503948
608,1485,3.0,1117408328
291,106489,4.0,1453051447
101,2770,2.0,968440874
474,8465,3.5,1106503412
230,1682,2.5,1196304802
313,3701,5.0,1030474810
483,3752,3.5,1415576129
380,152,1.0,1494036422
125,68157,2.5,1474481035
396,3114,4.0,1111688632
457,2858,3.0,993610516
474,599,3.0,1116256919
195,903,2.0,994276287
603,3744,4.0,963175973
200,8638,1.0,1229878063
600,62,2.5,1237713038
308,364,3.0,1421375666
84,762,1.0,857653349
203,2302,4.0,1390094359
322,44555,5.0,1217675817
380,1495,2.0,1495235358
331,36529,3.0,1537158122
307,3409,2.0,1224508544
495,35836,5.0,1458635763
610,1997,4.0,1479543021
607,2889,4.0,964743303
487,2959,4.0,1428574157
514,1721,4.0,1533954277
368,2890,3.0,971274822
11,434,3.0,902154685
3,1093,0.5,1306463627
40,300,5.0,832059012
199,2003,1.0,940380579
489,93326,3.5,1332772681
393,5445,0.5,1430506636
249,2617,4.0,1440669108
169,5472,4.0,1059427536
425,1566,3.0,1114173296
214,736,2.0,853937855
226,4025,2.0,1114838884
263,30812,4.0,1120071583
111,121374,4.5,1517440588
599,56145,3.0,1519120083
366,59315,3.5,1445546607
160,1214,2.0,971113925
318,4638,3.0,1342627674
525,5266,3.5,1476480944
380,51939,3.0,1494696725
137,919,5.0,1204859924
517,783,1.5,1487957860
113,1018,3.0,980307261
103,6957,4.0,1431970073
42,3977,3.0,996217016
555,4086,4.0,980125895
282,2717,4.5,1378489661
355,1721,4.0,974965199
18,1805,3.5,1456956041
216,898,5.0,975212362
288,3363,5.0,976120215
522,6187,3.0,1253343121
414,3952,4.0,989248869
104,2692,4.0,1078080941
474,7004,3.0,1070286757
589,454,4.0,856043430
294,3396,4.0,966595050
608,2490,5.0,1117162408
414,2241,3.0,961596626
305,8985,4.0,1460366266
387,2290,4.5,1142665402
412,1617,5.0,939114687
235,300,5.0,841422428
226,7147,4.5,1160003449
570,509,3.5,1181477969
4,1883,4.0,964622642
362,4262,4.5,1532214516
104,8972,4.0,1205534639
104,8643,2.5,1337121520
294,2709,4.0,966596854
43,454,4.0,848993769
597,1234,5.0,940361711
321,367,4.0,843212493
305,104913,3.5,1460135751
475,81834,5.0,1498030549
599,3418,3.0,1498525113
462,55442,4.0,1201410864
377,150,5.0,1340345170
249,1644,2.5,1440669091
599,79702,2.5,1498517021
410,2289,5.0,990909751
288,1956,3.5,1054569482
220,64839,3.0,1240930992
489,485,2.5,1332774564
298,1247,4.0,1466276750
280,5989,4.5,1348532480
377,5706,2.0,1340342120
274,1091,3.0,1172007933
474,1488,1.0,1047055206
177,52281,2.5,1435526358
232,44788,3.5,1247190559
480,4018,1.5,1179165705
346,1251,3.0,1125857334
115,1266,5.0,944951378
564,117590,5.0,1481817706
294,417,5.0,966595639
68,4068,2.0,1275958225
345,1093,3.0,1342826717
292,2000,4.5,1140269605
83,2950,3.0,1332838092
594,6006,5.0,1108975863
68,8361,3.5,1158533327
275,2384,5.0,1049076652
424,6290,4.5,1457902361
202,3359,4.0,974912496
562,73211,3.5,1368893339
166,356,4.0,1190828745
441,527,0.5,1449070570
356,4995,3.5,1229143096
155,3354,4.0,963872764
266,2428,1.0,944940438
57,1047,4.0,969755119
391,1,3.0,1032388077
199,8641,2.5,1113258625
489,3753,0.5,1332773356
571,3550,2.0,966900512
318,69844,3.5,1292075177
318,1289,3.5,1519770812
471,527,4.5,1496671869
318,96728,3.0,1413404914
592,24,4.0,837350801
288,2016,3.0,976120488
412,2571,3.0,939114573
385,1265,5.0,865025275
330,208,4.0,1285905155
217,22,3.0,955943052
462,1079,4.0,1154037972
41,2571,2.0,1459367665
577,2054,3.0,945965886
42,4333,1.0,996216379
343,4878,4.5,1202061387
514,1320,1.5,1535943333
328,1,5.0,1494210665
603,1221,5.0,953926758
488,1125,4.0,1112382504
436,227,3.0,833529889
428,6537,2.0,1111623464
88,1597,2.5,1331420161
117,804,3.0,844163929
448,4855,4.0,1019124244
599,6122,3.0,1519329448
525,54190,4.0,1476478452
103,524,3.5,1431968121
288,52722,3.5,1205335664
606,500,3.0,1171736616
469,1375,4.0,965334400
603,1394,5.0,953927655
555,2862,1.0,978823667
563,72737,4.0,1441846473
298,8972,2.0,1447598456
474,3006,4.0,979179921
217,2733,2.0,955942469
167,1021,2.5,1154722228
217,3263,2.0,955944471
387,3334,4.0,1094877041
483,1197,5.0,1178213522
59,2571,1.0,953609098
552,1203,3.5,1111473301
391,1916,5.0,1031030880
274,2115,4.0,1212003437
599,8528,2.0,1498537392
337,667,5.0,860256043
479,1544,2.0,1039362324
365,356,4.5,1488332884
330,858,4.0,1285904229
608,1393,3.0,1117504361
474,1307,5.0,978575845
290,1,4.0,975031464
226,5502,2.5,1095713147
28,34536,2.5,1242288187
290,938,5.0,975031297
606,175,3.5,1171810709
577,2288,4.0,945967115
380,4105,5.0,1494804209
581,5995,5.0,1447007147
84,1097,3.0,860397207
153,72378,0.5,1525551654
412,2724,4.0,939113844
132,2396,3.0,1157921317
346,1248,4.5,1125857630
160,2364,1.0,971114356
229,440,4.0,838143576
605,919,2.0,1277176088
387,3730,5.0,1094876005
111,86880,3.0,1516141248
51,934,1.0,1230930567
202,919,4.0,974912341
448,49272,4.5,1168196899
489,4848,2.0,1332774270
434,55118,4.0,1270604042
346,1221,3.5,1094646958
239,6502,5.0,1221147935
241,116797,3.0,1447536305
474,911,3.5,1100292182
19,866,2.0,965710781
474,30822,4.5,1119128254
187,4993,4.5,1161849940
68,1059,3.5,1158534887
270,58,4.0,853918849
561,4679,4.0,1491092352
131,7256,3.0,1349840498
21,88405,2.5,1418926552
89,37444,4.0,1520409658
408,69278,4.0,1467454073
606,2593,3.5,1172015628
249,51037,3.5,1356220170
21,733,3.5,1412967983
89,750,4.5,1520408265
292,4005,4.5,1332678595
341,1270,3.5,1439750933
586,112852,5.0,1529899249
610,112138,4.5,1493846249
20,2709,5.0,1054038446
304,1025,4.0,891173962
151,879,4.0,855947964
156,357,3.0,946799495
318,100553,4.5,1426353247
362,44665,4.0,1530643659
590,2398,5.0,1258417222
182,3196,4.5,1054782606
606,7382,4.5,1171233924
480,208,3.0,1179177803
103,55247,5.0,1431969406
21,34150,3.0,1468113542
76,30707,4.0,1439165832
41,34319,3.0,1458943268
600,2502,4.5,1237713231
280,50442,4.0,1348435014
522,1704,4.5,1253345739
91,541,5.0,1112711219
296,1201,5.0,1532993957
103,8641,4.0,1431969308
126,356,4.0,845925690
414,91690,4.0,1356136121
323,2,4.0,1422640110
249,53121,3.0,1354225718
608,5025,2.5,1117506460
16,27773,4.0,1377477507
420,53125,3.5,1218207818
249,2392,2.0,1365264136
195,1994,4.0,994033008
28,3360,4.0,1234571883
422,2804,4.0,986173117
271,2791,3.0,1234302490
226,3360,4.5,1116040965
240,3,4.0,849122858
274,1608,3.5,1171943731
434,208,2.5,1270606633
272,34405,3.5,1532266400
374,1258,4.0,849089349
410,908,4.0,990728986
489,1227,4.5,1333656252
89,1278,0.5,1520408348
420,59295,1.0,1229631278
352,1464,3.0,1493673973
412,1269,5.0,939114231
140,37733,3.5,1156530503
186,4969,5.0,1031080785
600,1077,3.5,1237763970
604,32,4.0,832079958
104,56171,4.0,1199053741
232,43928,2.5,1163916488
140,292,3.0,967049135
603,1537,5.0,953924711
527,4720,4.0,1033174192
57,171,4.0,965796904
273,783,4.0,835860682
105,53322,4.0,1447538074
484,203,4.0,1342366016
469,2412,1.0,965335115
607,2858,3.0,963079100
28,1080,3.5,1243837515
68,8665,3.5,1158531645
590,6212,1.5,1258419288
225,2716,4.0,949261297
477,586,3.0,1200939829
489,6373,1.5,1334171090
357,410,3.5,1348612260
584,160,5.0,834987810
448,69481,4.0,1364559000
305,1262,5.0,1463503090
593,1221,4.0,1181008279
305,91529,5.0,1460135780
483,90863,4.0,1327278109
594,2001,4.5,1109038393
381,48304,3.0,1167540037
414,5650,5.0,1034001757
482,2124,4.0,1105396607
414,158238,4.0,1485656116
156,2087,4.0,946800249
411,150,5.0,835531951
438,3225,3.0,1105911137
13,3952,3.0,987895651
63,4896,1.5,1443200572
480,1917,3.0,1179177906
565,367,3.0,846533338
16,2019,4.0,1377476792
140,3117,3.0,1008776130
66,2302,3.5,1113188325
555,3477,3.0,978746964
570,1396,4.0,1181554605
68,8360,3.5,1158531303
45,357,4.0,951170271
240,589,4.0,849122226
74,6244,4.0,1207501952
577,1334,2.0,945967115
599,34332,2.0,1498509978
143,6765,2.5,1444880255
483,7164,4.0,1204473542
484,2718,4.0,1342227938
308,2953,3.0,1421374608
480,6484,2.5,1179166037
606,4796,3.0,1171813866
373,410,3.0,846829997
167,35836,1.5,1154722262
432,8533,5.0,1315244178
115,1339,2.0,957648380
201,1748,1.0,941211417
599,1993,0.5,1498502795
477,344,3.0,1200939667
447,315,4.0,836961038
452,3698,5.0,1019580965
182,7123,4.5,1075801031
474,4801,4.0,1002756963
298,5989,3.0,1447518368
590,8368,4.0,1258422259
606,531,3.0,1171230527
182,2126,3.5,1055150936
1,1777,4.0,964981230
313,4275,3.0,1030475022
391,1060,5.0,1032388476
599,4563,2.0,1519253312
68,3556,3.0,1158535348
204,6807,4.0,1327182403
474,4055,3.0,1047054663
401,81564,4.5,1510449037
234,344,2.0,1001975992
485,457,4.0,837943320
590,2076,3.5,1258422526
584,256,4.0,834987959
372,1270,5.0,874417243
107,185,4.0,832003754
599,5013,3.0,1498523103
83,5952,3.5,1333843452
235,246,4.0,841422708
166,8784,5.0,1190828746
318,80906,4.0,1332020609
318,159,4.0,1419081097
156,2019,5.0,939842664
152,2959,5.0,1450572450
249,95543,3.0,1430483117
592,539,5.0,837350221
536,500,2.0,832840425
599,2167,3.5,1498798219
23,5618,4.0,1107163683
608,3578,4.0,1117162075
356,2571,4.0,1229142739
241,71899,4.5,1447536994
247,2078,5.0,1467935453
603,1958,4.0,953928203
155,3745,4.0,961860898
8,440,3.0,839463728
608,52245,3.0,1189563917
448,85367,2.0,1334515088
27,2311,2.0,965151086
307,61132,4.0,1227537609
122,3114,5.0,1461561618
158,2723,2.5,1290764763
307,2772,1.5,1186172305
27,2174,2.0,965149969
462,1263,4.5,1293373000
332,85510,3.5,1352671708
599,4127,1.5,1519350269
423,653,2.0,1155285454
599,5591,1.0,1519184880
561,71535,4.5,1491091174
249,52458,4.0,1415415805
380,1653,4.0,1494803474
95,6936,4.0,1071803707
81,231,1.0,845299563
514,3196,4.0,1536377582
414,5943,2.5,1065538378
475,71530,5.0,1498031457
274,41569,3.0,1171428482
474,27741,3.5,1181348087
131,908,4.0,1349839865
464,3100,5.0,1275547741
274,5502,3.5,1177013147
380,26776,4.0,1494036125
380,2687,5.0,1493420261
143,2144,5.0,1444768859
45,1639,4.0,950726106
216,2924,5.0,975212199
414,4462,1.0,1024928700
326,48774,4.5,1325708337
606,2404,2.0,1172011013
426,2375,3.0,1451082122
542,1784,3.5,1163387105
561,63082,4.0,1491090979
104,47,0.5,1053336550
483,54503,4.0,1415576305
250,8880,4.0,1121217844
560,120478,3.5,1470702691
498,480,4.0,839197320
249,1291,4.5,1346757806
391,2959,4.0,1030825131
383,3115,4.0,943569427
451,786,3.0,854089331
316,8622,3.0,1111493515
64,3996,4.5,1161520000
162,337,3.0,836511309
586,1198,5.0,1529899130
18,2268,4.0,1456672532
204,1089,4.5,1327183252
604,6,3.0,832080355
201,25,5.0,939227591
249,114818,3.0,1433708463
534,116668,3.5,1459787995
600,2572,3.0,1237708482
50,2553,3.0,1514239563
520,2571,5.0,1326608654
46,165,4.0,834787677
216,2349,2.0,975212641
597,1217,4.0,941639635
469,1729,3.0,965336673
21,95170,4.0,1418062991
403,61323,4.5,1225243505
307,433,1.5,1186173026
608,1513,0.5,1117504704
609,786,3.0,847221025
597,1552,4.0,941729483
469,2111,3.0,965425714
517,1246,2.0,1487953164
274,4896,2.0,1171756119
438,480,4.0,1105650457
15,2081,3.0,1510578011
222,2329,3.5,1391350381
482,2718,3.0,1105396593
274,47200,4.5,1171830473
217,1686,3.0,955943036
312,5812,4.0,1043177830
368,3063,2.0,971277040
43,596,5.0,848994332
474,6232,4.0,1100292003
446,21,3.0,843839290
240,44,4.0,849122528
334,52952,3.5,1225481309
91,1249,4.0,1112713114
334,4896,3.5,1225476637
577,2194,4.0,945967317
567,166526,1.0,1525289450
68,45499,2.0,1180915728
274,5478,2.5,1171829558
330,153,3.0,1285905011
212,260,2.5,1505400094
219,3300,4.0,1195349316
597,485,1.0,941730541
267,2762,2.0,959806831
517,106696,1.0,1487955739
599,3917,3.0,1498523136
534,90403,4.0,1459796538
6,352,3.0,845555382
305,2353,3.0,1518120448
414,1625,4.0,961437391
509,81847,4.0,1435994505
325,2867,3.0,1039396702
18,33615,3.5,1455655026
298,6367,0.5,1447599263
448,8665,3.5,1091273400
414,3786,2.0,1011208551
292,1552,4.0,990062712
425,5989,3.5,1085491094
27,5060,2.0,962686409
210,69844,4.5,1527791871
292,26614,4.5,1265679487
409,3814,5.0,968985737
199,1339,4.0,940544360
602,440,4.0,840875801
195,2880,1.0,997909510
610,73211,4.0,1493849294
275,1875,5.0,1049076793
320,3745,3.5,1284250704
200,49272,5.0,1229885814
462,104339,4.5,1378158322
167,6863,2.0,1154721782
68,51884,3.0,1267238679
182,480,3.5,1120879567
19,1031,2.0,965709622
135,4621,1.0,1009691066
474,7092,3.5,1081177530
279,48780,4.5,1506394546
91,2668,3.5,1112717047
380,6952,3.0,1494071528
232,51933,2.5,1192670594
608,3996,4.0,1147794835
84,586,3.0,858772516
447,44,5.0,836961153
109,62,5.0,841108564
15,3510,5.0,1299425097
68,1673,3.0,1268848718
139,56788,2.0,1453925388
282,2011,5.0,1378491571
279,111759,4.5,1506394586
111,2918,3.5,1517441254
226,2515,2.0,1096421612
462,2677,4.5,1201445865
275,1777,2.0,1049076697
474,1213,3.5,1053021608
321,141,4.0,843212595
202,1172,4.0,974912792
561,3317,4.0,1491092471
275,1641,3.0,1049076555
525,8533,3.5,1476476897
219,928,3.0,1194686690
594,4054,4.5,1108976081
232,46976,3.5,1182910210
510,1961,3.0,1141158978
193,2858,2.5,1436558605
600,3968,4.0,1237742773
414,30812,3.5,1216146615
380,1215,5.0,1494035747
483,1644,1.0,1181496628
73,66097,1.5,1464198516
281,1381,3.0,1183000180
562,539,4.5,1368896612
140,5064,4.0,1033727505
253,6773,4.5,1286644291
411,292,3.0,835532065
27,1947,5.0,965149512
288,3244,3.0,976120215
50,176101,1.0,1514498012
57,2935,4.0,965795785
374,185,3.0,849089153
362,589,4.0,1530637370
58,543,5.0,847719231
368,2641,2.0,975829531
274,6863,2.5,1171492314
608,188,3.5,1117503407
15,122886,5.0,1510572679
288,5638,2.0,1050510241
608,2717,3.0,1117504934
246,7147,5.0,1354125075
414,3168,4.0,961517053
313,1200,5.0,1030474684
249,2735,3.5,1354225922
387,5531,3.0,1181457705
57,2761,4.0,965796004
159,4306,4.0,1508641095
234,2613,4.0,1004408558
298,102125,3.0,1447584976
448,350,2.5,1061899719
187,377,2.0,1161863867
376,339,4.0,1364994353
68,51834,3.0,1267237836
414,1339,4.0,961514335
28,39444,3.5,1242290492
509,5389,4.0,1435997245
307,3826,0.5,1186163093
596,45499,1.5,1535708555
603,299,3.0,963179585
120,783,3.0,860070141
105,79333,4.0,1447574436
477,1690,3.5,1200941604
95,1274,5.0,1044744520
89,7067,2.5,1520408619
477,24,4.0,1201159341
368,1687,3.0,971277081
495,145,4.0,1458636175
232,5152,5.0,1167944618
298,2843,2.0,1449757442
294,2350,4.0,966597039
604,111,4.0,832079983
58,349,3.0,847718461
68,3147,3.5,1158532167
288,1263,4.0,1054569462
352,91485,2.5,1493675208
105,5151,3.0,1447563161
510,2395,4.5,1141158970
156,3160,4.0,1106853952
489,2336,4.0,1332774875
272,134853,2.5,1533566182
606,4205,4.0,1171757338
482,1584,3.0,1105395982
505,1029,5.0,1298779440
298,83613,2.0,1447517234
246,48082,4.5,1354125174
495,52973,4.5,1458635802
212,45447,3.5,1505400123
391,2078,5.0,1032389665
610,102445,3.0,1493845494
65,111759,4.0,1494802716
357,36,3.5,1348610447
187,1732,5.0,1161849502
591,3798,5.0,970524633
298,105844,2.5,1447518376
425,1527,4.5,1106483398
432,72998,4.0,1315243163
232,6874,3.0,1192670494
323,34,2.5,1422640415
156,2349,4.0,939853273
610,102123,4.0,1493846329
484,4975,5.0,1342296785
414,1307,4.0,961513747
469,3760,3.0,965336263
325,19,2.0,1039395714
318,89030,3.0,1417280140
64,2617,3.5,1161521136
19,1777,3.0,965706438
483,2593,3.0,1178293283
57,1441,2.0,972174939
22,2959,3.5,1268726211
520,6979,4.0,1326611063
240,172,5.0,849122551
561,586,3.5,1491095448
82,293,3.5,1084467974
298,6537,3.0,1447598243
414,1022,4.0,961518975
501,36,3.0,844973487
535,2881,1.0,939028580
181,370,3.0,845469972
6,104,4.0,845554349
298,780,2.5,1453033072
101,2762,4.0,968441198
103,4027,5.0,1431957315
465,593,5.0,959895941
215,1131,3.5,1260908900
426,3255,4.0,1451082080
387,4993,3.0,1117355720
414,5952,5.0,1040398879
380,2948,5.0,1493473806
217,1405,2.0,955944662
149,1253,5.0,902084874
111,104925,5.0,1516153603
220,61024,3.0,1237947806
177,2366,3.0,1435535156
525,4700,3.5,1476476979
217,2746,3.0,955944052
91,1974,4.0,1112718168
243,442,4.0,837155334
479,3361,4.0,1039367605
275,1247,5.0,1049079254
232,4388,3.0,1163024945
156,2797,3.0,946800345
584,185,5.0,834987643
603,2577,3.0,963176277
397,1244,5.0,1181966446
254,49278,3.5,1180447854
50,1206,4.0,1514238074
126,457,5.0,845925656
456,1,5.0,856883308
474,720,4.0,1052485296
541,588,3.0,835642942
380,1047,4.0,1494278787
552,2735,1.5,1112151461
16,1196,3.0,1377476993
610,95875,4.0,1493846323
572,2396,4.0,945887555
10,597,3.5,1455357645
610,5275,1.5,1479542237
477,2028,4.0,1200939714
477,1258,4.5,1200940013
200,4623,3.5,1229889059
387,147,2.5,1154367947
63,96610,4.5,1443200189
509,61323,3.0,1435993891
430,1374,4.0,965600256
68,7256,4.0,1332628672
45,903,4.0,951756950
19,2763,4.0,965711106
62,107348,4.0,1528934997
323,112623,1.5,1422640853
18,62434,3.5,1455749428
210,1584,4.0,1536862713
330,223,4.5,1285905257
599,7005,1.5,1498504764
390,6218,2.0,1250338868
274,1274,4.0,1205707621
380,88125,4.0,1494708630
266,132,2.0,944891365
47,159817,3.0,1496206867
68,3285,2.0,1158535774
186,260,4.0,1031079382
434,50872,4.0,1270606813
200,45722,5.0,1229885889
318,8368,3.0,1256504212
104,31,4.0,1049135743
590,5064,3.5,1258427876
408,98809,4.0,1468145211
51,3624,2.5,1230929466
489,2081,3.5,1334170560
58,110,5.0,847718580
477,2798,0.5,1201158502
153,96821,3.5,1525548631
232,27816,2.5,1213170515
294,2149,4.0,966597129
280,88405,3.5,1348533356
232,8946,2.5,1218169353
18,608,4.5,1455050069
418,4878,5.0,1461866001
474,6357,3.0,1066654690
313,1748,4.0,1030474598
546,3877,5.0,973588747
593,5299,1.5,1181008350
398,68954,5.0,1311207913
40,60,4.0,832059509
599,3412,3.0,1519144088
600,8507,3.5,1237858810
525,107,3.5,1476478476
517,6377,4.0,1487954354
42,2297,4.0,996221323
159,4022,3.0,1508640307
302,628,3.0,854472158
368,170,2.0,971277279
448,112460,2.5,1430048135
448,2403,2.0,1019124400
374,1350,5.0,849089401
19,1991,2.0,965705195
119,3147,5.0,1435944293
160,3745,2.5,1065991630
490,1569,2.5,1324370387
11,153,3.0,902154593
380,82744,5.0,1493421507
526,106100,4.5,1502132907
1,1032,5.0,964982791
313,1997,5.0,1030475592
437,225,3.0,859721399
410,1132,4.0,990807772
610,136016,3.5,1493846626
100,1678,4.5,1100186254
313,2002,2.0,1030556499
555,2149,1.0,978823615
362,3006,3.5,1530643068
599,46723,3.0,1498524115
63,7022,2.5,1443200819
425,733,4.0,1085477399
212,159415,2.5,1490115228
480,1722,2.5,1179178455
330,1917,3.0,1285905275
226,3948,4.0,1203892232
414,89864,4.0,1328313084
288,2142,3.0,978469623
51,2183,5.0,1230931271
265,953,5.0,965316060
350,1073,3.0,864940972
288,1021,3.0,978470345
51,3671,5.0,1230929460
600,1370,3.0,1237715350
328,750,5.0,1494210377
606,26152,3.5,1171361707
232,1994,4.5,1182907621
596,2641,3.0,1535711557
83,5418,0.5,1333842535
88,3897,4.0,1331421768
4,441,1.0,986934915
365,4973,1.0,1488333520
404,224,3.0,838376141
525,2959,3.5,1476476380
42,1831,2.0,996214323
274,1258,4.5,1171409235
93,434,5.0,942946508
600,7160,3.5,1237743486
345,898,4.0,1342826827
139,5445,1.5,1453924128
414,4167,4.5,1073679638
599,31921,2.5,1519185643
409,3174,3.0,968978306
369,33312,3.5,1237082470
105,1617,4.5,1447586598
325,1333,4.0,1039397577
197,1213,3.0,947462347
368,2763,3.0,971276062
233,3147,4.0,1448815825
20,5989,4.5,1054037112
177,78772,3.0,1435836986
350,832,3.0,864941080
280,1213,5.0,1348434161
357,2064,4.0,1348610488
414,2259,2.0,961514489
357,1276,5.0,1348611793
73,102445,5.0,1464282924
50,143969,1.0,1514240057
226,2683,4.0,1095662826
603,3265,5.0,963177579
534,96737,4.5,1459787997
55,3101,1.0,1312747631
387,2700,3.0,1094877335
186,4995,3.0,1031072742
480,2006,1.5,1179178298
474,4020,3.0,1002757039
17,7099,5.0,1322628786
603,1028,4.0,963176642
414,36529,3.5,1139849141
64,5690,5.0,1161530765
514,1330,2.0,1535944913
380,8860,4.0,1494267658
332,7419,3.5,1352671928
462,111,5.0,1121922577
483,33677,3.5,1226360272
420,7458,3.0,1218207066
352,1214,5.0,1493931915
610,66509,3.5,1479542766
453,231,5.0,1005967221
222,82852,2.5,1391374855
590,5218,4.0,1258417922
249,122922,4.5,1487029404
446,256,3.0,843839483
534,91485,4.0,1459787995
313,3175,4.0,1030474727
164,1097,5.0,999707976
81,380,2.0,845299424
448,117176,3.5,1449334366
483,88356,3.0,1415578323
480,8368,4.5,1179162143
64,6373,3.5,1161521692
89,128087,5.0,1520409504
414,383,3.0,961513534
510,420,0.5,1141158790
179,344,3.0,840907370
18,4226,4.5,1455231390
418,85414,3.5,1461868045
144,7034,4.0,1136813322
414,2794,3.0,961596392
217,1037,3.0,955941344
317,1466,5.0,1430517250
177,597,4.5,1435890508
45,2087,4.0,1020802917
202,674,2.0,974923361
344,316,3.5,1420496788
308,318,1.0,1421373686
68,514,2.5,1271545072
580,8983,4.0,1167791376
66,1127,4.0,1113190229
64,2193,3.5,1161559604
249,44195,4.0,1346757966
150,141,5.0,854203072
381,1210,3.5,1200824536
389,637,3.0,857934470
448,1091,3.0,1164622075
332,6947,4.5,1352671020
62,3994,4.5,1521822029
595,2353,4.0,938807484
330,2791,4.0,1285905427
433,80463,4.0,1506824072
599,95839,3.0,1519243288
18,5464,4.0,1458669462
19,2720,1.0,965708653
279,89745,3.0,1506394593
92,2114,3.0,1294941607
18,83349,3.0,1458581624
288,2134,3.0,975692757
562,150,3.0,1368893697
560,73681,3.0,1469747707
68,1028,2.5,1158533303
134,344,3.0,832841003
422,3398,3.0,986172013
68,65,1.5,1269123315
177,2797,5.0,1435534181
391,497,4.0,1030827466
610,80219,3.0,1493846277
560,36519,3.5,1469649110
605,616,3.0,1277096938
368,3957,3.0,971273995
317,3949,4.0,1430361489
380,3917,3.0,1495475489
122,1197,5.0,1461561484
563,85397,3.0,1441845233
326,6953,4.0,1322251789
274,36525,2.0,1171829314
354,353,3.5,1200953102
485,434,4.0,837943320
522,329,4.5,1297482466
608,4178,3.5,1117675125
414,2985,4.0,961514832
111,3861,2.5,1516144092
489,91077,3.5,1333022505
298,5378,3.0,1453032879
552,1259,3.5,1112151210
469,1235,5.0,965336158
290,1262,5.0,974938393
62,116823,4.0,1521490236
232,31431,1.5,1218171150
232,43679,3.0,1163024114
388,745,2.5,1386694166
301,48516,4.5,1211377300
448,73015,2.0,1328979270
387,697,1.5,1095119627
573,4816,5.0,1370377568
418,6863,3.5,1461865596
541,293,3.0,835643161
24,27773,4.5,1458941571
410,4297,4.0,990728256
232,71057,3.5,1283133268
54,356,4.0,839921027
603,1089,5.0,953925210
285,2804,4.0,1451152421
567,112852,3.5,1525285306
298,7254,1.0,1450452742
503,2076,4.0,1335219187
411,454,4.0,835532253
368,1100,2.0,975830119
40,48,2.0,832059371
479,185,1.0,1039362088
239,595,3.0,1221158220
115,2804,5.0,944950887
594,653,5.0,1108798882
110,110,3.5,1175329878
304,1704,4.0,902694032
66,3578,3.5,1093747720
64,6874,4.0,1161520239
12,6942,5.0,1247264138
91,908,3.0,1112710923
381,3948,3.0,1167542125
305,79251,4.0,1460964124
177,2628,2.0,1435533608
604,237,3.0,832080333
520,5459,4.0,1326610387
139,53125,2.0,1453924502
20,3751,5.0,1054037147
76,2918,3.0,1439167803
527,2565,4.0,1033173966
376,1307,4.0,1364994443
109,32,4.0,841107643
527,969,4.0,1033175729
447,532,3.0,836962144
480,2863,3.0,1179162113
381,27706,3.5,1164876995
45,2106,5.0,1034343884
391,902,5.0,1030945041
313,253,4.0,1030475717
288,1128,2.0,976138852
240,368,5.0,849122506
483,91104,2.5,1415577379
317,1639,3.0,1430517305
462,1292,4.5,1121928891
274,2236,3.5,1172007683
212,26662,4.0,1490115695
249,142488,4.5,1516415602
254,2858,5.0,1180446312
448,5438,2.0,1028110227
411,31,4.0,835532539
561,1135,2.5,1491094494
239,4878,4.0,1221158818
610,3896,4.5,1493846923
373,527,5.0,846830055
19,2108,3.0,965706140
514,109487,4.0,1533872696
480,3969,4.0,1179165420
377,2792,4.5,1340343303
10,91529,5.0,1455302120
409,2908,4.0,968978115
304,1882,3.0,910520625
168,912,4.5,1306802375
462,924,2.0,1123893232
178,380,4.0,1164355018
92,1367,3.0,1294941797
599,442,2.5,1498513993
453,520,4.0,1005967101
376,4226,5.0,1364933036
419,32587,2.5,1322336850
226,53000,1.5,1196228791
414,1608,3.0,961515975
599,96432,3.0,1519121778
599,3070,3.0,1498522052
414,33838,3.5,1216148964
474,6245,3.5,1108868064
208,2617,3.0,940638611
462,16,3.5,1123893685
202,2355,4.0,974923872
425,339,3.0,1085477500
16,5952,3.5,1377477424
599,26195,3.0,1519258987
10,3882,3.0,1455398344
385,1093,3.0,865026512
29,81845,4.0,1307907049
18,1234,4.5,1455820726
19,2118,2.0,965711106
500,180,4.0,1005527980
160,3638,1.0,971114356
307,36708,4.0,1186174111
451,780,3.0,854089163
232,3826,3.0,1182909768
51,4018,3.0,1230929434
42,3142,4.0,996259211
213,4132,4.0,1316195240
223,736,3.0,1226209970
461,1036,0.5,1505935380
293,742,2.0,1044870730
606,97225,3.5,1368460191
59,2726,5.0,953610986
305,70,5.0,1494259450
225,507,4.0,949111013
314,808,3.0,840610743
307,52604,4.5,1213926484
72,2571,5.0,1217324848
600,440,2.5,1237859391
280,56949,3.0,1348533936
410,1734,5.0,990807582
369,2011,3.0,1237082062
45,4896,4.0,1007483576
599,3197,2.0,1519329881
558,5419,5.0,1035415746
28,37739,3.0,1235806532
520,1358,4.5,1326610975
380,2571,4.5,1493419763
225,1747,2.0,949111497
483,2542,5.0,1178213542
21,108190,3.5,1500701759
79,858,5.0,975281842
217,2011,3.0,955943999
517,68793,3.0,1487957778
517,73290,2.0,1487954196
42,173,2.0,996221544
83,541,4.5,1333091988
240,546,3.0,849122969
464,1222,5.0,1275550294
552,4007,3.0,1112151318
91,2804,3.5,1112713020
610,903,5.0,1479542931
438,8970,4.0,1123290975
596,44191,3.5,1535708699
249,78469,3.0,1346753184
414,4541,3.0,1065800151
357,8784,4.5,1348610331
86,74553,3.5,1344204907
484,1917,4.0,1342295986
75,1372,4.0,1158968308
429,432,3.0,828124615
188,2565,5.0,962560181
266,1580,3.0,945669431
506,112852,3.5,1424486911
6,50,1.0,845553381
288,802,3.0,976122092
541,539,5.0,835643304
40,595,3.0,832058930
219,1250,4.5,1214043587
328,60756,2.5,1494211494
606,4361,4.0,1175637242
111,3785,2.5,1516141003
415,2858,3.5,1382470058
414,4475,4.0,1032789366
68,63082,4.5,1240092484
525,49272,3.5,1476476685
140,1344,3.0,952101286
330,1263,3.0,1285904166
177,1073,5.0,1435533672
20,5364,4.0,1054037333
256,88744,4.0,1446580910
448,2829,3.0,1021877802
217,3392,3.0,955945275
160,1976,1.0,976797944
91,610,4.5,1112716901
89,126921,5.0,1520409407
607,1394,4.0,963079252
177,33794,4.0,1435523588
295,2959,4.5,1320064792
202,2262,3.0,975015565
342,1198,4.0,1042821230
232,30707,4.5,1218165558
567,3000,1.0,1525289351
217,1353,2.0,955944895
45,2140,4.0,950740918
303,1080,1.0,1053302847
448,82527,4.0,1325083025
166,5673,4.5,1188774055
484,4776,3.0,1342294815
28,4251,2.0,1237619121
68,3555,3.5,1158534728
125,106918,4.0,1474570416
590,6539,4.0,1258420924
434,4963,4.0,1270604560
387,1219,4.5,1121052530
68,1258,3.5,1158532317
113,3359,4.0,980087865
571,1999,1.0,966900688
391,903,5.0,1030827680
113,11,3.0,980051838
111,104241,2.5,1516151647
380,593,5.0,1493473943
193,7147,3.5,1435856997
573,2985,4.5,1341798711
177,49286,3.5,1435525675
21,49272,4.0,1418063254
347,208,3.0,847645690
414,1920,3.0,961512629
351,88272,3.5,1328987979
492,1356,4.0,863976100
381,48780,4.0,1164382765
564,129354,3.5,1478454813
608,2335,2.5,1117505193
577,1374,3.0,945965795
428,3328,2.0,1111523993
603,648,2.0,963177428
105,26236,4.0,1447579847
368,2094,3.0,975829365
292,95441,1.5,1421974113
414,45221,2.5,1186081356
288,3654,3.0,1014821827
380,589,5.0,1493473853
298,61160,2.5,1453032806
566,648,4.0,849006157
312,1391,4.0,1043176912
397,123,5.0,1181966712
104,4069,4.0,1061389919
606,42004,4.0,1174696100
288,711,2.0,978470241
49,1200,4.5,1493093189
584,236,4.0,834987866
599,1028,2.5,1519120305
51,2752,2.5,1230931151
448,160438,2.0,1498162889
438,2011,4.0,1105649760
424,5388,5.0,1457902007
285,3481,2.0,1449626093
226,2987,3.0,1095662432
200,45517,3.0,1229887508
474,5802,4.0,1093142477
606,3655,3.5,1171361462
603,2145,2.0,953928361
434,6870,4.5,1270604146
220,2997,5.0,1241812772
572,3114,4.0,945887660
414,3740,5.0,961515958
332,2944,3.5,1352670988
19,3693,2.0,965706728
465,1834,5.0,959896032
274,26870,3.5,1172030087
339,45720,3.5,1460183388
171,475,4.0,866905707
448,2023,3.0,1082281251
610,122884,3.0,1493848465
142,588,5.0,838932017
103,1704,4.5,1431957130
580,8949,5.0,1167789926
80,82041,4.0,1377390850
539,1297,3.0,1332474581
73,1206,5.0,1464282740
226,2088,2.0,1097545100
483,7007,4.0,1178293039
68,81834,5.0,1293499573
82,7325,4.0,1084788217
448,4660,4.0,1019127974
274,6220,2.0,1172030486
119,44022,3.5,1436007573
387,741,4.5,1121052418
448,6249,2.0,1086005209
552,902,3.5,1111473321
111,6297,3.5,1516141385
268,2630,3.0,940173115
596,1372,3.5,1535826862
414,3359,4.0,1485656574
139,34319,1.5,1453924692
265,150,4.0,965317882
408,122904,3.5,1489793600
420,1927,3.5,1218040907
136,595,3.0,832449197
196,5952,3.0,1460954073
573,8528,4.5,1186590174
380,2641,3.5,1494803838
4,588,4.0,945079670
28,34048,3.5,1234516420
349,253,3.0,834750723
509,33679,2.5,1435993579
477,34,4.0,1200939719
249,2918,3.5,1417427324
21,149380,1.5,1452051859
84,102,1.0,857653444
318,2321,3.5,1265576418
387,5283,1.5,1131921611
477,60040,4.0,1213853923
111,4340,2.0,1516151403
480,1500,3.5,1179162061
128,1198,5.0,899032806
199,2318,3.5,1090544240
448,8136,0.5,1262267722
316,2995,3.0,1111493652
596,1876,2.5,1535833479
534,4446,4.0,1459792431
21,648,4.5,1403637454
479,5309,2.0,1039367487
221,2762,3.5,1118246895
599,6062,2.5,1498518241
62,586,4.0,1521489913
274,1707,2.5,1171932290
317,7445,5.0,1430598371
290,2369,3.0,975032234
362,1252,4.5,1530637224
476,329,3.0,835021384
474,4372,3.0,1046809107
307,231,2.5,1186160994
599,7443,3.5,1519370076
223,6377,3.5,1226209859
380,3839,2.0,1509048181
243,588,3.0,837155068
380,5152,4.0,1494267437
45,1,4.0,951170182
462,1394,4.0,1121928797
447,362,5.0,836962042
590,3248,2.5,1258417161
480,953,4.0,1179162441
354,3826,3.5,1200953532
566,296,4.0,849005100
534,62113,4.5,1459787998
381,72641,5.0,1262898593
596,4886,3.5,1535708252
610,149011,3.5,1493848843
357,553,5.0,1348611206
495,58803,4.0,1458636671
590,3968,2.0,1267150729
386,292,1.0,842610228
79,457,4.0,975281934
15,103249,3.5,1510573234
551,33679,4.0,1504925952
593,1923,3.0,1181007874
414,2080,4.0,961513862
51,2524,3.5,1230931190
414,1719,4.0,1028732437
610,3753,3.5,1493844911
606,3681,4.0,1171311440
314,497,5.0,834398802
514,4086,3.5,1535342291
316,4641,3.0,1111493547
42,168,3.0,996220383
448,99106,2.5,1391960604
89,588,1.0,1520408342
198,1200,3.0,1039797013
23,923,4.0,1107164855
111,128520,5.0,1517440323
360,1479,1.0,884997822
480,441,5.0,1179161392
354,53996,4.5,1200870629
249,76077,3.5,1415415892
525,8368,4.5,1476479356
307,8366,4.0,1186172482
438,4265,3.0,1105763060
524,1208,4.0,851609788
555,3608,4.0,978820906
282,2502,4.5,1378491812
135,3527,4.0,1009691588
551,45186,4.0,1504926175
597,1845,4.0,940362150
122,2710,4.5,1461562263
606,454,3.0,1171762864
583,2541,3.5,1481474537
274,7347,3.0,1171785570
28,5445,3.5,1234516004
385,1017,2.0,842892477
590,1022,4.5,1258422411
335,435,0.5,1261541263
82,6383,3.0,1084467496
33,2875,4.0,939716738
183,2028,5.0,992331285
381,3270,4.0,1166208586
91,6333,4.0,1112711457
263,5952,4.0,1090948148
368,3430,3.0,975830036
274,2042,3.5,1172024333
469,6460,5.0,965662177
177,3386,3.0,1435535069
64,1639,3.5,1161521371
212,8972,3.5,1523216670
298,5943,0.5,1447599050
603,3452,3.0,954481922
95,4126,4.0,1043339544
600,2888,1.5,1237714574
84,608,5.0,857653289
184,175585,3.5,1537109451
524,151,5.0,851608839
380,3534,3.0,1494613189
357,4069,2.0,1348611623
274,50794,3.0,1186724489
318,135143,4.5,1512681753
207,1347,4.0,1258547990
82,6006,3.0,1084466638
274,3052,4.5,1171428370
274,48322,3.5,1171786398
307,7347,2.5,1186172692
356,1031,5.0,1228072769
425,6979,4.0,1114173488
290,1259,4.0,974938908
395,95,3.0,841503940
514,1266,4.0,1533953669
21,370,5.0,1376823264
249,87232,4.5,1347317893
562,2908,4.0,1368897579
503,480,3.5,1335219291
475,4370,5.0,1498030379
600,5339,3.5,1237763933
184,48780,5.0,1537094917
414,75,1.0,1027521022
307,4359,3.0,1186172927
579,2571,5.0,958881789
474,2660,3.5,1137521191
139,58559,3.5,1453924116
474,7299,3.5,1129579417
279,648,4.0,1506395353
221,27741,4.5,1111178543
560,51255,4.0,1469650146
422,923,4.0,986173215
339,1,4.0,1460183470
125,2,4.0,1474311709
254,590,4.0,1180446330
239,370,2.5,1221866451
226,6188,5.0,1095663787
204,85354,2.0,1327183469
182,5650,2.0,1069633806
367,2529,3.0,997811550
84,300,5.0,858771743
255,2355,3.0,1005717457
599,119828,3.0,1519354487
385,501,3.0,844794832
514,592,2.5,1533872886
86,1265,4.0,1344083247
608,1302,3.0,1117491638
86,7361,4.5,1344082968
484,32587,4.5,1342295900
587,345,4.0,953138446
68,50,3.0,1158531764
305,75813,3.5,1535492086
596,52722,2.5,1535709918
89,147410,5.0,1520409171
318,5952,3.5,1278433377
298,52245,0.5,1449592772
376,3977,4.0,1364994661
567,166528,1.0,1525289624
329,1732,0.5,1523468380
150,1356,5.0,854203229
118,1104,4.0,944924487
549,260,2.0,1464282588
182,4881,4.5,1054780357
156,5505,2.0,1106882195
414,1721,4.0,961514186
42,1302,4.0,996258272
448,160730,2.0,1482590532
196,62,4.5,1460954240
135,520,3.0,1009692237
560,4720,4.0,1469648523
249,8985,3.0,1355366789
419,3755,4.0,1350347818
610,62336,5.0,1493848063
528,5254,4.0,1391734555
232,6593,3.0,1182909798
287,1101,0.5,1110229962
140,3005,3.0,1075154485
62,55908,4.0,1521932232
330,593,5.0,1285903848
474,2520,2.5,1092661160
387,595,2.0,1095040477
198,5388,3.0,1039796901
583,133419,4.0,1481474578
305,2664,5.0,1460225572
509,2571,3.5,1435993006
219,2683,4.0,1194931889
274,42013,3.5,1172030409
24,44191,4.0,1458941565
19,3113,2.0,965712018
414,1206,5.0,961514724
232,1608,3.5,1218166335
42,4008,4.0,996258942
292,1214,3.0,1265680466
587,2396,5.0,953137911
307,212,1.5,1186257538
148,157296,3.0,1482548671
330,4034,4.0,1285905471
28,3020,3.0,1242032934
111,2335,3.5,1516156286
564,48385,3.0,1478451804
501,32,3.0,844973340
414,153,2.0,961439358
157,2959,5.0,992479905
125,174053,5.0,1513697142
72,1216,4.0,1217323673
187,44191,3.5,1161849415
199,2973,4.0,1022384598
605,1411,3.0,1277094813
232,54259,4.0,1206995704
608,3005,3.5,1117415460
14,448,3.0,835442201
551,88140,4.0,1504925970
376,2710,1.5,1364994544
15,1527,3.0,1510572660
143,79702,1.0,1444881368
307,1409,0.5,1186083427
75,1240,4.0,1158990196
304,1060,4.0,891173384
177,40819,5.0,1435524713
171,1259,5.0,866905820
234,3175,4.0,1004408942
125,127198,4.0,1474591366
503,175,4.5,1335214491
160,316,2.0,971114356
33,1249,5.0,939646820
414,477,3.5,1157472172
470,41,3.0,849843245
140,5357,3.0,1024051464
192,480,5.0,835129540
552,1544,3.0,1111473282
599,32584,3.0,1498521425
84,381,4.0,858771861
198,1259,4.0,1034137711
274,8949,2.5,1171492031
410,3911,4.0,990728733
477,39292,4.5,1200940718
474,1230,4.0,1082256456
284,248,4.0,832786436
239,8665,5.0,1221158298
474,1942,3.5,1165539986
122,79702,5.0,1461561683
66,2951,4.5,1104644503
288,1083,3.0,978559568
391,5283,3.0,1030825911
240,553,5.0,849122434
232,37739,3.5,1163916421
603,1,4.0,963178147
500,231,1.0,1005528039
381,45361,1.0,1164383038
39,3362,5.0,974788339
578,56389,4.0,1300996756
517,909,0.5,1487954015
331,4973,4.0,1537157678
256,4734,3.5,1447001070
57,1641,4.0,965796990
599,7361,3.0,1498519103
18,73268,3.5,1478632335
167,5103,3.0,1154721668
48,5882,4.0,1127128941
249,46974,3.0,1356550731
122,2291,5.0,1461561849
534,2571,4.0,1459787998
217,1806,1.0,955942177
182,1210,2.5,1054779829
572,1917,3.0,945888784
166,47,4.0,1188774624
380,6979,3.0,1494804306
132,1464,4.0,1157923634
438,802,3.5,1105764578
125,135887,3.0,1474414799
479,1220,5.0,1039362337
610,91630,4.5,1493846078
93,653,4.0,942946588
369,1923,3.5,1237081492
91,4254,2.0,1112716988
205,356,4.0,1519900230
474,37741,4.5,1142996159
448,587,3.0,1019127900
483,48394,5.0,1215897699
66,2288,5.0,1113190069
339,68954,3.0,1460183472
601,67255,4.5,1521397883
210,49278,4.5,1527266200
413,3147,5.0,1484439835
381,1208,2.0,1170587454
387,509,3.5,1154682537
362,161127,4.0,1530638451
73,81562,4.0,1464275376
99,22,4.0,829828005
301,8961,4.0,1211377317
47,106782,3.5,1496209142
167,1385,2.0,1154719268
474,1267,4.0,1082256467
307,788,2.0,1186161496
380,6946,4.0,1494268193
298,62155,1.0,1447517204
328,356,3.0,1494207226
166,3468,4.5,1189038731
294,1210,4.0,966633825
448,367,3.0,1019127943
402,588,4.0,849654543
18,102903,4.0,1513369638
247,76093,3.0,1467644490
517,91658,0.5,1487953467
599,968,3.0,1498521415
534,2004,4.5,1459787998
274,22,3.5,1171759024
203,59315,3.0,1390094919
601,318,5.0,1441639169
573,1240,4.5,1186722390
244,2571,4.0,975090740
140,1500,5.0,942842565
318,1089,4.0,1424546872
274,170,2.5,1171826839
387,50800,2.0,1170485658
80,100810,4.0,1377391131
244,2278,3.0,975091042
356,3793,3.5,1229143154
56,19,5.0,835799219
156,1230,5.0,946799250
414,1343,4.0,961681965
608,3160,4.0,1117408063
497,2858,4.0,1429127731
103,77427,0.5,1431956137
232,6219,3.0,1218167343
328,2987,2.0,1494211291
68,2046,3.0,1261623821
298,8368,3.0,1449592035
425,2683,3.0,1085477779
298,58655,2.0,1476628475
310,2683,3.0,1078649333
428,337,3.5,1111523315
603,899,4.0,953926507
24,111759,3.5,1458941550
356,8917,3.5,1229141085
217,3549,3.0,955935313
123,44199,4.0,1447292466
275,1187,5.0,1049079020
103,1252,4.5,1431957466
521,762,3.0,852713251
385,421,3.0,842892869
287,5816,1.5,1110231088
489,3623,2.5,1334170213
334,4306,4.5,1225479071
177,5449,3.0,1435533351
105,175397,5.0,1526207168
605,33794,3.5,1277097267
22,4878,1.5,1268726600
139,69481,1.0,1453924696
330,5349,3.0,1285905323
195,1041,4.0,974709608
580,1201,4.0,1167791046
474,1010,3.0,983032872
196,1552,4.0,1460954263
219,57368,2.0,1206231842
494,2571,5.0,1001666589
359,3499,3.5,1198114431
220,954,4.5,1230054684
572,1235,5.0,945892463
330,2739,4.0,1285903338
607,2114,4.0,964744550
141,317,3.5,1513131947
603,308,4.0,963179359
241,118700,3.0,1447536831
217,3341,4.0,955943856
356,5010,3.0,1229143592
198,2716,2.0,1034196898
606,6365,2.0,1171761126
202,1485,4.0,974924123
294,1461,1.0,966596934
462,3246,4.0,1122653562
414,68932,3.5,1273977741
597,588,4.0,941558405
312,1994,4.0,1043176065
562,6502,4.5,1368892352
357,60766,3.5,1348612843
534,7254,4.5,1459787996
42,593,5.0,996217838
28,48738,3.0,1234338028
583,99117,2.0,1481474293
427,4226,5.0,1053071540
116,1219,2.5,1337199455
380,2402,4.0,1494804252
567,141866,3.0,1525286842
372,1132,4.0,874416234
610,5139,5.0,1479542861
414,1196,5.0,961512311
480,3160,4.0,1179178464
217,1586,4.0,955940793
587,3471,4.0,953137197
284,376,4.0,832699656
584,300,3.0,834987672
479,45,3.0,1039367502
337,788,4.0,860255830
485,165,5.0,837943260
382,4896,4.5,1515162169
19,1373,1.0,965703973
186,2662,4.0,1031079628
153,7317,0.5,1525552680
187,44788,4.0,1180301722
474,454,4.0,1060105268
542,8874,5.0,1163387369
68,2385,2.0,1275957876
448,1918,3.0,1019124750
132,30793,3.5,1329984085
380,3986,3.0,1494613173
582,77561,2.5,1446792729
606,2005,2.5,1171926686
21,38,2.5,1419795113
325,1784,4.0,1039395430
511,2959,5.0,1450093988
460,3578,5.0,1359177644
305,56757,3.0,1460303363
469,70,2.0,965334011
414,1276,5.0,961516639
600,2863,3.0,1237759647
367,3548,4.0,997811750
307,4371,0.5,1186085569
314,44,3.0,834398518
387,47465,1.5,1207203100
520,7373,4.0,1326611053
387,6777,3.0,1094877409
149,1580,2.0,902084716
139,34048,1.5,1453924481
288,4321,4.0,1014821704
448,3418,3.0,1019137875
298,71520,1.0,1447599892
177,922,5.0,1435536838
298,53996,2.0,1449592169
64,1527,3.5,1161520360
352,55908,5.0,1493674768
42,2641,2.0,996216337
473,48322,3.5,1169351800
57,3527,3.0,965798716
51,2100,4.0,1230932329
429,343,3.0,828124615
318,158972,4.0,1507743283
414,2278,4.0,961515808
290,475,4.0,974942322
51,1088,4.0,1230929736
599,103228,3.0,1498528070
305,68237,4.0,1494084460
51,3501,4.0,1230932079
33,1801,4.0,939715955
156,1057,3.0,946799679
363,1704,5.0,1502584543
140,458,3.0,942842894
474,55814,4.0,1238350406
509,44193,3.5,1435997165
561,3552,4.0,1491094707
561,2808,3.0,1491091592
523,57504,5.0,1503126335
10,3578,4.0,1455356591
175,47382,5.0,1234189512
474,3071,2.5,1089387453
68,42018,0.5,1304977981
139,59615,1.5,1453924671
187,3328,5.0,1161954924
419,1206,4.5,1322336862
509,2762,4.0,1435992313
274,2011,3.5,1171492728
414,56171,3.0,1273977942
195,50,5.0,974705671
1,2502,5.0,964981278
515,175569,4.0,1513678313
599,69849,2.5,1519179646
597,1968,5.0,940361808
84,368,3.0,860397613
456,141,4.0,856883308
226,6006,3.0,1114843170
20,2085,4.0,1054038493
249,115149,4.0,1516563231
165,1221,3.0,1046741758
19,1342,2.0,965704952
475,4369,4.5,1498030615
304,2322,4.0,922233436
66,7028,2.5,1093747340
448,132333,5.0,1436031040
491,129354,4.0,1526673901
140,986,5.0,949666758
599,5881,2.5,1498515328
101,3219,4.0,968441120
480,33660,4.5,1179161196
469,1333,5.0,965846506
448,7454,2.0,1084951203
288,1562,2.0,978466742
104,7346,3.5,1123111555
387,7991,2.0,1175233030
486,161,5.0,839537112
573,60684,5.0,1248841902
387,6465,3.0,1145685589
492,65,5.0,863976248
599,235,3.5,1498501034
108,5445,5.0,1042839079
119,117887,4.0,1447664471
474,6990,3.5,1087831899
365,48774,1.5,1488333209
527,2085,3.0,1033174240
305,54997,3.5,1520520727
69,3994,4.0,1021645473
555,3,5.0,978747454
411,368,4.0,835532965
153,64034,1.0,1525550441
96,306,1.0,964773021
528,64614,3.5,1391736223
308,253,0.5,1421374364
139,5459,2.0,1453924285
200,3489,3.0,1229887746
391,1719,5.0,1032387630
62,102903,4.0,1521489785
63,115617,5.0,1443199933
43,1,5.0,848993983
608,216,2.5,1117504726
70,5995,4.0,1355198446
282,2542,4.0,1378491792
41,5449,3.0,1459367704
202,3062,4.0,974918508
199,1094,3.0,940544026
338,30793,2.5,1530148341
62,5903,4.5,1521489647
21,115502,3.5,1441393892
387,3267,2.5,1192345922
560,8910,3.5,1469650843
541,442,3.0,835643266
583,76093,4.0,1481474186
414,608,5.0,961516693
282,5418,4.5,1378491740
432,25,4.5,1315243647
474,44511,3.5,1165540183
298,80860,0.5,1447517753
215,608,3.5,1260908847
514,3740,4.0,1534052034
448,94896,3.0,1400437446
380,4022,4.0,1494613082
129,780,3.5,1167375481
599,6035,2.5,1498518230
187,2288,4.0,1161849930
58,223,3.0,847719088
288,986,3.0,978467651
221,1287,4.0,1111178141
517,2011,4.0,1487954393
351,5956,4.0,1325979477
19,829,2.0,965706415
80,91630,4.5,1377308470
380,113278,3.0,1493473908
182,1393,3.5,1063288308
414,459,2.0,961516318
414,65,2.0,961439623
156,5788,4.5,1106882151
512,509,2.0,841449636
28,52952,3.5,1234338058
140,2682,4.0,977403325
475,329,5.0,1498031717
448,142536,2.0,1473962172
408,82461,4.0,1467371107
71,736,5.0,864737933
395,480,4.0,841503580
527,364,4.0,1033174482
307,6796,2.5,1186087091
560,33794,3.5,1469647993
177,500,5.0,1435890500
227,91529,4.0,1447209866
195,3793,4.0,974708078
414,8360,4.0,1100799845
294,542,3.0,966596725
6,852,4.0,845555694
244,1754,4.0,975093206
559,95,4.0,865095801
590,1020,3.0,1267238200
36,3861,2.0,1100803848
184,74754,5.0,1537094766
610,155064,3.5,1493848456
178,318,5.0,1164355198
465,329,3.0,959895475
282,1961,4.5,1378490589
328,1947,3.0,1494211095
181,344,3.0,845469325
156,1222,4.5,1106855249
552,3435,2.5,1112151383
517,79091,2.0,1487954442
275,5258,2.0,1049077799
551,98809,1.0,1504925995
288,920,3.0,976139692
477,3969,3.5,1200942170
476,313,4.0,835022358
91,4226,4.5,1112712170
19,330,3.0,965705097
599,1748,2.5,1498514119
555,2144,5.0,978821265
186,1375,4.0,1031080088
97,5420,3.0,1047481371
406,56949,5.0,1296959397
428,1552,1.5,1111623190
479,1210,3.0,1039360590
561,88744,4.0,1491091377
606,110,3.5,1172969333
599,85796,2.5,1498517079
324,1197,3.0,974906429
372,1378,4.0,874416545
160,1387,2.0,971112754
596,79242,3.0,1535832812
380,2746,4.0,1494803840
76,80463,3.0,1439167964
504,2289,4.5,1063644555
317,48516,5.0,1430361522
599,116941,2.0,1519327922
71,7,3.0,864738008
143,7293,5.0,1444880461
603,3181,4.0,953927186
365,107997,1.5,1489796912
580,1884,5.0,1167792415
560,45447,3.0,1469649233
452,2490,5.0,1019584576
448,4409,3.5,1089029542
137,588,4.0,1204859525
229,597,3.0,838144399
328,3671,4.5,1494211968
233,122882,2.5,1448815951
265,1371,3.0,965315212
474,1957,5.0,988926325
188,913,5.0,962560423
424,30825,3.5,1457846561
509,117133,3.5,1435998832
610,110553,2.0,1493846882
376,1517,2.0,1364994394
477,1682,4.5,1200940021
122,3160,5.0,1461562377
480,6867,4.0,1179163171
10,112006,4.0,1455398144
15,79132,3.5,1510571930
517,6373,1.5,1487957988
313,592,5.0,1030476552
561,68791,2.0,1491091613
235,597,4.0,841422477
579,780,5.0,958881895
362,1222,4.5,1530640321
256,5218,4.5,1446580271
534,2949,4.0,1465036787
219,63082,5.0,1237238986
215,2542,4.0,1260908643
534,60937,3.5,1459787996
43,225,4.0,848993879
125,69640,2.5,1474295232
522,55765,3.5,1301727822
274,1259,3.5,1223524686
560,208,3.5,1469647278
405,25771,4.0,1295911620
294,1049,3.0,966634119
318,34048,3.5,1261343285
448,4477,1.0,1028111080
474,2801,4.5,1100119890
414,3391,2.0,991145449
181,455,3.0,845470499
600,1732,3.5,1237759308
125,103341,4.5,1474295694
187,4450,4.0,1161954740
495,1193,5.0,1458635276
566,500,4.0,849005578
313,673,1.0,1030558055
412,1244,4.0,939114074
476,289,3.0,835022227
68,910,2.5,1268848806
28,4855,2.5,1234514717
489,4700,2.0,1333297177
199,1719,3.0,940372549
514,1978,2.0,1534086545
436,380,3.0,833529409
453,2692,4.0,972621297
357,2706,3.5,1348612165
555,2028,5.0,978840102
275,1042,3.0,1049076710
21,98124,3.5,1418846981
610,68791,3.0,1493846130
596,32587,3.5,1535708713
427,5459,2.0,1053070277
414,1240,5.0,961514698
434,1200,5.0,1270604026
534,2947,4.0,1465036794
62,82461,2.0,1523786551
472,4993,4.0,1345843258
509,7380,3.0,1435996446
387,1464,4.5,1095041898
246,83613,4.0,1354124387
372,628,4.0,874416842
596,110553,2.5,1535711538
168,1221,5.0,1306801827
268,1221,4.0,940173559
303,1214,5.0,1053303079
328,6378,3.0,1494211066
23,1464,4.0,1107163869
357,3255,3.5,1348611300
64,47,4.5,1161520185
15,1196,5.0,1510572645
212,122916,4.5,1527795013
368,2662,2.0,971274957
597,1748,3.0,941728717
380,95441,4.0,1493420809
603,599,5.0,1002403371
89,4928,2.0,1520408929
33,529,4.0,939647873
100,356,4.0,1100184829
68,3081,1.5,1158532662
517,367,3.0,1487957222
346,2114,3.5,1155066865
239,8622,4.0,1221158544
305,55820,4.0,1525031014
102,553,4.0,835876272
307,55729,3.0,1226946695
45,3387,2.0,959625102
453,3948,4.0,972621091
57,745,4.0,965796004
534,69805,4.0,1459787998
414,34332,3.0,1216145680
599,4662,3.0,1519373552
589,780,5.0,856038815
103,3160,5.0,1477364736
597,2707,3.0,941728155
330,253,4.5,1285905179
590,7438,4.0,1258421245
80,1221,4.0,1377308052
344,4226,1.5,1420496088
572,3072,4.0,945892448
594,3004,4.5,1108974028
276,356,5.0,858351182
599,1601,2.0,1519345745
541,597,3.0,835643317
132,2431,4.0,1157979560
352,96610,3.5,1493674313
387,2993,3.5,1094877924
232,1333,1.5,1182910719
474,1408,4.0,1122395776
21,81564,2.5,1419794453
525,80463,4.0,1476478087
483,1200,4.5,1181494833
477,2692,4.5,1200940589
240,596,3.0,849122774
368,3450,3.0,971273874
201,293,3.0,940350410
534,2081,4.0,1459787997
474,4025,2.0,1047054986
279,1200,4.5,1506394355
562,2231,4.5,1368897521
586,76093,5.0,1529899334
18,1080,4.5,1455231152
433,6874,4.0,1506824044
603,2616,1.0,963177760
414,4123,2.0,991145003
305,1240,3.5,1460135792
307,7247,4.0,1186087888
542,7254,5.0,1163387790
182,482,4.0,1055153160
534,3489,4.5,1459787996
466,88125,4.5,1439915677
199,1261,3.0,941325416
608,508,4.0,1117490762
477,410,3.0,1200939986
253,2324,5.0,1286645292
17,48516,4.0,1305696748
290,235,4.0,974938908
80,8861,4.0,1377391245
226,112,4.0,1096420219
553,1825,3.5,1219556438
301,17,4.0,1211378910
105,2019,4.5,1447574114
436,421,4.0,833530513
139,6378,2.0,1453924306
288,68954,4.5,1262706789
597,1047,2.0,941729229
354,5418,4.0,1200869944
428,1690,3.0,1111488420
19,1427,1.0,965712068
447,480,4.0,836960895
474,909,4.0,1046809068
396,783,4.0,1111688506
504,5060,4.5,1063644450
199,731,3.0,1126036262
232,6615,2.5,1167944697
448,93766,1.5,1378653084
62,114180,3.5,1525554378
298,1193,4.0,1447597795
292,70286,2.0,1483193915
599,3671,3.5,1498501432
128,1617,3.0,899032461
554,923,2.0,944901414
274,44828,4.0,1171495501
380,788,2.0,1493420133
290,900,4.0,974942209
232,45722,3.5,1218165458
274,51412,3.5,1206908292
1,940,5.0,964982176
383,2977,4.0,943569297
68,70183,5.0,1271544392
514,3160,4.0,1536456268
606,2677,4.0,1171234566
34,2628,3.5,1162050129
42,3791,3.0,996259355
453,3752,3.0,1005968435
405,76251,4.0,1295910517
328,79132,1.5,1494207000
84,195,4.0,858772398
166,260,4.5,1188926253
298,2672,0.5,1476642663
105,3301,3.5,1446573522
182,231,0.5,1055155770
599,120827,3.0,1519185679
202,440,3.0,974923893
590,63113,3.0,1267238636
381,53953,4.0,1200823778
234,1011,5.0,1004409172
182,541,4.0,1054779827
28,5267,3.0,1242289147
453,2617,4.0,972622027
261,81591,4.5,1404881395
599,2716,4.5,1498539244
249,1257,4.0,1347886878
448,1283,4.0,1019133301
83,68954,4.5,1332840492
235,539,4.0,841422499
232,4386,3.0,1218168091
226,46335,2.5,1198872911
288,1848,3.0,978468314
462,1721,2.5,1269929058
474,852,2.0,1047055128
68,3675,4.0,1180915725
525,52975,4.0,1476477866
68,2431,3.5,1158535787
308,96821,5.0,1421374977
153,4848,2.5,1525548914
187,3481,3.5,1161849769
139,3997,1.0,1453925402
237,44555,3.5,1410631778
68,72641,4.5,1336605255
93,158,4.0,942946445
448,2968,5.0,1019125273
432,6885,2.0,1315244706
391,417,4.0,1030827326
30,318,5.0,1500370344
437,1204,5.0,859721463
217,516,2.0,955944449
517,1028,5.0,1487954316
219,62336,4.0,1225036477
292,115617,4.0,1483193825
353,552,2.0,831940625
322,2052,2.0,1217675226
380,317,4.0,1493422855
414,346,3.0,961517293
603,2074,4.0,953926937
103,1025,4.0,1431969093
182,5423,4.0,1054782354
249,32029,3.5,1353801356
307,2335,3.5,1189608607
387,2947,4.0,1094876855
233,1206,4.0,1529334133
328,33794,1.0,1494211268
448,1876,3.0,1019133056
313,296,5.0,1030476374
382,1702,3.5,1515161690
462,6466,2.0,1137445411
140,350,3.0,949667416
76,1682,2.5,1439168248
356,46578,5.0,1228072663
555,2735,3.0,978823282
30,1196,5.0,1500370341
288,788,2.0,976139489
587,2539,1.0,953139269
381,1653,4.0,1164383246
298,116138,2.0,1474818441
68,3476,2.0,1269122229
322,150,4.0,1217677389
3,5746,5.0,1306463708
425,8371,4.0,1106482928
380,750,5.0,1493474137
546,3941,5.0,973588747
367,926,4.0,997813545
46,595,5.0,834787757
347,500,3.0,847645738
570,1225,3.0,1181477974
115,153,3.0,957647972
4,4273,4.0,1007574470
603,2885,2.0,953925072
217,1812,4.0,955943400
493,3972,4.0,1001562740
590,2194,4.0,1258421129
167,110,3.5,1154721971
534,8961,4.0,1459787998
590,361,2.5,1258418989
599,99532,3.0,1519428327
474,1269,3.5,1111412874
274,53125,3.5,1186723308
564,1923,4.0,1478452430
353,296,5.0,831939568
143,36525,2.0,1444881008
562,2395,3.0,1368894742
448,2413,3.0,1019128107
172,1125,4.5,1238716069
18,5944,2.5,1455231780
380,2722,4.0,1494803915
49,527,4.5,1493089770
586,82169,4.5,1529899985
290,1225,5.0,975030982
438,4015,1.5,1105654359
237,1625,4.5,1410632299
590,6537,3.0,1258422933
244,3361,5.0,975075169
137,1207,3.0,1204859752
33,318,4.0,939716778
387,1266,3.0,1094849240
386,20,2.0,842614033
132,260,2.0,1157920586
401,72737,3.5,1510450457
474,2844,3.0,1104518783
64,1704,4.5,1161520428
249,2701,3.0,1346752116
89,3606,3.5,1520408805
10,5957,3.0,1455397999
485,300,3.0,837943384
307,318,4.5,1186088053
465,1608,4.0,959896357
50,63312,2.0,1514891165
484,1513,4.0,1342297491
339,89492,4.5,1460346554
428,253,4.5,1111489812
105,1263,4.0,1448168170
174,153,3.0,848486928
274,5989,4.0,1171409954
534,19,4.0,1459787996
414,68157,4.0,1261010104
556,74789,4.0,1534321017
18,66934,4.0,1456924733
444,296,5.0,832668242
148,30816,5.0,1482548570
380,120799,3.0,1508109648
160,546,3.0,971114775
425,1036,3.5,1085477594
564,88672,3.5,1478454024
42,1339,3.0,996220248
597,1265,5.0,941557914
462,6945,5.0,1201445807
133,110,3.0,843491209
15,5618,3.0,1510578001
266,1196,5.0,945670292
307,500,2.0,1186160992
560,1884,4.0,1469652695
262,334,3.0,840309968
580,38061,4.0,1167791189
604,435,4.0,832080071
499,53519,3.5,1289960059
68,5254,3.5,1158534696
474,474,3.5,1060702760
606,4308,4.0,1171501533
22,68954,2.0,1268726512
221,1193,5.0,1111176238
220,47,3.0,1230055738
45,2987,4.0,950740549
57,904,5.0,965795803
206,32,3.0,850763267
608,7701,1.0,1117519677
186,1019,4.0,1031079871
408,101864,5.0,1467371641
186,1676,4.0,1031073244
57,10,3.0,965798286
410,2174,3.0,990910094
6,254,3.0,845555655
298,51540,3.0,1447598561
357,1096,3.5,1348611991
448,2530,2.0,1064426223
19,1081,2.0,965706389
448,132157,1.5,1459517655
66,6287,4.5,1113190421
380,1920,4.0,1494804542
608,4821,2.5,1117415722
588,589,3.0,839316350
391,1270,4.0,1030827110
414,40826,2.5,1216150452
190,6711,5.0,1504310102
51,177,4.0,1230930634
32,236,3.0,856737081
100,497,4.0,1100183808
346,1080,4.0,1094650658
381,1876,2.5,1167542164
483,2424,3.5,1181496826
416,4306,0.5,1187496641
68,1228,2.0,1261623357
372,515,4.0,874416317
492,88,5.0,863976409
414,1584,3.0,961514924
600,1033,3.0,1237851805
564,143257,3.5,1478454848
148,6377,3.0,1482548514
7,45517,4.5,1157066190
132,3081,3.0,1157922292
125,159717,3.5,1478197208
489,339,3.5,1333101518
414,46970,2.5,1167249394
182,6157,2.5,1054782361
42,4132,3.0,996260241
462,1213,4.5,1123891892
156,492,3.0,946799715
381,5064,4.5,1164876999
75,541,4.0,1158989785
249,33085,2.5,1346755048
326,1483,3.5,1322250898
82,317,2.5,1084467976
200,53464,1.0,1229889097
448,104760,1.0,1419173382
199,4308,3.5,1082556819
226,44195,4.5,1161043180
119,115713,4.0,1440277383
332,32,2.5,1352671273
317,1258,5.0,1430517217
84,474,4.0,857653756
395,1027,3.0,841504945
542,6539,4.0,1163386585
413,1704,5.0,1484439833
82,104,3.5,1084468090
454,55820,3.5,1279547221
448,74532,1.5,1306009221
599,2012,1.5,1519118388
292,119145,4.0,1483193792
608,4011,5.0,1117162177
585,223,4.5,1307417422
216,1220,3.0,975212804
122,1199,5.0,1461562127
184,102125,4.0,1537098914
226,8784,4.5,1114842920
387,223,4.0,1094877235
443,1200,3.0,1420236655
608,552,1.5,1117161764
318,7981,4.5,1415403188
155,2724,4.0,961862036
156,1614,1.0,946799715
46,160,4.0,834788146
274,52973,3.5,1186723324
140,3317,2.0,1007139599
298,2469,4.0,1450452902
28,4995,3.0,1236313511
446,733,3.0,843839593
596,60069,4.5,1535708340
483,3418,2.0,1178358745
275,5485,2.0,1049078407
608,53996,5.0,1189380659
603,331,3.0,963180195
155,1923,4.0,961861958
480,435,1.5,1179178708
448,4121,4.0,1019127998
463,4310,3.0,1145460333
438,737,2.0,1105670792
573,1387,4.5,1186722617
202,1385,3.0,974919079
177,36401,3.0,1435526740
448,2355,4.0,1040756375
469,2402,2.0,965334923
477,3160,4.0,1200941148
105,27834,4.5,1446618893
68,53318,3.0,1267237731
19,1658,5.0,965711769
305,1272,5.0,1494272751
580,5876,3.0,1167790415
482,6754,4.0,1105396491
156,1220,3.0,946799749
294,587,2.0,966596072
145,292,3.0,832105394
176,592,3.0,840108527
232,317,3.5,1218169414
182,3254,3.0,1055156157
448,68358,3.5,1259155084
216,3986,2.0,975598783
18,134130,4.5,1456693665
187,8370,5.0,1161849597
480,3812,4.0,1179161665
380,1573,5.0,1493667527
474,5618,4.5,1081177323
327,1221,4.0,1234788153
279,54503,2.5,1506394527
462,53894,4.0,1190436354
319,318,4.5,1461351698
226,543,4.0,1095663022
599,1391,3.0,1498525822
105,49278,4.0,1446773241
416,327,4.5,1187495341
599,35836,2.5,1498516614
27,3033,2.0,965151190
479,2908,4.0,1039362787
606,55069,4.0,1201789564
474,1204,4.0,1126284508
489,8866,1.5,1333831160
331,164179,2.5,1537158234
448,92507,2.5,1359218818
480,39444,4.0,1179164081
525,318,4.5,1476475797
599,5221,3.0,1519429458
292,7720,3.5,1293562877
448,3398,4.0,1092830342
605,2012,4.0,1277097149
480,344,3.5,1179177619
600,1391,2.0,1237857142
331,6373,2.0,1537157873
504,4993,4.0,1064450665
104,1206,3.0,1048795254
600,19,3.0,1237709125
380,105585,3.0,1494709273
328,72641,1.5,1494211498
210,98124,4.0,1527266196
525,5502,3.5,1476479402
67,293,5.0,1501273898
380,100163,3.0,1494708978
610,103075,2.5,1493848216
69,260,5.0,1021643144
480,7448,2.5,1179166420
215,4993,4.0,1260908683
314,640,3.0,844335211
447,382,4.0,836962276
572,2433,3.0,979923471
379,165,2.0,847397247
438,8528,3.5,1105653999
85,53,5.0,889468268
254,6377,4.5,1180446000
286,47,5.0,1119562911
68,4246,4.0,1158532209
600,1573,2.5,1237715321
274,2432,2.0,1171933157
248,1198,4.0,1534591642
448,2013,5.0,1019124481
268,2403,2.0,940194450
610,293,5.0,1479542783
601,2028,5.0,1441639463
599,7022,4.0,1498499354
217,2617,3.0,955941233
486,648,5.0,839536984
305,31364,4.0,1527886332
17,910,3.5,1305696226
298,114662,2.5,1447599816
387,2798,1.5,1095117423
219,27611,4.0,1237238946
331,177765,4.0,1537157585
489,4361,3.5,1332704615
414,999,3.0,961692423
606,1220,4.5,1171377515
567,127298,3.5,1525286237
305,81845,4.0,1460564213
606,2010,5.0,1171375990
597,2040,4.0,941640873
12,543,3.5,1247263318
41,66097,4.0,1459368463
232,55245,2.5,1218171109
201,32,4.0,939833041
313,2087,2.0,1030558302
135,1597,4.0,1009692875
568,2863,5.0,1243575892
275,2248,4.0,1049076865
318,76738,3.5,1413646376
554,538,5.0,944902081
263,5991,5.0,1090948177
385,112,3.0,844794864
560,40819,4.0,1469648888
357,1213,5.0,1348612143
405,1252,3.5,1303353153
428,6059,3.5,1111525582
528,7438,3.5,1391736898
217,1100,2.0,955941551
537,79132,5.0,1424140067
33,249,3.0,939716778
274,3754,3.5,1171932598
211,89745,5.0,1350912191
91,208,2.5,1112712329
610,110,4.5,1479545829
597,1918,4.0,941729229
386,477,3.0,842614008
382,105504,5.0,1515162537
332,1590,2.5,1352672983
56,410,3.0,835799188
246,59315,4.0,1354126586
6,54,4.0,845555402
603,3113,3.0,953926058
487,3752,3.0,1428650083
59,2076,5.0,953610526
520,60069,4.5,1326610546
555,3573,1.0,978842188
382,588,5.0,1515160916
380,49651,5.0,1494071629
105,26237,4.0,1448210552
89,182293,4.0,1520408961
18,8958,4.0,1466969258
474,34072,3.5,1141933692
239,8132,5.0,1221159513
414,4369,3.0,1010588283
452,2707,5.0,1019584632
409,1911,2.0,968978193
78,44974,0.5,1252575314
177,904,5.0,1435536832
474,616,3.5,1100292175
462,160644,5.0,1472957474
19,2040,2.0,965706728
608,3799,1.0,1117519635
374,150,3.0,849089035
509,5478,2.0,1435999456
135,4396,3.0,1009694231
268,1968,2.0,940183036
80,3275,5.0,1377308710
490,55261,2.5,1324373366
474,26776,3.5,1181347968
232,5882,2.5,1182910197
610,7173,3.0,1493847204
562,36529,3.5,1368894060
555,1277,3.0,978840381
124,1091,3.0,1336409751
307,6888,0.5,1186172734
503,4537,4.5,1335219235
304,303,3.0,891173703
474,6874,4.0,1082256514
186,5214,4.0,1031073136
480,43871,3.0,1179165983
610,26159,4.0,1479545044
480,41566,4.0,1179161187
62,69122,4.0,1521488917
561,2599,3.5,1491095345
346,6993,4.5,1155066579
45,1136,5.0,1091306083
232,1197,4.0,1076952680
103,5816,2.5,1431957518
91,186,2.0,1112713723
288,3525,1.0,975692736
477,2081,3.0,1201159187
132,1441,3.0,1157922314
211,1036,4.5,1350913113
57,1479,3.0,969754810
555,611,2.0,978842115
596,6157,1.5,1535709926
66,1488,3.5,1113190123
600,662,1.0,1237851848
63,1968,4.0,1443200066
182,1127,0.5,1054779861
233,593,4.5,1448816574
380,4036,4.0,1494613349
177,1,5.0,1435533535
154,356,5.0,1486297094
109,852,3.0,841189749
109,1033,3.0,841152104
474,929,3.5,1140441870
387,30810,3.5,1161500365
380,2455,5.0,1494803702
294,2736,4.0,966596142
305,60397,4.0,1460136910
91,1270,3.5,1112713112
385,1282,4.0,865024570
564,82167,3.0,1478452271
480,33162,5.0,1179164156
517,1025,2.5,1492338876
404,515,3.0,838376221
448,62434,4.5,1226505092
286,3994,4.5,1119562355
475,54272,3.5,1498030718
534,52722,3.5,1459787998
274,1921,3.5,1203999681
178,8961,4.0,1164354909
511,2324,4.5,1450094208
156,2863,3.0,946799313
448,4483,2.0,1019132117
450,1387,5.0,974705853
387,6669,3.5,1199100880
187,8622,3.0,1161849631
385,1356,4.0,848684995
552,4848,4.0,1112151289
412,2915,4.0,939114116
313,5026,5.0,1030475426
352,66097,3.0,1493674461
599,168492,3.0,1514777081
363,1917,2.0,1502584438
393,87232,5.0,1430506314
217,3406,2.0,956194704
31,344,3.0,850467365
68,2407,3.0,1158533600
21,106916,3.0,1403460691
605,69844,4.5,1277175829
352,2278,4.0,1493673699
448,117511,3.0,1441225425
596,87232,3.5,1535708562
207,2991,4.0,1258548252
599,6890,3.0,1498521974
246,3081,5.0,1354124732
71,1004,3.0,864738723
452,3256,4.0,1013395810
57,3753,3.0,965799521
359,1381,1.0,1192499717
224,3072,5.0,971812094
587,3130,4.0,953140362
418,54001,3.5,1461865751
603,2719,1.0,953926088
414,191,2.0,961518812
414,4344,4.0,1005067208
305,260,5.0,1460134084
237,293,4.0,1411233582
424,778,3.0,1457902209
348,2959,5.0,1378850241
514,104841,3.0,1533872356
322,3481,0.5,1217676760
19,3754,4.0,965702777
580,44665,4.0,1168085305
62,5952,5.0,1521488589
28,43928,3.0,1277002331
610,90746,3.5,1493846275
555,1517,5.0,978746378
599,4008,3.5,1498797606
503,48394,4.0,1335219670
387,353,4.0,1094938506
474,2442,4.0,1165540037
414,4232,4.0,1005066997
448,92198,2.0,1350245861
414,21,4.0,961438199
438,3986,3.0,1105654710
325,6,4.0,1039398204
21,41566,3.0,1468113305
132,6251,2.0,1161800252
72,1196,4.5,1217324882
305,8874,4.0,1461353185
263,2563,5.0,940383401
414,4734,2.0,1015947680
567,104875,3.5,1525285909
28,63033,3.5,1234335269
318,48394,3.5,1422524550
610,27397,5.0,1479545132
489,500,3.5,1332772454
474,4121,3.0,983031727
307,2959,4.0,1186161397
201,2100,4.0,939820856
550,102125,4.0,1488728339
590,45447,2.5,1267150562
6,7,4.0,845554264
381,44199,4.0,1170587364
177,2724,3.5,1435534887
249,103228,4.5,1387975029
535,2829,4.0,939028733
301,1270,2.5,1211377686
288,1035,3.0,975691369
610,95858,4.0,1493846635
160,1645,3.0,971196111
274,60941,3.0,1237446912
111,135861,2.0,1516152286
414,3261,4.0,961438642
105,141836,4.5,1447411716
140,2618,3.5,1075154403
423,457,4.5,1155285850
249,55269,4.0,1440074562
90,1046,4.0,856354399
594,4827,3.0,1108951203
477,6333,4.0,1200942153
298,4886,3.0,1447598096
219,33679,3.5,1194932211
446,17,5.0,843839379
19,2004,3.0,965705117
503,2028,3.0,1335219392
64,153,2.5,1161520389
608,6893,4.5,1147794878
318,2353,3.5,1256504552
202,2311,4.0,974925178
509,1020,3.0,1435992766
182,733,3.0,1054780903
99,204,1.0,829828007
229,21,4.0,836942097
119,79132,4.0,1436007604
57,185,2.0,965798952
18,104241,3.0,1458585307
134,153,4.0,832841003
599,5678,2.5,1519238465
534,8361,2.0,1459787998
238,421,2.0,1007930919
318,904,4.0,1417205177
40,34,5.0,832059080
230,6333,3.5,1196304406
318,3283,4.5,1440534164
525,2018,1.5,1476480396
177,8609,3.0,1435537625
104,783,3.0,1048589315
103,2335,4.0,1431968907
586,96079,3.5,1529899579
171,1193,5.0,866905795
474,34437,4.0,1139693851
541,471,3.0,835643551
318,104243,3.0,1483185582
143,4018,2.0,1444881228
482,2683,4.0,1105395979
51,2393,0.5,1230928774
119,84392,4.0,1438547722
249,1954,4.5,1410001876
136,177,3.0,832449964
290,1269,4.0,974942734
381,8464,3.5,1200824522
117,596,4.0,844163454
448,103042,2.5,1386235185
428,1954,2.5,1111523938
274,1431,3.5,1171830666
160,1011,1.0,971436953
474,34405,4.5,1128353652
19,3,3.0,965707636
331,8533,4.0,1537158222
423,5445,3.5,1155285483
68,6870,2.0,1158532252
606,1801,4.0,1171365227
227,117533,4.0,1447210317
41,4306,3.0,1458939651
330,539,2.0,1285905146
428,6365,3.0,1111489458
265,3593,1.0,965315448
140,4022,4.0,993208171
222,4979,1.5,1391374735
182,307,4.5,1054780622
573,2502,4.5,1186804251
414,58103,3.5,1205631910
275,3160,1.0,1049078801
249,76093,3.5,1346757659
474,6979,4.0,1070286810
177,80549,5.0,1435525684
288,1982,4.0,976138615
91,4661,3.0,1112716973
420,7700,4.0,1218041242
414,6215,3.0,1086201903
591,2761,4.0,970524956
336,1625,3.5,1120568104
448,74510,3.5,1356808252
333,3615,2.0,965671669
187,1214,4.0,1161849824
462,2926,3.5,1123891090
202,3402,4.0,975015323
414,408,2.0,961518556
328,49272,4.0,1494211102
33,1658,2.0,939654815
232,648,3.0,1218167154
239,1222,5.0,1221158997
559,364,4.0,845475917
318,72378,3.5,1426106383
290,1950,5.0,974938272
410,3987,3.0,990728533
267,919,5.0,959815004
260,6639,4.0,1109409921
305,2028,4.0,1460135344
352,94864,4.5,1493674430
555,2015,4.0,980123949
414,3565,3.0,971182816
47,49278,3.5,1496209090
326,36529,4.0,1322251836
484,33166,5.0,1342294958
466,47099,5.0,1439915798
288,2991,4.0,976138026
177,1148,4.0,1435534390
89,7381,4.0,1520408789
483,1367,4.0,1327277815
337,318,5.0,860256159
504,2321,4.0,1063644558
599,122924,2.5,1498529459
599,3668,3.0,1498525594
599,2297,2.5,1498515662
381,1036,2.0,1164877369
331,4963,4.0,1537157705
108,5309,3.0,1042840682
483,1387,2.0,1181496743
495,4979,5.0,1458635809
42,1923,4.0,996218709
294,2321,2.0,966595143
517,46337,0.5,1487956310
199,6867,4.0,1261363873
233,7458,3.0,1530047084
400,76093,4.5,1498870479
534,1033,4.5,1459787998
561,3210,4.0,1491092364
217,2424,3.0,955944401
111,113453,4.0,1516153690
414,5178,4.0,1017669841
369,2948,3.5,1237081666
448,74916,2.0,1328470996
602,34,1.0,840875700
200,2724,4.5,1229887852
451,25,5.0,854089175
18,158972,3.5,1511651100
50,74458,2.5,1527371316
561,3499,3.0,1491092114
29,750,4.5,1310788122
177,3087,1.0,1435535488
599,535,3.0,1498525272
477,317,2.0,1200941809
112,2,1.5,1513989948
414,176,4.0,961438221
434,587,3.0,1270606790
562,1441,4.5,1368896677
274,2327,4.0,1172110246
448,78499,5.0,1293654824
269,832,4.0,850865644
425,788,3.0,1114173806
171,111,5.0,866905308
307,8907,2.5,1186173498
177,3535,4.0,1435524565
19,350,2.0,965712461
48,653,4.0,1127128598
151,562,3.0,855948120
357,1225,5.0,1348611750
181,132,3.0,845470661
599,1633,3.0,1519327055
307,55280,4.0,1211305442
43,597,5.0,848993817
381,500,4.0,1166979383
590,2115,3.5,1258416848
380,3702,5.0,1493473834
608,2699,1.5,1117161730
408,91529,4.0,1467879035
111,47997,1.5,1516144057
606,4644,4.5,1171500713
199,1779,2.0,955313743
600,2141,3.5,1237709972
42,3255,3.0,996218645
525,112556,3.5,1476476450
226,2150,4.0,1095663285
380,5804,3.0,1494267780
606,3450,3.5,1171810070
265,3504,3.0,965316238
599,3937,1.5,1519173528
495,333,3.5,1458636020
305,97752,4.5,1460366788
307,6025,1.0,1186260161
305,474,4.0,1518198036
448,1965,2.0,1019132980
414,4089,2.0,991145275
298,69644,0.5,1447517186
246,72998,4.0,1354145696
282,5900,3.5,1514069681
561,7438,4.0,1491090900
479,2296,2.0,1039362699
199,2150,3.0,940379799
202,858,4.0,974912358
380,3646,1.0,1494613300
469,2973,4.0,965336905
78,593,3.0,1252575111
567,179815,1.5,1525289006
610,6503,1.5,1493846056
599,27124,2.0,1498510844
123,115569,4.5,1448382344
279,608,2.0,1506394168
596,2428,3.5,1535834915
370,1080,4.0,1159162614
277,260,4.0,861812827
50,64278,3.5,1514240086
282,150,4.5,1378490387
109,356,5.0,841106550
294,1126,2.0,966596934
27,3157,3.0,962685262
490,53125,2.0,1328145505
580,41285,3.0,1167790869
414,81591,4.0,1300279548
380,1198,5.0,1493419758
126,588,3.0,845925615
464,2329,5.0,1275548577
391,265,5.0,1030827326
146,58803,3.5,1312508251
448,2300,4.0,1019140840
343,1213,5.0,1202060780
465,356,5.0,959896608
580,2683,3.0,1167673458
232,3114,3.0,1218166775
42,2263,4.0,996258924
545,3991,3.5,1240360306
313,1220,1.0,1030557667
580,4874,4.5,1167792708
19,1591,2.0,965704079
132,8874,3.5,1329983684
490,30707,3.5,1324452639
180,2761,4.0,1270237599
171,596,5.0,866905707
608,3450,3.0,1117490858
239,5218,4.0,1221158730
20,4638,1.5,1054147250
432,6565,4.0,1335139956
448,3861,3.0,1028529886
351,4718,2.0,1325977891
339,7156,5.0,1460184180
422,4220,4.0,986172320
212,83134,3.5,1490115183
140,146,3.0,1032259081
600,1220,2.5,1237859154
477,208,4.0,1240473704
132,4306,3.5,1157921397
19,1906,2.0,965706657
491,54272,4.0,1526673165
425,318,5.0,1085477209
62,74789,5.0,1523135841
210,2571,5.0,1473881704
255,4018,2.0,1005717683
28,6502,3.0,1234572111
265,1726,3.0,965319453
448,4963,4.0,1019124380
221,4467,4.5,1111178405
354,47,4.0,1200870867
404,266,3.0,838375928
80,71535,4.0,1377308802
211,318,5.0,1350913048
261,2273,2.5,1404880864
271,3701,3.0,1234302548
22,39183,2.5,1268726935
385,541,5.0,865025716
274,69275,4.0,1248336908
263,6565,4.0,1090948257
62,7143,4.0,1521489737
332,318,4.5,1352671754
18,1625,3.5,1476823531
414,2580,5.0,961436763
390,1217,5.0,1250335792
344,1270,5.0,1420496497
420,1175,4.0,1229802744
380,594,4.0,1494803505
519,69122,5.0,1518478773
288,1042,3.0,978559702
216,2918,2.0,975212395
298,3578,3.5,1447598079
438,5463,3.0,1105654709
332,30812,3.5,1352673088
68,27611,4.0,1234740330
483,108928,3.5,1415574975
492,1,4.0,863975949
182,2947,4.0,1057525941
68,2001,3.0,1230497781
526,30707,3.0,1502132058
559,153,3.0,845475828
477,3751,4.0,1200940240
125,8957,5.0,1474141821
393,4148,3.5,1430507559
313,3555,3.0,1030556332
232,59258,2.5,1210210332
457,3072,4.0,993610599
41,2959,4.0,1458933677
104,2572,5.0,1048586179
318,45499,3.5,1265574063
185,588,4.0,1044311830
232,4367,3.5,1218165637
74,55247,4.5,1207499969
104,293,4.0,1110558303
274,2114,3.5,1171828253
263,1580,3.0,1026158665
10,5377,3.5,1455301898
38,355,3.0,841341650
391,1610,4.0,1030944221
219,1608,3.5,1194681145
232,48520,3.0,1182909854
232,7155,0.5,1085352933
256,4018,4.0,1446580421
438,5324,3.5,1105654158
105,1203,4.5,1447574052
488,904,5.0,1112382257
489,42418,1.0,1333831896
273,34,4.0,835860782
597,922,5.0,940362409
66,1968,4.0,1093747571
254,1721,3.5,1180446472
400,4993,4.0,1498870354
600,350,3.0,1237715453
509,60397,2.5,1435995877
199,58998,4.5,1401308935
249,92420,4.5,1347887076
434,1210,4.5,1270604436
200,8910,3.5,1229888393
368,2405,2.0,975829828
610,97913,4.0,1493846512
610,6058,3.0,1493848140
89,128089,4.5,1520409186
460,3483,3.5,1359177345
483,4992,3.0,1178293295
80,87232,4.0,1377309028
184,180985,3.0,1537109917
354,592,4.0,1200870234
474,1036,3.0,983034060
453,4011,5.0,1005965852
291,89745,5.0,1453051415
141,852,2.5,1513132100
226,1025,4.0,1095713354
206,608,5.0,850763310
489,4235,4.0,1332706148
365,68659,2.5,1489797020
114,60069,3.5,1485387711
66,593,4.0,1093747465
332,8961,3.5,1352671656
584,480,5.0,834987890
136,349,5.0,832449163
51,1304,5.0,1230929656
422,4132,1.0,989716081
63,208,2.0,1443201186
290,2770,4.0,975032218
514,3361,4.0,1533953688
367,1136,3.0,997811251
502,1027,3.0,1111758076
460,44191,4.0,1359177873
199,3536,4.0,979418039
27,2565,5.0,965149694
607,2791,4.0,963079167
488,3176,2.0,1112381870
474,2081,3.5,1089387047
249,149352,3.5,1462214611
136,216,5.0,832449683
133,318,4.0,843490980
169,6709,3.0,1070250087
198,1258,3.0,1034137298
22,4886,3.5,1268727375
339,527,5.0,1460519029
448,2470,4.0,1049015553
73,4886,4.0,1464196969
57,3835,2.0,965799246
534,7143,4.5,1459787998
428,2949,3.0,1111524416
20,1919,3.5,1054038348
489,1499,0.5,1333232870
509,52694,3.0,1436083386
115,487,5.0,944951378
365,56367,3.0,1488333585
352,61323,3.0,1493674345
510,6787,4.5,1141159450
103,91671,1.0,1431956774
382,2294,4.5,1515171417
437,1230,5.0,859722136
274,62,3.0,1171492326
352,71535,5.0,1493674169
290,1263,5.0,975031939
382,81834,4.0,1515162145
474,2622,3.0,978576434
221,6852,4.0,1118246952
371,31696,4.5,1407691892
590,1028,3.5,1258421323
19,2478,2.0,965706748
219,48394,3.0,1194686071
480,8865,4.0,1179165548
393,2959,5.0,1430505981
57,1079,3.0,965796333
91,780,3.5,1112713211
140,5060,4.0,1010775654
414,7315,2.0,1106195402
606,4883,4.0,1171759403
414,5137,5.0,1034687162
349,539,3.0,834751261
64,1917,2.5,1161520519
599,6659,3.0,1498525031
475,1196,5.0,1498029371
555,4081,2.0,980125364
177,7022,2.5,1435526211
560,2677,4.0,1469651001
111,112138,4.5,1516141454
89,2424,2.0,1520408378
445,5995,3.5,1454621996
280,54503,4.5,1347605247
312,253,4.0,1043176220
198,110,3.0,1034136119
307,2432,2.0,1186172343
517,3535,1.0,1487953509
32,361,4.0,856737270
39,745,4.0,974788030
312,5989,4.0,1043177872
99,339,5.0,829828007
599,88744,3.0,1498527509
403,62081,3.5,1225243539
610,37729,3.5,1493846487
474,6584,3.0,1081177818
526,60069,4.0,1502132012
509,87485,2.0,1435997382
135,1343,3.0,1009691207
606,48385,3.0,1172952058
520,1513,4.0,1326610438
353,315,3.0,831939792
84,237,4.0,858772479
45,1573,5.0,950740839
361,260,2.0,1204045245
177,41573,2.0,1435836996
114,167732,3.5,1485387617
307,2133,4.5,1186084501
62,96821,5.0,1521488950
490,69757,4.0,1324370902
212,8665,3.0,1523216869
571,1992,2.0,966901337
480,1393,4.0,1179162473
305,1278,5.0,1460221895
474,7297,3.5,1128353671
217,504,3.0,955941505
166,3623,3.5,1190827467
336,150,4.0,1122227547
19,1665,1.0,965707552
346,46578,4.0,1172692266
381,1197,4.0,1164383604
563,70932,2.0,1446590097
603,4690,3.0,1000194455
387,317,0.5,1118562900
202,2470,3.0,974923239
103,1196,4.5,1431955078
599,86882,3.5,1498501247
226,7160,1.0,1096420235
187,2810,5.0,1161849911
594,839,5.0,1115885770
74,48696,4.5,1207501696
522,4963,4.5,1254547310
479,3189,3.0,1039360590
489,47,3.0,1333101316
414,3479,4.0,961514035
474,6031,4.0,1123505014
288,1784,3.5,1054569243
541,377,3.0,835643239
522,27369,4.0,1254121616
387,51662,3.5,1177136746
21,107141,4.0,1403460679
103,1213,5.0,1431954394
476,277,3.0,835021927
590,2083,3.5,1258418873
586,97225,4.0,1529899371
182,3578,3.5,1054782084
603,2890,3.0,963179615
255,2804,2.0,1005717513
387,5974,3.0,1094877310
292,3638,3.5,1332678591
402,500,5.0,849601504
232,58047,4.0,1206991179
104,5541,3.5,1146222498
232,69122,4.0,1247190936
562,2942,4.0,1368896101
553,1912,3.0,1230774458
606,51037,3.0,1262965505
256,134130,4.5,1446579780
555,2160,5.0,978745946
600,4643,2.0,1237761554
195,2841,4.0,974705766
305,62434,3.0,1460303697
298,7367,0.5,1447599043
450,3893,4.0,974704663
256,3510,4.0,1446580495
323,337,3.5,1422640163
298,5564,0.5,1476628551
465,3505,4.0,959896032
448,75805,2.0,1328471152
275,1211,4.0,1049076933
249,1917,4.0,1346755983
597,1246,5.0,941639716
32,1080,3.0,856737165
607,110,5.0,963078901
474,7223,2.5,1073255459
468,317,3.0,831400519
448,466,3.0,1019124703
66,6313,3.0,1113189741
414,4322,4.0,991144299
301,1644,0.5,1211376270
42,648,5.0,996219248
318,168612,3.5,1511041378
111,134853,2.5,1516140998
9,5481,5.0,1044656836
104,1265,4.0,1048587352
570,260,3.5,1181476632
352,130490,2.0,1493675273
50,48385,3.0,1514238683
606,17,4.0,1171838026
42,1975,2.0,996260407
288,1290,2.0,980535336
91,8961,4.5,1112712003
76,356,1.0,1439165536
387,1753,3.5,1095121727
525,119145,4.5,1476475993
434,589,4.5,1271576437
27,1920,2.0,962685711
120,260,5.0,860070065
603,1684,2.0,954482349
239,8961,4.5,1221158510
336,34162,4.0,1139046805
409,1197,5.0,968979078
91,370,3.0,1112713612
351,4720,3.5,1328290577
448,1101,2.5,1178981120
483,2174,4.0,1178215751
417,6016,5.0,1529284353
298,91622,0.5,1467489735
470,592,3.0,849074736
429,595,5.0,828124615
587,2436,5.0,953138900
597,1541,2.0,941558560
318,97304,4.0,1413722692
115,1580,4.0,944953431
599,1672,2.5,1519172040
318,122906,4.0,1532881156
298,6811,1.5,1467489385
448,1377,3.0,1019124094
7,5991,4.5,1106712818
365,27706,2.0,1489796863
298,79553,0.5,1447517595
419,1573,3.5,1367706583
525,3578,3.5,1476476000
136,44,2.0,832449539
415,903,4.0,1382470095
132,364,4.5,1157921351
351,85342,3.5,1325979370
222,1393,3.5,1391354062
22,4995,3.5,1268727353
233,54286,3.0,1472587447
34,5378,4.0,1162048024
68,5673,3.0,1158533230
357,1271,4.5,1348628295
316,1073,3.0,1111493465
221,1234,3.5,1118246800
221,926,5.0,1111178208
288,2916,3.0,975692044
474,7083,3.0,1129579527
328,109374,3.0,1494210914
608,5502,4.0,1117491425
414,809,2.0,961516093
520,485,4.0,1326609803
292,5816,3.5,1219625075
45,2672,1.0,950741061
584,356,5.0,834987866
603,3577,1.0,963176292
85,1635,4.0,889466979
187,3000,4.0,1161849397
222,673,2.5,1391351885
562,318,5.0,1368892201
441,1241,5.0,1449070677
342,3752,4.0,1042822111
288,2313,3.0,980531720
555,3363,3.0,978748587
509,6550,2.5,1435995022
41,1200,2.0,1459367478
602,805,3.0,840876032
68,2082,3.0,1261624301
599,2872,3.5,1498501391
111,53519,3.0,1519339020
469,552,2.0,965334475
195,2387,4.0,981959828
576,1347,1.5,1358151533
477,4519,4.0,1201158719
200,508,3.5,1229887138
434,2710,3.0,1270606521
271,1225,3.0,1234302654
117,193,2.0,844163102
43,261,5.0,848994079
275,2240,5.0,1049079466
21,88125,4.0,1412967987
97,2019,3.0,1043381994
579,2394,3.0,958881277
232,2005,2.5,1182910468
471,68157,4.0,1496671950
89,5621,5.0,1520408474
28,7481,4.5,1234337756
380,30707,5.0,1493420079
62,110102,4.0,1521489943
465,3724,4.0,959895599
305,56775,3.0,1460136773
39,1197,5.0,974788384
561,2791,4.0,1491091978
156,858,5.0,946798345
344,5502,1.0,1420497143
1,592,4.0,964982271
66,2571,5.0,1093747372
452,2021,4.0,1013398281
249,91630,4.0,1346847646
414,1610,5.0,1023113943
137,2648,3.5,1204863751
603,3324,1.0,953924898
169,7317,4.0,1078284259
137,2393,3.0,1204859063
222,1101,1.5,1391354071
122,778,5.0,1461561523
369,839,2.5,1237081708
457,3798,3.0,993611057
5,357,2.0,847435238
599,8169,3.0,1519144831
556,5816,4.5,1534320982
354,4973,4.5,1200870239
246,1645,4.0,1354125095
177,96610,3.0,1435525128
509,96110,3.0,1435999020
191,337,5.0,829760898
577,2947,5.0,945967393
305,2762,4.0,1460135654
448,4776,3.0,1059899914
217,2019,2.0,956194704
372,1055,2.0,874414588
416,3624,2.0,1187495345
433,47,3.0,1506823900
372,205,2.0,874416493
25,5952,5.0,1535470419
226,1236,4.0,1095663914
534,1580,4.0,1459787997
217,2373,1.0,955941273
361,466,3.5,1204045900
448,122932,2.0,1463332542
318,120478,4.5,1535037621
141,51662,2.5,1513130390
510,2935,4.0,1141159548
82,6338,3.5,1084466483
182,7934,4.0,1085148188
552,541,5.0,1111473071
580,1721,4.0,1167790146
274,1023,3.5,1172269297
332,79132,4.0,1352671661
182,215,4.0,1055157049
42,3646,3.0,996213160
246,41569,3.0,1354145727
182,1240,2.0,1066331265
560,106782,4.0,1469648763
573,1391,1.5,1187044930
105,26347,4.0,1446610558
474,3194,3.5,1053021296
42,1500,5.0,996218348
594,3616,4.5,1108976036
428,3247,1.0,1111523455
356,3753,4.0,1229143508
577,3153,5.0,945965717
19,3248,2.0,965708339
495,216,4.0,1458636085
199,543,3.0,940544279
160,367,5.0,971437089
453,3052,1.0,972623037
45,3484,3.0,959624041
474,1079,4.5,1089386295
322,1608,3.5,1217676823
534,68157,4.0,1459787996
414,4639,1.0,1037630668
418,87869,0.5,1461868253
139,6934,2.0,1453924255
200,913,4.0,1229876484
186,916,5.0,1031073542
525,31658,4.0,1476476503
108,5380,5.0,1042841716
190,5618,4.0,1504310096
391,1173,4.0,1032390083
222,2378,3.5,1391352625
599,838,3.0,1519174106
414,2991,3.0,961515781
305,59900,4.0,1460136917
244,647,1.0,975076228
413,593,5.0,1484439762
274,7930,4.0,1172024262
74,8873,4.0,1207501751
606,927,4.0,1349082838
45,2302,3.0,951170404
448,79592,2.0,1315154579
232,165,3.5,1218166156
358,55052,5.0,1339546102
455,377,4.0,836436222
599,1231,3.5,1498501272
183,1242,4.0,992331344
534,5218,2.5,1459792583
380,1258,4.0,1493420038
608,3735,3.5,1147544025
353,25,4.0,831939875
313,50,5.0,1030476169
380,33004,4.0,1494794343
452,1291,4.0,1013394759
198,364,4.0,1034207302
534,45499,4.0,1459787998
594,7169,5.0,1108975869
46,32,4.0,834788094
89,2935,1.0,1520408337
448,2997,4.0,1039515852
477,671,4.0,1200939242
32,593,5.0,856737081
452,3081,4.0,1013397945
6,316,5.0,845553174
517,4308,1.0,1487953559
249,2231,3.5,1346847554
449,293,4.0,1053200117
474,2517,1.0,1089387529
448,66785,4.0,1291482540
263,4896,4.0,1026158590
600,30810,5.0,1237713647
7,2701,1.5,1106713076
573,5349,5.0,1186589361
20,317,3.5,1054038283
489,920,4.0,1332773977
182,3301,4.0,1055154114
474,5541,2.0,1046887533
307,53129,4.5,1193663307
555,1991,4.0,978823349
486,353,5.0,839537298
232,8958,4.0,1121398663
307,6250,0.5,1186173554
62,97938,4.5,1521489658
15,1214,5.0,1510572684
368,3370,3.0,971276062
361,10,3.5,1204045505
321,380,5.0,843212359
561,4848,2.0,1491095296
448,223,4.0,1059407171
91,3114,4.0,1112713040
227,62644,4.0,1447210918
89,132584,3.5,1520409081
603,3578,4.0,963175947
356,2712,3.5,1229143556
606,48394,4.0,1171375779
226,3,3.5,1095662861
304,3052,3.0,943179156
21,78499,4.0,1412968153
488,3396,4.0,1112382734
249,2355,4.0,1355786913
263,2006,4.0,941591850
282,3263,3.0,1378497851
288,2122,1.0,985627198
1,2193,4.0,964981710
380,1370,4.0,1494803529
166,1221,4.5,1188921623
306,95543,3.0,1518381075
326,3578,5.0,1436898450
219,832,2.0,1200978047
36,1617,4.5,1100803546
590,805,3.5,1258421509
454,4979,4.5,1279480611
84,232,5.0,857653693
414,44694,3.5,1216149162
140,44399,1.0,1160763894
522,66665,4.0,1253981841
305,380,3.0,1460136302
489,7101,2.5,1333832704
380,52952,4.0,1494071658
608,441,4.5,1117408069
365,67923,3.0,1488594822
249,5810,4.5,1346753076
62,2115,4.5,1521822456
219,27831,4.0,1194686244
588,333,4.0,839317014
19,2987,5.0,965709047
167,778,4.5,1154722276
484,6708,3.5,1342297586
491,65230,4.0,1526673124
8,235,3.0,839464076
31,1282,5.0,850467485
153,85885,1.0,1525551278
45,3536,4.0,959624004
610,5903,3.5,1493845441
280,39,4.0,1348532012
486,733,5.0,839537237
414,3175,4.0,961436763
594,11,5.0,1109036973
15,356,5.0,1510571873
317,7361,4.0,1430361476
298,106489,3.5,1447597859
202,1090,5.0,974912698
334,48394,4.0,1225476769
559,592,3.0,845475789
376,4896,4.5,1364994696
590,231,2.0,1258420566
30,4993,5.0,1500370423
469,2851,3.0,965335989
232,5666,3.5,1283133361
382,160980,4.0,1515162521
380,43928,1.0,1494071690
474,6407,2.0,1089387365
141,4979,3.5,1513130978
19,2719,2.0,965705383
474,8684,3.5,1238350150
288,2396,4.0,975693028
352,97752,5.0,1493674533
480,8937,3.5,1179161863
305,2302,5.0,1519571072
580,8370,4.0,1167790390
409,2706,4.0,968978055
480,6932,1.5,1179163354
140,500,4.0,1030559180
230,2081,2.0,1196305116
212,4027,3.5,1523216490
368,1222,4.0,971274692
224,3210,4.0,971811973
240,273,4.0,849122663
607,1265,3.0,963079131
298,7346,2.5,1447598980
202,679,4.0,975014150
301,4995,4.5,1211378223
393,5902,0.5,1430507509
103,78469,2.5,1440773258
100,1407,4.0,1100185876
156,39,1.0,939842934
256,30707,4.0,1446580296
159,31685,3.0,1508641088
73,93326,3.5,1464199611
480,2054,2.0,1179178215
365,2716,3.0,1488332755
53,916,5.0,1237748102
564,106918,3.5,1478453956
570,1258,3.0,1181478000
292,78499,4.0,1293562161
474,1413,4.5,1100119854
19,3081,3.0,965703033
187,31364,5.0,1161849532
369,2231,3.0,1236830416
57,3614,3.0,972175105
599,4361,3.5,1498798167
89,3868,2.0,1520408547
610,55282,3.0,1493848157
381,78637,3.5,1278632718
428,1208,3.5,1111623185
511,103253,3.5,1522155922
436,235,3.0,833529729
110,8014,4.0,1175330195
599,1265,4.0,1498499477
590,34048,2.5,1258419993
533,4973,5.0,1424753646
131,7153,3.5,1349840319
608,4308,0.5,1117490806
91,1241,4.5,1112711920
448,63131,3.0,1261909094
610,103688,4.0,1493849694
6,61,4.0,845555454
230,3114,3.0,1196304509
414,3019,4.0,961517121
382,7153,5.0,1515162241
467,780,2.0,919672355
606,51314,4.5,1228165132
140,3741,3.0,960561635
260,1639,2.0,1109409371
323,110730,1.5,1422640875
561,53322,3.0,1491094388
297,786,1.0,900872507
19,196,2.0,965703915
462,3101,1.0,1171502777
610,96861,2.0,1493850474
604,724,3.0,832080735
414,5812,3.5,1095465993
474,6365,3.0,1087832458
245,1148,3.0,951183163
57,3107,3.0,969754482
415,45722,2.5,1382470393
438,1275,4.0,1105667140
600,1608,2.5,1237709414
346,1193,4.0,1125857385
509,44191,4.0,1435993324
300,112290,5.0,1425351524
275,3108,5.0,1049076680
19,3515,3.0,965703299
212,176101,3.0,1527796034
28,64839,3.0,1240816020
414,5428,2.0,1024928617
606,3094,4.0,1173570115
325,5980,4.0,1039398916
42,2353,2.0,996219131
339,457,4.0,1460868566
232,48043,3.5,1183607522
599,3408,2.5,1498518125
249,1193,4.5,1453079305
561,6537,3.0,1491091655
352,4011,5.0,1494710032
462,910,3.5,1121921373
165,5464,3.0,1046741356
91,784,3.5,1112712276
268,2918,3.0,940183103
95,2009,4.0,1105401108
483,36708,4.0,1204277661
387,344,3.5,1095040472
343,34338,4.0,1202060601
560,593,4.0,1469647247
105,8033,4.0,1446574118
200,6503,3.5,1229888249
74,5300,4.0,1207500833
340,165,4.0,848666356
80,3826,3.5,1377391967
279,5952,5.0,1506394321
82,1573,4.0,1084468108
599,4878,3.5,1498501693
414,1101,5.0,961514217
177,33166,4.0,1435524546
219,57669,4.5,1206231806
604,25,3.0,832080316
249,106696,3.5,1396222978
425,1198,4.0,1085477395
509,66934,4.5,1436101712
560,96945,3.5,1469677624
475,103042,4.0,1498031248
89,81087,4.5,1520409390
116,2657,3.0,1337200381
268,29,5.0,940182766
89,5283,2.5,1520408467
480,46970,5.0,1179165610
555,2574,2.0,978747097
139,102445,2.0,1453924988
414,7346,4.0,1094518942
266,2710,1.0,944892053
400,79132,5.0,1498870346
40,364,5.0,832059644
288,432,2.0,978622726
487,5445,3.0,1428574211
474,5644,4.0,1063631056
448,7258,1.5,1328987046
232,58839,3.0,1209068673
59,2028,5.0,953609057
391,2692,5.0,1030825372
469,1253,3.0,965335350
387,2159,3.5,1206857828
249,37731,4.5,1355677969
425,8798,3.0,1106482650
140,1729,4.0,949666998
608,5065,4.0,1117506631
414,1382,2.0,961516154
263,39,4.0,941590574
21,56775,3.5,1427558186
105,60069,5.0,1446573690
89,125974,3.5,1520409107
19,2490,3.0,965711184
380,6323,5.0,1494071332
13,1590,4.0,987457086
28,736,2.5,1234516417
306,4306,3.0,1518380248
599,1747,3.0,1498521360
23,866,3.0,1107164206
432,7445,4.5,1328050280
274,3362,4.5,1171409347
573,1197,3.0,1186721805
483,357,3.5,1178293205
560,3081,4.0,1469649860
262,296,3.0,840305552
418,4226,3.5,1461865764
175,3791,5.0,1234188252
312,5225,5.0,1043175837
89,121338,4.5,1520409119
438,1267,5.0,1105649963
600,2692,3.5,1237713217
68,2496,3.0,1269123053
58,337,5.0,847718894
305,2706,4.0,1518196166
137,3507,4.0,1204859919
171,32,5.0,866904158
156,539,3.0,946799853
368,2263,3.0,971276831
573,5218,4.0,1186590168
288,1270,5.0,975691813
31,339,4.0,850467366
41,1641,2.0,1458939146
414,5060,4.0,1010588391
59,1244,5.0,953610406
305,7143,4.5,1524488097
113,3103,2.0,980051988
89,61323,2.5,1520408804
42,780,2.0,996220093
136,364,5.0,832449683
480,2628,2.0,1179177670
232,4896,3.5,1218166089
226,532,3.0,1095663331
111,7438,3.0,1516140862
298,55290,3.0,1449592478
330,466,3.0,1285905610
560,4011,4.0,1469647845
318,64839,3.5,1299244386
33,1888,4.0,939716559
446,520,1.0,843839522
610,163981,3.5,1493850155
590,3578,4.5,1258416547
34,6711,5.0,1162049178
377,6270,4.5,1340343319
365,113453,3.5,1491088217
100,3,3.5,1100183804
68,2023,3.5,1158533286
448,3422,3.0,1019128089
603,3317,5.0,953927186
387,2858,4.5,1161500347
290,3006,4.0,975031095
525,53996,2.0,1476480954
298,1208,4.0,1450452231
488,1293,2.5,1112382254
80,100383,4.5,1377309093
588,454,3.0,839316278
226,2059,3.0,1097545963
380,2997,4.0,1493473888
606,39183,4.5,1171325804
20,2137,4.5,1054038124
19,3264,3.0,965705040
534,4958,3.0,1459788690
381,2716,4.0,1164876941
318,127204,4.5,1449338423
453,736,3.0,972622202
170,597,4.0,840381092
202,1610,4.0,974918588
557,1210,3.0,1452797322
307,505,2.0,1186173005
336,110,4.0,1122227307
226,648,3.5,1095662638
339,114180,3.5,1460518979
451,736,3.0,854089165
368,3753,3.0,971274957
585,6016,5.0,1307417172
182,36,4.5,1063289589
600,5283,2.0,1237760206
219,3617,2.5,1195349155
202,2018,4.0,975015867
546,608,2.0,973588348
274,2137,3.5,1171828197
297,170,1.0,900875950
534,8640,4.5,1459795358
232,41566,3.5,1218166212
456,5,3.0,856883349
448,6996,1.5,1074423673
288,1256,4.0,978559002
562,2459,4.0,1368897337
495,104,4.5,1458635979
516,480,4.0,994624770
610,5902,4.0,1493847031
232,4649,2.5,1218164471
380,2085,3.0,1494803881
602,592,4.0,840875507
232,10,3.0,1218167397
535,2724,2.0,939028733
599,2323,3.5,1519237651
182,3045,5.0,1055155063
414,2321,5.0,961438248
603,3732,4.0,1000194500
606,2710,2.5,1172013777
88,5995,4.5,1331421739
419,3147,4.5,1321757440
298,68659,0.5,1447517739
65,527,4.0,1494767109
414,3898,1.5,1073680700
174,350,4.0,848487116
274,60979,2.5,1245056033
294,431,4.0,966597541
346,3083,4.5,1125858344
601,152081,4.5,1521398260
177,54276,3.0,1435838090
156,2511,5.0,946798434
489,2001,3.5,1334170606
387,1230,5.0,1142665399
105,59315,3.5,1446571742
380,63222,4.0,1494697213
304,1876,4.0,921631965
432,597,4.0,1316391561
156,4728,2.5,1106854194
325,1863,2.0,1039395668
474,2707,3.0,1060105250
103,593,5.0,1431954229
469,671,1.0,965335463
177,86487,4.5,1435803472
32,410,3.0,856737082
6,225,4.0,845553381
504,4306,4.5,1063644632
387,4447,2.5,1132473400
414,6517,3.0,1073680553
182,4452,3.0,1055155084
334,6242,2.0,1225476898
599,6888,1.5,1498505002
380,2640,4.0,1494803540
414,4900,4.0,1023113988
318,5618,4.5,1424546834
91,2081,3.0,1112713827
347,1,5.0,847645986
567,63062,3.5,1525286181
332,30793,3.5,1352672158
59,3448,5.0,953608587
42,2918,4.0,996258118
483,1270,4.5,1178215197
431,555,5.0,1267051782
34,31685,2.0,1166464153
599,8861,2.0,1498511009
182,543,3.5,1054779684
318,128360,3.0,1456621336
515,50,4.5,1513678307
28,1653,3.5,1234572121
50,137857,2.0,1514239521
318,136024,3.0,1455886225
610,3681,5.0,1479544793
306,166461,4.0,1518380328
380,179119,4.0,1536872796
414,650,3.0,961516716
372,41,4.0,874415991
599,1777,2.5,1498515681
331,30825,2.0,1537158402
83,110,4.0,1332840449
322,1230,3.0,1217676694
571,2548,2.0,966901288
382,60756,1.5,1515162339
483,1234,4.5,1215542614
294,2799,1.0,966597326
414,4765,4.0,1020780369
489,367,1.5,1334169929
424,1343,4.5,1457846226
599,6764,2.5,1498511748
298,91658,2.0,1449589056
292,1136,4.0,1219625093
167,3552,4.0,1154721726
411,553,5.0,835532346
567,102445,2.0,1525288448
261,68237,5.0,1404881308
140,6874,2.0,1115290612
307,1288,3.0,1186161725
288,2176,3.5,1054568342
305,2628,2.0,1511718989
389,832,5.0,857934552
446,357,4.0,843839327
68,58299,3.0,1240093250
425,1721,3.5,1085477546
310,750,4.0,1078647809
448,3633,3.5,1091701887
503,48516,4.0,1335219479
28,2193,3.5,1234337742
590,1206,3.0,1258420840
525,2858,4.0,1476476361
220,33493,4.0,1230060121
372,1198,5.0,874417242
6,224,3.0,845553794
104,79702,3.0,1377129885
599,3683,3.0,1498523275
23,29,4.0,1107341574
282,37741,4.5,1514068425
292,4701,3.0,1017364587
132,5620,2.0,1161799481
436,362,3.0,833530341
241,112556,3.5,1447537044
475,6534,4.5,1498030845
462,1089,3.5,1123893698
34,44974,4.5,1166463868
187,1206,4.0,1161849504
462,2410,1.5,1123892543
136,95,4.0,832449391
375,3578,5.0,1225314336
221,7063,3.0,1119984546
525,3000,4.0,1476478155
489,21,2.5,1333101507
455,500,3.0,836436259
417,288,4.0,1529375079
387,7982,4.5,1137222347
465,3723,5.0,959895645
606,263,4.0,1171328200
387,2011,2.0,1095040641
448,1608,3.0,1019132896
129,6333,4.5,1167375988
249,71530,3.0,1353801285
177,70336,3.0,1435836926
462,26838,3.0,1163121688
104,2683,3.0,1048590064
387,906,3.5,1117430420
168,3788,4.0,1306806646
610,99114,4.5,1493844914
541,357,4.0,835643287
599,1252,3.5,1498797995
334,1265,4.0,1225477782
606,5364,3.0,1181509277
105,86345,4.5,1526207720
381,6378,4.5,1165975393
362,593,5.0,1530637220
40,273,1.0,832059458
166,17,4.0,1190828781
182,3265,2.0,1066639736
220,48774,5.0,1236500511
580,8254,3.5,1167792395
382,79132,5.0,1515160650
606,2019,4.0,1190466613
351,5464,4.0,1328889117
483,8529,4.0,1215545278
376,2700,3.5,1364994623
467,1183,5.0,919671976
354,2947,4.0,1200869887
610,2959,5.0,1479541966
434,1391,3.5,1271039399
448,134881,4.0,1472153260
606,7327,3.5,1173392238
391,2746,4.0,1032648752
169,1580,3.5,1059428179
105,116411,4.5,1446572972
420,8641,3.5,1218036980
103,6565,4.0,1431969414
287,187,4.5,1110230894
305,55721,5.0,1460304582
599,2616,4.0,1498499127
202,2752,2.0,974925621
448,4848,3.0,1069097404
63,1222,2.5,1443199857
19,2245,3.0,965706592
249,6880,2.5,1415415795
393,72998,0.5,1430506458
561,589,4.0,1491090844
251,47,5.0,1470677268
325,2699,4.0,1039395636
307,2724,1.5,1186162500
600,1394,2.5,1237858373
365,96588,1.5,1489797255
36,1358,2.5,1100803352
334,4963,3.5,1229960358
226,45722,2.5,1197925645
91,4007,3.5,1112716630
292,87869,4.5,1421974091
603,574,3.0,963180134
105,7587,4.0,1448647629
448,140725,3.0,1462187665
350,661,3.0,864941080
256,780,4.5,1447011355
474,5603,4.0,1108868174
414,32029,2.5,1139849078
263,2324,5.0,1120071512
58,248,3.0,847719411
477,2288,5.0,1200942180
436,315,3.0,833529680
610,65514,4.0,1493846240
341,1,5.0,1439750939
225,1196,4.0,949111054
249,7007,4.0,1353801040
590,2268,4.0,1258419814
414,152081,4.0,1485656079
493,876,5.0,1001562382
111,5874,4.0,1516153658
95,3968,2.0,1043340134
19,1717,3.0,965705195
274,76077,3.5,1284685255
177,27773,4.0,1435524724
232,7324,3.5,1218166066
57,589,4.0,965798703
123,112556,4.5,1447292383
169,6874,3.0,1070250060
249,1682,3.5,1346757637
572,953,5.0,945889698
326,5577,4.5,1322250928
105,84156,4.5,1446573186
422,5004,4.0,1010279243
414,69526,2.5,1246413702
220,3147,4.0,1230061554
365,46578,2.5,1488332739
463,3753,4.0,1145460023
460,6539,4.0,1359177684
274,51498,3.5,1224748101
274,3484,3.0,1171932075
142,296,5.0,838931920
64,3994,4.0,1161520726
68,762,3.0,1261622750
409,1193,5.0,969058201
260,6713,2.5,1109410242
356,21,3.5,1229140823
143,3793,4.5,1444769160
22,1952,5.0,1268330620
332,589,3.5,1352672321
210,123553,1.0,1522173402
200,62299,3.5,1229876803
304,1136,4.0,891173173
100,1277,4.0,1100184258
95,5810,4.0,1043535872
326,99114,4.5,1419880681
45,2706,4.0,950728042
610,52241,4.0,1493847722
368,2278,3.0,971275863
195,904,5.0,974707463
304,1265,5.0,891173317
434,2791,3.5,1270606770
169,1367,3.0,1059427276
232,59315,4.5,1210210326
600,256,2.0,1237707879
608,231,3.0,1117504309
543,4226,5.0,1377023031
174,333,4.0,848487280
63,7132,4.0,1443201026
226,3578,4.0,1095662436
128,1356,4.0,899033437
480,40581,1.5,1179165217
274,78499,4.5,1284686435
477,40815,3.5,1269832366
588,292,3.0,839316184
609,150,3.0,847220802
240,158,4.0,849122528
125,105213,4.5,1474295525
79,1189,5.0,975281591
391,2568,2.0,1030825299
385,1222,4.0,865025772
448,151501,1.5,1489778733
414,5446,3.5,1067618234
28,6947,3.5,1234515870
204,4226,4.5,1327183205
256,3247,4.5,1447000206
414,2458,3.0,961596684
414,8783,3.5,1122932067
38,150,4.0,841341161
198,357,5.0,1034136733
249,7254,4.0,1498391927
195,2908,3.0,974709882
567,102880,0.5,1525289735
503,87413,3.0,1335232865
119,112183,3.0,1437814564
469,2273,4.0,965334169
599,3448,2.5,1498532568
290,2066,4.0,974938560
453,318,5.0,972621207
474,8609,3.5,1201833138
332,4034,3.5,1352672466
122,4963,4.0,1461561478
590,1027,3.0,1258416920
298,1882,0.5,1476643184
230,2080,2.0,1196304120
298,4102,4.0,1449756385
524,1049,4.0,852404531
217,546,3.0,955941703
182,3328,5.0,1054780409
249,1079,4.0,1347317480
45,1240,3.0,950740818
368,748,2.0,975829889
465,1256,4.0,959896573
198,265,5.0,1034136756
21,69526,3.5,1468113535
377,2124,4.0,1340342782
599,223,3.5,1498500829
306,134368,5.0,1518380228
477,1779,3.0,1200947001
177,5991,4.0,1435524552
381,7361,4.0,1200824433
28,2023,3.5,1234516183
256,2571,4.5,1446579700
50,174737,3.0,1514240504
288,6936,4.0,1108393065
66,357,5.0,1113190299
212,188751,4.5,1532362151
1,733,4.0,964982400
382,114713,3.5,1515249359
330,1673,4.0,1285905689
191,111,5.0,829759809
157,3617,3.0,992480036
305,81591,3.0,1460134106
304,2396,4.0,918377405
307,8970,4.5,1189457300
125,27773,4.5,1474381667
18,106487,4.0,1455051107
357,915,3.0,1348610981
209,2571,5.0,1524522373
425,4034,4.0,1085490756
334,2968,3.0,1225477260
580,2355,3.5,1167792353
414,2089,4.0,961519060
605,63992,3.0,1277176508
226,2009,3.5,1099624085
385,1291,5.0,865025717
182,1687,4.0,1054782559
219,2353,3.0,1194681117
483,6442,5.0,1415579154
210,4306,4.0,1473881922
594,367,4.0,1109036766
211,1223,3.5,1350911995
599,410,2.5,1498516121
477,3552,5.0,1200942112
482,4367,4.0,1105396555
63,79132,3.5,1443200448
606,1059,4.5,1171365182
362,81782,3.5,1530637996
489,3969,4.0,1333231887
112,50,5.0,1442535839
550,122904,5.0,1488728439
168,6662,4.0,1306802295
249,89804,3.5,1347317726
305,968,5.0,1463503095
474,2953,1.0,1046886941
202,2476,4.0,974919155
566,368,4.0,849006071
105,134095,5.0,1526208073
381,36401,3.5,1164877018
554,718,5.0,944903402
186,377,4.0,1031072855
201,2762,5.0,939224189
436,371,3.0,833530285
160,253,3.0,971620157
356,1235,4.5,1228072625
23,1175,4.0,1107163646
573,2762,4.0,1248842677
2,106782,5.0,1445714966
47,2291,2.5,1496212183
381,7147,3.5,1164876883
474,5995,4.5,1054300218
249,3753,4.0,1356439422
474,4427,3.5,1100119979
381,588,4.0,1164877236
608,34048,4.5,1147211844
475,53121,3.5,1498031167
160,3683,5.0,971113406
380,1333,4.0,1494803655
153,109374,4.0,1525548490
182,2427,5.0,1054780780
213,59615,3.5,1316196834
480,2321,4.0,1179178208
571,1995,1.0,966900972
195,4280,4.0,1008559202
21,81834,3.0,1427558206
387,44761,4.0,1149233265
28,55820,4.5,1234338039
438,8529,2.0,1105665814
599,178061,3.0,1516604819
266,2539,4.0,945669709
606,1041,4.0,1171811645
359,54259,1.0,1194402847
20,5015,4.0,1054037122
437,176,5.0,859722162
42,1474,2.0,996256020
233,104211,2.0,1529334326
610,98499,3.0,1479542450
580,2329,4.0,1167789610
380,105731,3.0,1494709191
21,122892,3.5,1441392878
474,6269,4.5,1064007586
206,1073,3.0,850763367
236,2459,4.0,943013896
28,5617,2.0,1234340430
341,117529,4.0,1439751048
438,5507,3.0,1105664661
64,377,3.0,1161520155
487,4963,2.5,1428649983
434,4262,4.0,1270603516
47,1021,2.0,1496206083
274,65,3.0,1171829616
124,480,3.5,1336423441
514,1998,1.5,1533946626
47,96588,1.5,1496206818
414,86190,4.0,1511537178
474,8754,4.0,1189991007
176,434,4.0,840108793
524,442,3.0,851608960
105,6711,3.5,1446572030
590,5349,3.0,1258420945
111,8533,2.5,1516141086
474,6965,3.5,1077890823
489,56367,3.0,1332772643
482,648,4.0,1105396863
283,356,5.0,901228020
64,3785,2.5,1161559652
562,337,4.0,1368893775
185,3114,3.0,1044311119
307,4771,1.5,1186258097
19,1676,2.0,965709622
18,2951,4.5,1455735323
527,1035,5.0,1033173992
551,4226,3.0,1504320903
401,551,3.5,1510450771
115,2921,5.0,970838955
571,2793,2.0,966900860
608,7090,4.0,1147794874
7,8368,2.5,1106636592
477,1207,4.0,1200940973
587,910,4.0,953137911
241,53123,3.5,1447536748
602,29,2.0,840876620
487,7361,4.0,1428574235
263,802,3.0,941591735
274,410,2.5,1171934780
414,379,2.0,961515325
64,4343,2.5,1161565840
420,7153,4.5,1218041554
477,4734,4.0,1200941771
485,253,1.0,837943350
600,1036,3.0,1237859371
509,28,3.5,1436031727
562,2571,5.0,1368892301
357,1197,4.5,1348610271
428,1206,4.5,1111487889
51,3968,3.0,1230930111
448,89492,4.0,1355584097
448,96737,2.0,1382793786
80,3300,4.0,1377308260
602,141,4.0,840875901
74,2243,3.0,1207499231
140,185,3.0,1085569703
483,6322,4.0,1204277876
419,4022,4.5,1321647792
474,3798,1.5,1053021949
19,720,4.0,965708982
495,39446,0.5,1458636797
606,6671,4.0,1171737038
274,36529,3.5,1284685446
305,1261,4.5,1527848118
480,8636,5.0,1179163601
585,81932,4.0,1307417546
597,1101,5.0,941729698
387,6793,1.0,1095119726
514,89492,4.5,1533873024
599,5010,2.5,1498513889
202,608,4.0,974912414
438,30822,3.0,1105826886
474,2405,3.0,1046881197
131,58559,4.0,1349840215
600,4886,3.0,1237761503
44,494,4.0,869251910
122,551,5.0,1461562043
367,3825,4.0,997813277
599,2311,2.5,1498518192
20,837,4.0,1054038259
249,98239,2.5,1363055707
599,4920,2.5,1498516824
93,1049,4.0,942946208
83,64983,4.0,1333170197
414,3616,2.0,979568982
552,2916,3.5,1111473045
610,3999,3.0,1493846122
219,53125,4.0,1194932248
7,8961,4.0,1106636064
287,62,2.0,1110231040
191,303,1.0,829760898
372,293,4.0,874415440
594,5909,0.5,1108950778
1,2985,4.0,964983034
555,1215,5.0,978748827
308,71033,1.0,1421374243
469,3418,4.0,965333750
453,858,4.0,972621643
435,2353,4.5,1366675820
57,227,1.0,969754641
68,6564,3.0,1158535887
359,1416,3.0,1192499568
148,112175,2.5,1482548721
608,44191,4.0,1147964276
77,7438,2.0,1535107546
230,661,2.0,1196304098
63,912,4.0,1443201230
331,3535,5.0,1537157975
125,88140,3.0,1474295360
274,3489,3.0,1171758871
586,2916,4.0,1529903482
21,1214,1.5,1419795364
177,68793,4.0,1435837260
414,3079,3.0,965742502
260,6385,3.0,1109410878
474,6536,3.5,1071842775
488,34,3.0,1112382292
370,4226,3.5,1159164366
532,4210,5.0,1025523872
136,410,3.0,832449274
82,3948,4.0,1084466246
181,281,3.0,845470644
239,51662,4.0,1221158222
462,1196,2.5,1123893572
91,1337,4.5,1112712688
414,48738,4.0,1176919805
353,333,5.0,831939914
100,3259,4.5,1100186037
220,3159,4.0,1238532906
249,6155,3.0,1415415479
28,3328,4.0,1242288907
104,7050,4.0,1292699703
559,780,5.0,865095875
10,588,4.0,1455306173
525,34072,3.5,1476477231
115,3081,3.0,970423896
414,2883,4.0,961437391
115,368,4.0,944951378
509,551,4.0,1436101370
325,29,4.0,1039398353
139,33004,2.0,1453924506
21,109374,3.5,1403460482
42,4007,5.0,996258563
339,48322,5.0,1460184199
401,4886,3.5,1514346115
597,1082,4.0,941640588
590,3362,3.5,1258429289
525,2100,4.0,1476480786
74,949,4.0,1207502365
20,4090,3.5,1054038271
273,593,5.0,835799051
560,1208,4.0,1469647925
17,2005,4.0,1305696258
587,515,5.0,953141680
220,3994,3.5,1230061848
414,7324,3.0,1216149526
240,338,5.0,849122897
177,185,2.5,1435533725
344,3949,0.5,1420495413
199,1889,4.0,995165354
38,454,4.0,841341295
182,1726,3.5,1075859227
599,1196,5.0,1519029372
387,8807,3.5,1151910123
560,37733,4.5,1469650578
217,1677,2.0,955944348
95,1748,4.0,1043339544
161,1148,5.0,1186073273
288,3507,3.5,1079984124
18,110,4.5,1455050170
331,69757,4.0,1537158010
288,2919,3.0,979163941
357,1994,3.5,1348610798
51,3785,3.5,1230929455
419,97304,1.5,1367466478
610,135569,3.5,1493846966
232,2706,3.5,1218178120
330,70286,4.0,1285904848
453,292,4.0,972622184
292,780,4.5,1265680352
339,114662,4.0,1460518984
259,3996,0.5,1146845363
104,94833,4.0,1351210039
96,3060,5.0,964773160
600,4814,1.0,1237852084
436,435,3.0,833529660
474,4171,4.0,1106575103
370,4993,4.5,1159163419
68,72998,5.0,1261622471
182,3483,2.5,1066666941
275,441,4.0,1049076538
448,4011,4.0,1035980807
525,79132,4.0,1476475918
19,2802,3.0,965711413
474,2966,4.0,1104518812
603,1278,5.0,953925452
333,337,3.0,965671389
140,1250,5.0,942841937
474,44555,3.5,1189990767
307,94,3.5,1186086089
453,1873,3.0,972622637
318,103249,3.5,1417279833
274,7090,3.5,1177012939
307,3063,1.0,1186173320
199,1272,5.0,1095331581
349,349,5.0,834750363
100,2513,2.0,1100186111
27,3508,4.0,965150115
42,318,4.0,996217804
274,5528,3.5,1197014107
88,4963,4.5,1331421775
391,527,5.0,1030827772
239,44665,5.0,1221159341
63,4105,3.0,1443200241
480,377,3.5,1179177648
232,6764,3.0,1218166894
17,2194,4.0,1305696788
477,64839,4.5,1269832300
191,347,5.0,829760897
171,471,3.0,866905683
236,2718,3.0,943015211
539,6539,4.5,1332475016
153,97921,3.5,1525548446
438,719,3.0,1105667200
303,1127,3.5,1053303232
288,5816,3.0,1052234857
365,5995,1.0,1488332538
298,5220,0.5,1447599631
380,88699,4.0,1494636145
414,1210,5.0,961436248
337,14,3.0,860255866
453,2542,5.0,972622737
489,4474,4.5,1333831871
156,1617,5.0,939897861
318,3992,4.0,1422525001
275,2069,5.0,1049076150
377,5468,5.0,1340342311
215,58047,4.0,1260909147
105,72356,4.5,1446572736
414,79132,5.0,1281973850
89,79684,4.0,1520409076
555,1259,5.0,978820487
329,1252,2.0,1523468350
448,5400,3.0,1030693516
20,3189,3.5,1054037310
599,6539,2.5,1498516218
202,5060,4.0,974923564
57,3937,2.0,969752936
66,6617,4.5,1113190436
448,3911,3.0,1040379687
606,639,4.0,1171327426
195,6,4.0,974705807
532,4863,2.0,1025523292
603,2717,2.0,963176863
391,1619,2.0,1031030749
448,110611,2.5,1438542786
552,2890,4.5,1112151418
191,236,3.0,829760897
248,45722,4.0,1534592056
599,2188,2.0,1519234279
234,2028,3.0,1004407958
561,8783,3.0,1491094570
166,5690,5.0,1188774618
426,4022,3.5,1451081196
177,2722,2.0,1435978335
274,5219,4.0,1171759397
522,82461,5.0,1297482357
603,2512,5.0,953926692
608,6827,0.5,1117519648
522,3994,3.5,1325711238
590,2406,3.5,1258421185
45,1028,4.0,1121724907
601,50872,5.0,1521398256
438,5055,4.0,1109902333
594,186,3.5,1111977569
274,30707,4.0,1171491999
606,912,4.5,1171237188
425,5528,3.0,1117290437
560,82202,1.0,1469655294
559,594,3.0,845476142
469,1754,4.0,965334475
434,5378,1.0,1270606584
298,1196,4.0,1447516843
57,1266,4.0,965798574
21,49286,3.5,1417378121
166,1210,5.0,1188926273
414,3986,1.5,1073679748
454,1969,2.0,1279476680
221,8623,4.0,1111178291
381,55259,1.0,1197247550
337,76,5.0,860256043
477,551,3.5,1200940045
288,2098,3.0,976120738
305,1207,4.5,1460135352
226,6298,3.0,1095712971
600,3481,3.0,1237851143
563,81591,4.0,1450727682
182,4446,3.0,1126562118
221,1219,4.5,1119983925
330,2858,4.5,1285904035
563,118900,3.5,1448076517
219,293,4.0,1194685979
136,442,3.0,832449858
217,2396,2.0,955943302
448,4677,3.0,1019128521
480,6156,3.0,1179165527
59,1610,4.0,953609121
103,4262,5.0,1431957877
267,2396,5.0,959808960
188,1035,5.0,962560143
177,3785,3.0,1435524543
610,4533,4.0,1495959025
489,4023,1.0,1333232308
474,6863,3.5,1078495443
483,103235,4.5,1415575928
63,4262,2.5,1443199912
555,2985,4.0,978822296
19,3744,2.0,965702866
313,5540,5.0,1030475459
31,1391,5.0,850466810
136,170,4.0,832449755
195,16,4.0,974705903
105,5816,3.5,1446573675
263,1225,4.0,1120071547
292,103772,3.5,1421974631
249,66171,3.5,1358130130
465,1769,4.0,959896322
600,337,4.0,1237742661
110,541,4.0,1175329865
212,77800,4.0,1503761720
599,132362,3.5,1498531434
590,7569,3.0,1258427656
474,8607,4.0,1181347995
198,5445,5.0,1034135416
292,1663,3.0,1323631949
412,1307,5.0,939114438
483,4995,4.5,1415579293
599,1689,1.5,1519144478
586,527,2.5,1529899262
4,1265,4.0,964622684
323,364,4.0,1422640389
107,161,4.0,832003700
152,77455,4.0,1450867906
18,30793,4.0,1455050800
232,31225,3.5,1218166206
438,6721,4.0,1105664305
221,8873,4.5,1111178509
446,509,3.0,843839360
359,2396,3.0,1198112749
330,5294,4.0,1288837247
274,4011,2.5,1171172765
605,4639,4.0,1277096718
321,349,3.0,843212719
474,2018,3.0,983032248
482,30707,4.5,1105397075
489,308,3.5,1333234505
27,1222,1.0,962684822
121,19,2.0,847656045
448,112804,2.0,1454778777
311,5992,4.5,1057854687
298,3698,2.5,1450452365
122,4148,4.0,1461562249
474,1135,2.0,1046887386
610,147662,3.0,1479544214
328,5952,4.0,1494212029
380,19,5.0,1493667522
202,1197,4.0,974921250
414,743,2.0,961438887
159,1784,2.5,1508640296
177,59501,3.0,1435526838
345,1244,4.0,1342826733
140,6887,3.5,1079472527
561,596,4.0,1491091223
217,2990,3.0,955936099
462,4361,2.5,1370129430
438,3861,3.5,1105654107
230,339,2.0,1196304751
511,7153,5.0,1450093990
68,87430,3.5,1312685419
247,912,4.0,1467665453
560,52281,4.0,1469650582
555,3354,3.0,978842077
477,60756,4.0,1234150559
328,1394,3.5,1494210555
448,5414,2.0,1027666620
450,1193,5.0,974705774
373,471,5.0,846830388
299,188,2.0,974620151
239,1197,4.5,1221158369
360,1711,5.0,884997735
462,69306,3.0,1310786038
354,586,3.0,1200870590
380,5952,5.0,1493423201
606,60069,4.0,1227191783
199,1909,3.0,940456648
387,7004,2.5,1094942252
552,3753,2.0,1111473133
292,3827,3.0,1017364566
564,63479,4.0,1478453985
380,587,3.0,1494803428
608,44,0.5,1117504562
274,5064,3.5,1177013754
599,3476,4.0,1498499581
464,1221,5.0,1275549682
610,103228,4.5,1493845597
274,653,3.0,1171492833
346,6711,3.5,1172692415
380,231,4.0,1494278654
466,33679,4.0,1439915504
448,586,3.0,1019126928
380,2401,4.0,1495475805
172,7438,4.0,1291065648
42,1976,2.0,996260489
522,1617,3.5,1301727602
400,1221,4.5,1498870513
464,2019,3.5,1287403857
10,73017,3.0,1455356691
102,21,3.0,835876107
122,3175,4.5,1461562375
275,4235,5.0,1049076289
105,159811,5.0,1526207290
534,87529,3.0,1459796391
380,32456,4.0,1495475952
249,86332,4.0,1346847760
599,562,2.0,1519178517
339,88129,3.5,1460185362
287,2633,2.0,1110230823
515,3147,5.0,1513601970
456,9,4.0,856883450
295,44555,5.0,1320064813
391,500,4.0,1030826537
84,45,4.0,858772239
80,431,4.0,1377308567
93,329,5.0,942946340
268,2344,4.0,940193753
474,8119,3.0,1084884411
599,4880,3.0,1519240033
525,3489,3.5,1476480779
19,1924,2.0,965703973
420,3979,3.0,1218039768
368,2412,2.0,975830312
169,934,5.0,1059428008
610,1858,3.0,1479542357
182,6334,2.5,1085148334
168,1086,5.0,1306801729
219,1265,3.5,1194686292
367,1387,4.0,997811377
275,4903,4.0,1049077590
438,2712,3.0,1105666982
408,65514,4.0,1468361145
582,4993,3.5,1446792639
156,6953,4.5,1106854130
184,109487,5.0,1537099534
199,380,3.0,940544360
24,3147,4.5,1458941985
434,799,3.5,1270602491
483,180,4.0,1327277884
182,1265,4.5,1054783243
11,170,4.0,902154621
605,54259,4.0,1277175689
561,2797,4.0,1491091059
108,5502,2.0,1042839211
448,87483,2.0,1346610995
9,5956,4.0,1044656962
534,736,3.5,1459795340
221,7728,4.0,1111177819
448,61352,3.5,1314445026
603,2262,3.0,953928124
414,6696,2.5,1072571764
603,3300,4.0,953924838
21,119964,2.0,1419794135
73,1732,5.0,1464267306
489,30816,3.5,1333658013
419,31410,4.5,1321854960
169,3033,4.0,1059427267
380,3114,5.0,1493473886
483,2231,4.0,1178213193
452,4814,4.0,1019580504
474,8949,4.0,1112965884
525,66097,3.5,1476476653
67,1270,4.5,1501273836
483,94810,5.0,1415577575
610,3108,4.5,1479543364
368,3740,2.0,975829427
169,6586,4.5,1070250522
29,3441,3.5,1307906080
89,59258,3.5,1520408646
469,3022,5.0,965425244
590,2654,3.5,1267152630
271,37386,2.5,1234302436
233,122904,3.0,1529333424
138,59103,4.5,1222676542
249,3268,3.0,1356439384
290,750,5.0,975030570
64,3247,3.5,1161564529
169,7147,4.0,1075135311
179,208,3.0,840907511
428,4734,3.5,1111489171
572,2145,2.0,979923914
610,3744,3.0,1493847444
509,7045,3.0,1436027388
141,68954,5.0,1513129898
129,3578,4.5,1167375964
117,524,3.0,844163712
398,1028,5.0,1311207219
168,596,4.5,1306793334
116,541,5.0,1337199338
307,5349,4.0,1242822663
314,592,3.0,834241286
251,296,5.0,1470676717
356,30810,4.0,1229140476
428,6874,4.5,1111487711
530,356,5.0,843226801
160,1225,2.0,971113406
606,7149,4.0,1171405263
212,72641,4.0,1490115555
455,356,5.0,836436083
156,922,4.0,1106854096
28,3408,3.0,1242290472
593,41566,2.0,1181008172
599,928,4.0,1498528449
227,46578,4.5,1447210140
163,1485,3.0,894217532
233,63082,3.5,1448815831
42,1393,4.0,996218988
266,2791,1.0,944891402
160,150,5.0,971620081
318,27660,3.5,1414922235
57,849,2.0,965799010
597,1945,4.0,940362198
543,86882,5.0,1377022611
84,1305,3.0,860397530
368,2947,3.0,975828964
42,3146,3.0,996221653
190,4886,4.0,1504310027
375,597,3.0,1225314361
274,1862,3.0,1171932499
276,837,4.0,858350916
369,2174,3.5,1237082876
91,231,3.0,1112713266
298,7373,4.0,1447598409
219,27660,4.0,1195349051
369,1500,4.5,1237081565
45,3147,5.0,950723180
131,4011,3.5,1349840633
232,42007,3.0,1218166922
111,101142,3.5,1516151905
380,3267,4.0,1494804428
186,2116,4.0,1031080005
484,780,3.0,1342295820
489,37857,3.5,1333832555
448,4979,3.5,1070384303
414,2083,4.0,961681268
414,1784,5.0,961438476
528,40697,0.5,1391736467
432,1653,4.0,1316391028
236,2447,5.0,943015019
105,107408,4.5,1526207117
220,223,5.0,1230055143
509,6593,3.0,1435992810
477,54004,4.0,1200946440
218,1673,5.0,1111624901
321,371,3.0,843212762
438,48780,4.0,1162175473
187,500,1.5,1161872595
222,26732,4.0,1391353980
600,2085,3.0,1237713403
564,119145,4.0,1478451929
325,4086,3.0,1039399558
414,3535,4.0,974736967
232,1291,3.5,1218166035
111,3489,3.5,1516156038
487,50872,3.0,1428574591
500,2599,4.0,1005527784
318,71106,3.0,1414922422
95,6378,3.5,1071803850
480,552,2.5,1179178947
304,2490,4.0,946615654
308,45499,2.0,1421374165
605,61401,2.5,1277176971
8,367,3.0,839463564
57,3334,5.0,965796471
18,2028,4.0,1455209855
382,7149,3.5,1515175094
21,2002,3.5,1418847031
267,1197,5.0,959807660
489,5388,2.0,1333022339
105,107410,4.0,1446574248
489,1619,3.0,1333233477
132,7022,3.5,1329983555
414,3000,5.0,982596920
219,5110,4.5,1195945024
68,66934,5.0,1261623340
443,56174,4.0,1420236590
282,592,3.5,1378496919
49,139385,4.5,1493093206
68,1124,2.0,1269122828
608,1562,2.0,1117504777
555,1503,4.0,978748249
103,4734,4.0,1431968881
393,91529,5.0,1430507085
279,80463,3.5,1506395637
219,1923,2.5,1194681102
239,1200,4.0,1221158430
129,653,3.5,1167377810
542,3949,4.0,1163388025
351,90376,3.5,1326026325
555,633,5.0,978746353
316,168,1.5,1111493108
328,858,5.0,1494206973
19,15,2.0,965710039
314,236,3.0,834398414
564,6155,3.0,1478451840
288,1020,3.0,978559784
239,208,2.5,1221158495
292,32,2.0,1019516667
308,434,1.0,1421374374
593,1476,4.0,1181007207
2,58559,4.5,1445715141
219,8644,3.5,1194932075
597,2002,2.0,941558258
599,5016,3.0,1519243183
305,3994,3.0,1534613248
534,551,4.0,1459792411
448,2124,3.0,1019563464
529,711,3.0,855583519
354,8360,3.5,1200870514
425,6016,4.5,1163190805
368,3922,1.0,971274103
555,1088,4.0,978822670
109,25,5.0,841108589
288,55768,3.0,1256658049
410,154,4.0,990729131
161,4571,5.0,1176746340
179,377,5.0,840907679
528,55721,5.0,1391734979
610,168248,5.0,1493850091
94,21,3.0,843406846
428,1580,1.5,1111525503
182,6,4.5,1054782012
448,82202,1.5,1325083670
98,88163,5.0,1532457701
108,2395,5.0,1042840227
366,6942,3.5,1445546443
574,300,3.0,834634504
230,377,3.0,1196304529
125,112623,4.0,1475446231
68,1805,3.0,1261622881
480,37729,3.5,1179161283
73,126548,2.5,1464198475
552,2628,3.5,1111473043
298,39444,2.5,1447599585
288,1806,2.0,978468441
243,420,4.0,837155193
89,73042,5.0,1520408841
182,1672,2.5,1075765162
516,2268,3.0,994625146
247,91529,4.0,1467644141
356,3253,4.5,1229141088
153,2378,0.5,1525552641
385,1201,3.0,865025755
244,1957,5.0,975075399
599,6932,2.5,1498516747
480,1347,1.5,1179159571
466,6874,3.5,1439915264
428,4270,1.0,1111623482
560,6873,4.0,1469651030
380,12,4.0,1493668065
160,434,3.0,971115520
471,356,3.0,1496669561
603,322,4.0,963178417
377,5288,5.0,1340347427
28,55721,3.5,1234340956
199,1645,2.0,954193151
541,551,3.0,835643304
489,3408,3.0,1332773108
474,2726,4.5,1090241137
599,5816,3.0,1498525316
414,4008,4.0,991144656
606,6979,3.5,1171815276
18,1210,4.5,1455209798
19,1702,3.0,965704331
492,63,3.0,863976526
89,140133,5.0,1520409577
182,6041,4.0,1075765402
262,300,3.0,840305673
560,5377,2.5,1469650173
274,56782,3.5,1202183268
21,33004,4.5,1419025243
283,69,4.0,901228313
477,33493,4.0,1200940139
68,2997,4.5,1158530999
606,45722,2.0,1244571964
195,4306,3.0,994032742
380,167746,5.0,1508436102
68,3981,2.5,1269122295
380,7293,3.0,1494528246
608,196,3.0,1117408480
381,150,3.5,1164876696
111,168326,4.0,1517440858
599,59336,3.0,1498522979
14,480,3.0,835441262
6,349,5.0,845553146
135,153,1.0,1009692987
489,539,4.5,1332772984
327,2046,3.5,1234787263
432,1206,4.0,1315243615
361,33794,4.0,1204046165
6,434,4.0,845553200
561,74458,3.0,1491094828
380,53000,4.0,1494804334
414,6157,3.0,1061156233
18,144210,4.0,1455060282
477,337,4.0,1200940055
166,2324,4.5,1189038292
382,170289,1.0,1515163735
169,1197,4.0,1059428056
88,223,4.5,1331421399
288,1130,2.0,976138733
274,86,3.5,1171828191
414,2106,3.0,961512595
135,527,5.0,1009690817
288,2421,2.0,976138399
31,783,4.0,850466660
200,48738,4.0,1229887572
474,3461,4.0,1094562821
608,750,4.0,1117415375
500,3301,4.0,1005527659
525,2788,4.0,1476481454
140,590,5.0,942842894
610,4776,4.5,1493845937
298,84772,0.5,1447517161
445,593,4.0,1454621794
307,40581,2.5,1186259796
525,3996,4.5,1476476512
19,3466,2.0,965704331
380,2412,3.0,1494804665
599,1050,4.0,1498499111
375,1438,2.0,1225230696
368,132,2.0,971277349
21,1544,4.5,1418846999
292,2763,3.0,990062513
474,8008,3.5,1084538629
520,4027,5.0,1326609554
381,3256,4.0,1167542577
140,4327,5.0,993208194
226,3994,3.5,1095663174
479,587,3.0,1039367658
226,2502,5.0,1095663118
57,674,4.0,965798849
425,1148,3.5,1085490686
28,5577,2.0,1242289900
122,1080,5.0,1461561803
122,64957,4.5,1461561589
361,4246,3.5,1204046106
428,3897,3.0,1111623819
476,11,3.0,835021635
242,296,5.0,834073039
104,105,4.0,1048595377
610,912,3.5,1493850323
274,6242,3.0,1177986796
318,3307,3.0,1413722549
297,481,3.0,900872375
462,3552,1.0,1268537010
12,39,4.0,1247264471
4,345,4.0,945629063
201,339,5.0,939821323
608,4367,3.5,1117505207
274,2403,3.5,1284685425
232,4027,3.5,1078875768
307,593,4.5,1186088046
371,1676,4.0,1407691581
580,3175,2.5,1167792674
270,79,2.0,853918942
339,48774,3.0,1460868463
282,4246,4.0,1514069419
217,174,2.0,955945503
74,2300,5.0,1207499267
234,374,1.0,1004409854
1,1024,5.0,964982876
156,2764,4.0,946798467
599,3440,2.5,1498513869
380,140247,3.5,1508436875
232,78209,3.5,1283133844
390,2291,5.0,1250341961
198,4146,1.0,1034135389
157,2724,2.0,992480059
339,2028,5.0,1460182401
135,2599,3.0,1009691873
18,58295,3.5,1476902377
177,61406,4.0,1435530336
171,141,5.0,866904159
379,356,5.0,847397292
453,2959,5.0,972622556
156,185,3.0,1106853925
603,1541,1.0,954482779
91,2146,2.5,1112718186
222,49396,3.0,1391375018
414,3827,2.0,989248906
248,84152,4.5,1534591829
274,4734,3.5,1171758625
326,27803,4.5,1322867695
318,106487,4.0,1413570241
534,96079,3.5,1459787997
599,317,2.0,1498510689
380,148671,4.0,1501787129
260,1199,3.5,1109411102
160,2641,2.0,971436749
474,8450,3.0,1086098891
438,4776,3.0,1105668497
608,3253,3.0,1117337026
385,1283,4.0,865026373
19,1783,1.0,965711649
414,562,4.0,997709120
414,5995,4.5,1068840189
307,153,2.0,1186411478
533,103688,5.0,1424754155
68,2145,3.0,1158535290
551,2028,4.5,1504317297
610,46976,4.0,1493845177
567,109374,5.0,1525282277
590,104,3.5,1258416985
63,33779,5.0,1443201056
428,4993,3.5,1111487952
3,849,5.0,1306463611
318,8529,3.5,1342627571
219,5952,3.5,1194681162
414,2194,4.0,961515727
106,5218,3.5,1467360466
91,6375,3.0,1112712889
341,6537,4.5,1487285094
36,908,3.5,1100803999
42,2407,4.0,996258715
495,4643,4.0,1458636416
219,1566,2.5,1195944556
376,1396,4.0,1364932574
167,3052,5.0,1154723017
514,142488,4.0,1536456306
414,2294,4.0,961519028
238,4916,3.0,1007931026
59,965,5.0,953610267
462,1240,4.0,1154037798
33,2028,5.0,939646902
448,49649,1.0,1192302220
17,27773,4.0,1322628790
596,1479,2.5,1535834079
517,96520,2.0,1492339487
318,44931,4.5,1424164414
177,45722,3.0,1435526027
119,60074,3.5,1436007555
470,5,3.0,849370453
411,271,3.0,835533546
159,8360,4.0,1508641097
410,351,4.0,990910163
18,6548,2.0,1455050951
567,117529,2.0,1525288550
594,5105,0.5,1108950693
40,317,4.0,832059080
275,474,4.0,1049079053
367,915,4.0,997812240
397,44555,4.0,1181967240
307,7173,3.5,1186084774
524,370,3.0,851609083
54,110,3.0,830247832
444,509,4.0,832679824
354,2763,4.0,1200871011
525,71462,4.0,1476477288
505,3039,3.5,1298779447
480,45730,3.5,1179165241
290,3730,5.0,974937974
477,594,3.0,1200940039
105,85774,4.5,1446572374
109,198,3.0,841109119
593,4973,3.5,1181007827
448,1266,4.0,1087644177
33,1,3.0,939647444
132,1206,3.5,1157922800
453,3852,3.0,972621091
571,1355,1.0,966900054
405,1673,4.0,1295922739
292,6539,4.0,1219624973
376,110,3.5,1364993995
292,110,2.5,1265679516
387,4621,1.0,1095121329
63,4963,4.0,1443200556
39,2700,5.0,974788709
462,3572,2.0,1163256210
213,2232,3.5,1316196077
96,1625,4.0,964774008
477,1270,4.5,1200939690
261,16,4.0,1404881583
40,588,4.0,832058897
534,153,3.5,1459787996
365,102716,2.0,1489796873
117,480,4.0,844162832
398,3186,4.0,1311207615
525,7346,4.0,1476476469
414,51694,3.5,1286739146
149,1527,4.0,902084909
286,1917,4.0,1119563447
510,1225,3.5,1141158702
28,4378,3.0,1242289915
424,2700,5.0,1457844382
600,2798,2.5,1237714598
161,3429,5.0,1186073278
510,2819,3.5,1141159225
483,26606,4.0,1215870005
606,2473,2.5,1171407533
414,292,3.0,961516047
489,89118,5.0,1335696063
448,110127,2.0,1425142320
414,3844,2.0,991144517
298,4020,1.0,1449592611
534,58297,4.0,1459787997
315,1304,3.0,939919700
489,293,4.5,1332773372
480,34,4.0,1179178044
182,1884,4.0,1055156860
139,115617,3.0,1453924868
603,1387,4.0,953925452
140,4368,2.0,1010775581
45,2052,2.0,951170727
600,45440,2.0,1237710604
91,586,2.0,1112712333
201,1527,4.0,941211417
483,500,3.5,1178293521
105,9010,4.5,1447537728
232,34336,3.0,1182909491
606,589,3.5,1171325855
474,316,3.5,1053021158
66,7069,4.0,1093747931
474,3148,3.0,1047054485
402,743,3.0,849598310
221,6663,4.0,1111177334
200,8984,2.5,1229887558
596,1438,2.0,1535834684
73,91500,4.0,1464199280
493,2948,3.0,1001562930
555,2772,5.0,978746793
14,288,4.0,835441107
265,1956,4.0,965316589
436,250,3.0,833530780
27,3654,4.0,962686529
306,69644,3.0,1518381229
520,3081,4.0,1326609861
294,3614,2.0,966596142
20,6170,4.0,1054036780
186,968,5.0,1031079906
352,64969,3.0,1493674514
357,539,3.0,1348611573
356,2011,4.5,1232430491
343,55363,5.0,1202061165
68,47999,4.5,1332628638
490,80463,4.0,1324371040
125,5219,3.0,1474415136
392,1193,4.0,1027524098
414,33437,3.5,1137431293
95,7373,1.0,1105401093
587,3426,4.0,953137453
410,3448,3.0,990910747
599,85438,3.0,1498522865
274,8373,3.0,1285027933
42,333,5.0,996214446
599,92674,2.5,1498516375
62,48780,5.0,1521488751
414,5218,3.0,1038842156
570,1270,4.0,1181477168
345,932,5.0,1342827848
298,2959,5.0,1447516832
469,1265,5.0,965336955
57,1726,2.0,972175871
68,44195,5.0,1166402443
428,3440,0.5,1111489926
600,2137,4.0,1237713968
496,99149,4.0,1415166336
438,6297,2.5,1105653985
312,346,3.0,1043175598
525,88125,3.5,1476476714
155,2384,2.0,961861778
599,4039,2.5,1498515706
153,179819,0.5,1525553024
129,1527,4.5,1167376349
28,6953,3.0,1236313576
232,2059,3.0,1182909401
288,3159,3.0,994188054
325,1238,4.0,1039399025
140,5791,3.0,1079472463
572,1198,4.0,945888912
234,2088,4.0,1004409190
305,140956,4.5,1533043577
58,520,3.0,847719088
606,8360,4.0,1171312003
235,590,4.0,841422308
288,1136,5.0,976120146
221,27834,4.5,1121365434
292,2012,3.5,1219625143
377,80748,4.0,1340343396
450,3173,4.0,974705331
448,48385,4.0,1199222485
152,858,5.0,1450572429
23,3822,3.5,1107164225
76,6874,3.5,1439168272
600,4679,3.5,1237760233
414,2090,4.0,961519060
590,6947,3.0,1258427486
474,2692,4.0,1100119630
385,373,3.0,834693609
217,1171,3.0,955944095
470,500,4.0,849075299
369,1196,4.0,1237081881
606,232,5.0,1171327224
135,2248,3.0,1009693950
307,413,2.5,1186084579
393,68237,5.0,1430506951
448,858,5.0,1019124147
278,880,3.5,1193753213
230,1049,4.0,1196304192
284,256,3.0,832787043
249,106072,4.0,1391719292
288,2294,3.5,1198509994
603,2171,4.0,954482325
483,71033,5.0,1271636173
166,593,4.0,1188774626
19,3044,3.0,965711039
249,3827,2.5,1355366948
522,2918,4.5,1255455440
599,597,3.0,1498523500
561,32587,3.0,1491091214
182,2694,2.5,1055155968
41,69757,3.5,1458938869
307,4748,1.5,1186084337
495,1517,5.0,1458636010
52,356,5.0,1468051518
387,7993,2.5,1188367796
274,2502,4.5,1171172758
88,46578,4.0,1331421481
385,410,4.0,834691662
326,743,0.5,1322250513
149,1334,4.0,902085141
599,4498,2.0,1519144358
273,471,5.0,835861348
91,2419,3.5,1112717612
254,1580,2.5,1180446506
234,2710,5.0,1001975853
372,281,4.0,874415062
609,110,3.0,847220990
464,2683,2.0,1287400200
274,8908,3.5,1171933177
305,8368,3.0,1511719270
111,1588,3.5,1518903975
82,5445,3.0,1084467477
232,50685,3.5,1283133123
566,32,4.0,849005720
474,58,3.5,1126533613
239,21,4.0,1221158640
298,2395,2.0,1447584618
594,8727,2.0,1108950862
599,48385,3.0,1498525502
177,39183,3.0,1435524781
307,157,2.0,1186087548
372,16,4.0,874415966
387,2951,3.5,1094876463
213,2860,3.0,1316195210
313,2054,1.0,1030475470
220,1036,5.0,1230055449
387,588,2.5,1094938228
563,106487,3.5,1441845102
483,4447,3.0,1215896149
91,2268,3.0,1112718172
334,1101,3.5,1225478329
415,4447,3.0,1382470424
587,1367,3.0,953139907
292,2115,4.0,1332678514
182,3751,4.5,1054781125
321,186,4.0,843212681
607,1339,5.0,963079534
599,3355,1.5,1498504243
126,454,5.0,845925785
312,1175,5.0,1043176746
577,5060,4.0,945966132
512,595,4.0,841449258
477,2599,4.0,1201159141
580,919,2.0,1167673498
474,3468,3.5,1137521002
356,61323,5.0,1228073421
104,2987,4.0,1048589254
364,1,5.0,869443366
100,11,4.0,1100184041
132,44191,3.0,1329983574
177,8529,3.0,1435526173
305,3033,3.5,1460365988
19,1848,2.0,965704331
66,172,3.5,1113188330
29,48516,4.5,1308084039
474,1653,4.5,1100291475
137,1580,3.5,1204859475
389,62,5.0,857934174
560,74458,3.5,1469648061
505,1241,5.0,1298780093
219,56174,3.0,1206231896
610,47,5.0,1479545853
590,1961,4.0,1258420730
480,3671,0.5,1179160897
580,4447,1.0,1167790134
593,6377,3.0,1181007457
298,112290,3.0,1447560620
247,46578,3.0,1467646490
117,708,3.0,844163770
41,6377,4.0,1459367565
599,84187,4.0,1498530867
63,4299,3.0,1443368412
474,7311,3.5,1075729950
42,1221,5.0,996213544
89,163527,4.0,1520408953
166,2997,4.5,1189038196
322,47629,4.0,1217675374
590,1707,1.5,1267150864
84,349,4.0,857653728
217,3005,3.0,955935527
305,158238,3.5,1519560242
480,8950,3.5,1179162796
135,3793,4.0,1009692582
302,648,3.0,854472022
68,4124,2.0,1240093181
168,1208,5.0,1306801984
23,2194,3.0,1107342210
288,4306,4.0,1010510803
603,1227,4.0,953928000
156,2081,3.0,946799658
554,1210,5.0,944898646
239,380,3.5,1221158272
27,3062,4.0,962686486
597,1377,3.0,941730230
599,2810,2.5,1498518640
339,1997,4.0,1460868604
62,175303,4.0,1521490145
280,3253,2.5,1348532687
89,56367,2.0,1520408325
159,6377,4.5,1508640358
152,593,4.5,1450572448
599,2796,2.5,1498514714
371,112512,5.0,1407692450
600,588,3.5,1237709466
345,7121,5.0,1342827777
577,1225,4.0,945966653
232,6212,2.5,1218170048
411,367,2.0,835532287
477,3213,4.5,1200945707
215,593,3.0,1260908703
230,1407,3.0,1196305169
337,168,4.0,860256119
360,1639,2.0,884997666
474,3498,4.0,1165539939
387,1370,2.5,1117414846
322,2571,4.0,1217677103
594,145,4.0,1108975153
599,3071,3.0,1519136253
307,356,4.0,1186088040
294,514,2.0,966595245
98,122916,5.0,1532457746
599,580,3.0,1519351681
305,69122,5.0,1460135805
603,1391,5.0,963177704
387,7951,2.0,1207464614
567,86882,1.5,1525289297
190,5377,4.0,1504310152
275,2859,4.0,1049079294
368,3505,3.0,971275698
105,64969,3.5,1447563263
312,2529,4.0,1043176620
52,50794,4.5,1468052163
525,70293,3.5,1476478092
414,900,4.0,961513901
62,5816,4.5,1521490262
91,4105,4.0,1112711645
212,166461,4.0,1523217279
122,4016,4.5,1461562284
289,1080,3.5,1143424660
448,102481,3.0,1407579407
230,8360,2.0,1196304396
599,2369,3.0,1498521655
555,3072,4.0,978820747
462,750,4.5,1123892004
226,4015,1.0,1096421014
100,1968,4.5,1100185874
247,3275,4.0,1467665447
210,111759,4.5,1527266269
37,1061,5.0,845927014
10,87222,3.5,1455306257
591,24,2.0,970525102
483,2167,1.5,1327277409
233,174055,2.5,1529333325
414,54997,4.0,1190058682
177,5312,3.0,1435529740
18,45722,4.0,1455049739
584,150,5.0,834987019
599,1178,5.0,1519029292
92,6383,3.0,1294941894
116,2080,3.5,1337195923
448,94266,2.5,1372006763
605,1275,3.0,1277175858
391,593,3.0,1030824540
483,8607,5.0,1204277626
235,21,4.0,841422461
90,1116,4.0,856354577
199,1214,4.0,940380410
332,1527,2.5,1352673411
546,2791,4.0,973588321
274,54995,4.5,1202001444
27,1250,4.0,962686417
78,3087,3.0,1252573389
342,2961,3.0,1042822234
517,5299,2.0,1492339529
497,551,4.0,1429127198
219,434,3.0,1194931910
387,2413,3.0,1127962475
184,172705,5.0,1537107906
232,8640,3.0,1218167918
381,45431,4.0,1164382943
480,4728,1.5,1179165458
387,4995,3.0,1094877958
592,489,3.0,837350814
89,149350,5.0,1520409463
125,53125,4.0,1474481324
597,1,4.0,941557863
495,81562,4.0,1458635529
530,457,5.0,843226768
221,1201,4.0,1111176269
597,2918,5.0,941631197
154,115617,5.0,1486297133
57,3479,4.0,965798155
381,7064,2.0,1164383759
232,1022,2.5,1218169998
443,79132,1.0,1501722695
448,105213,2.5,1415645706
105,7438,4.0,1446571808
57,1243,5.0,965796886
58,292,4.0,847718544
313,1129,5.0,1030474865
514,2288,4.0,1533872463
391,858,5.0,1030945609
561,104879,3.0,1491092388
181,86,4.0,845472271
474,8368,5.0,1116256984
43,57,5.0,848994678
1,349,4.0,964982563
249,4718,3.5,1346754953
79,3062,4.0,975281934
274,45081,3.5,1171829238
445,2028,3.5,1454622058
113,509,5.0,980051801
265,1962,4.0,965317961
217,2571,3.0,955935905
117,19,2.0,844162892
317,6281,4.0,1430598221
313,519,3.0,1030475123
232,6213,4.0,1092275227
160,196,1.0,971114512
414,2340,2.0,1016114894
489,4867,4.0,1333830701
422,2392,2.0,986173787
391,2762,2.0,1030944152
448,32031,3.5,1154202643
600,2672,3.5,1237715891
480,4718,1.5,1179164261
590,2916,3.0,1258420900
415,260,4.0,1382470256
562,3147,4.0,1368893862
414,6593,3.5,1088437542
351,5989,4.0,1326106763
387,1965,4.0,1168153556
288,912,4.0,976139635
380,5609,3.0,1494268086
599,70703,2.0,1519235103
387,2488,3.5,1128751281
448,81949,3.0,1314564596
279,1222,4.0,1506394405
596,6934,4.0,1535708402
414,7169,3.0,1105474079
50,174141,3.5,1524697215
448,5303,3.0,1019125877
380,110102,5.0,1493473911
23,904,3.5,1107164418
380,783,3.0,1493667686
249,2683,3.0,1395827260
135,4128,4.0,1009690990
287,8622,4.5,1110231540
292,3916,4.0,1140269596
368,880,1.0,971277349
95,122,3.5,1105400745
373,224,3.0,846830279
533,6502,3.5,1424754019
599,45499,2.5,1498517506
448,99415,2.0,1395502530
60,58559,5.0,1393542075
195,4452,4.0,996180891
438,4900,3.0,1105654243
45,1372,5.0,950741043
509,3301,3.5,1435993563
90,562,4.0,856354233
51,2408,3.0,1230931220
560,288,3.5,1469649265
600,2124,4.0,1237709196
50,99114,3.0,1514238526
594,1518,3.5,1108974530
18,1276,4.0,1456438623
203,1584,5.0,1390095344
23,2542,3.0,1107162552
551,87232,4.0,1504321115
509,60950,3.0,1435992570
474,1237,2.5,1053021721
599,5463,2.5,1498517351
489,4874,4.0,1333022729
419,1917,5.0,1321659313
610,48043,4.0,1493845336
266,1,2.0,945669542
267,2527,4.0,994467869
105,308,4.5,1446572583
85,1747,4.0,889466862
480,34542,3.5,1179162059
376,1221,4.5,1364932910
399,1580,0.5,1167220388
355,317,3.0,974966225
480,4886,2.5,1179163392
380,8360,4.0,1494071221
563,5066,4.0,1441845188
599,1253,3.5,1519125106
469,2115,3.0,965334034
181,489,3.0,845470797
317,5630,5.0,1430517267
448,53453,0.5,1492366240
93,2424,4.0,942767085
337,648,5.0,860255716
288,2662,3.0,1026309807
62,858,5.0,1521488566
119,3452,5.0,1435944634
488,8961,4.0,1112382052
132,2340,3.0,1161800168
249,2105,3.0,1346752132
292,3959,4.0,1265679864
387,380,2.0,1094938223
554,2857,2.0,944898992
339,106100,5.0,1460518906
607,2529,5.0,963078933
135,410,4.0,1009692210
42,3882,2.0,996215785
20,4367,0.5,1054147289
606,1923,3.0,1171407023
115,2916,3.0,944953571
474,2671,3.5,1081177958
177,6378,4.5,1435526032
606,6974,2.5,1171815225
263,597,4.0,941591926
328,2115,4.0,1494210456
200,4246,3.5,1229878716
564,8984,3.5,1478454152
447,552,5.0,836961393
36,3347,4.5,1100803989
307,3081,4.0,1186162008
89,104339,3.5,1520409056
202,2553,4.0,974924816
84,1381,3.0,860397888
211,3034,4.5,1350912147
55,4011,5.0,1312748875
307,32031,2.5,1186173703
313,2109,3.0,1030557792
241,55442,4.0,1447536988
562,2232,5.0,1368892973
96,2000,3.0,964774094
381,7454,3.0,1167543277
306,157312,3.5,1518380792
503,608,4.0,1335219379
121,161,3.0,847655980
387,1748,4.5,1094877013
1,316,3.0,964982310
599,539,3.0,1498522956
332,48394,4.0,1352672147
610,8949,4.0,1493845161
38,367,2.0,841341341
244,3811,5.0,975074928
6,296,2.0,845553110
213,1682,4.0,1316197146
4,1259,4.0,964538728
583,71535,3.0,1481474152
599,60522,1.5,1519253056
596,3301,3.0,1535834369
105,7090,4.0,1446572431
59,3462,5.0,953610923
58,344,1.0,847718434
197,1209,5.0,947462811
68,5,2.0,1158533624
406,33669,5.0,1296959418
21,84152,3.5,1421521681
220,380,4.5,1230055682
580,53996,5.0,1212342502
318,7459,4.5,1309078378
240,366,4.0,849123273
68,2078,3.0,1158534646
335,762,1.0,1261541336
566,588,3.0,849005206
307,4979,4.5,1186162216
14,95,5.0,835441295
83,1960,3.5,1333842724
477,51086,4.0,1200944926
212,177593,5.0,1527794935
244,292,1.0,975091915
182,3082,3.0,1057526108
332,3578,3.5,1352673019
590,7056,4.0,1266473652
610,5909,5.0,1479545306
57,3022,5.0,965796211
577,1391,2.0,945966525
610,64839,4.0,1493849368
91,6857,5.0,1112716461
21,73321,3.5,1468113317
249,78105,3.0,1356549977
80,5630,4.5,1377309157
589,529,3.0,856043430
387,2009,4.0,1095041499
45,2657,5.0,950741248
137,913,4.5,1204859769
606,8270,4.0,1171815393
367,3072,4.0,997812005
307,2639,2.5,1186173101
91,7387,5.0,1112711727
555,6184,5.0,978841649
301,54001,4.0,1211378540
606,33493,4.0,1171310221
414,67734,4.0,1249833314
288,923,3.5,1054569504
91,1517,3.5,1112713476
212,97304,4.0,1498429883
177,1527,2.5,1435533706
580,350,3.5,1167790084
217,2418,2.0,955944813
603,1263,5.0,953926900
343,7256,4.0,1202061306
28,55908,3.5,1234338625
103,5956,5.0,1431968450
474,2059,2.0,1014924460
301,5816,4.5,1211378683
288,1220,3.5,1054568476
499,3727,5.0,1289960550
608,1432,3.0,1117506159
84,412,5.0,858771743
438,3317,4.0,1105653956
135,1918,2.0,1009692118
434,4223,1.5,1270602479
489,6287,2.5,1333232326
555,2193,5.0,978822670
312,2976,4.0,1043176444
470,47,3.0,849075299
91,8370,3.5,1112712905
312,1348,5.0,1043175985
474,3083,3.5,1089386389
216,1307,3.0,975212335
182,6264,0.5,1063274678
561,1089,3.5,1491092055
19,3793,4.0,965702777
182,5816,3.5,1054781084
367,934,4.0,997812459
182,2713,0.5,1055153801
407,1036,3.0,1424349636
307,1215,5.0,1186085362
18,38061,4.0,1458593231
119,4306,4.0,1435944180
495,94959,4.5,1458636561
332,59784,4.0,1352674088
368,3160,4.0,971277716
254,1805,3.0,1180443514
402,5,3.0,849598135
592,318,4.0,837349901
122,480,4.0,1461561380
608,1073,3.5,1117502866
368,3555,3.0,971274317
590,3504,4.0,1258417154
244,1079,5.0,975075399
153,2324,3.0,1525548106
18,111362,4.0,1455050010
608,923,3.5,1117490720
483,63082,4.5,1234656486
274,2,3.5,1171934785
4,3489,1.0,986848908
448,89343,3.0,1437765410
448,108156,2.0,1425237473
10,74450,3.0,1455357541
45,3911,3.0,1020802073
336,2324,5.0,1122227453
195,165,2.0,974709470
95,2396,4.0,1105400670
16,608,4.5,1377477406
199,1265,4.0,946523712
45,4308,5.0,1009399292
68,1380,3.5,1158532790
55,2005,2.0,1312747709
160,379,3.0,971114512
375,1022,3.0,1225230212
182,5298,4.0,1055155191
50,1274,4.0,1515105932
266,1275,4.0,945670341
474,5266,4.0,1069684884
221,27912,4.5,1121365413
357,5957,2.5,1348611617
599,3250,2.0,1519183074
104,608,4.0,1292698035
51,7569,5.0,1230930769
121,150,3.0,847655899
555,3408,4.0,978839750
275,373,5.0,1049078967
274,3316,3.5,1171829645
357,80549,4.0,1348627859
314,368,2.0,834241784
469,3633,4.0,965333936
135,141,4.0,1009692048
47,3969,3.5,1496209586
177,56775,4.0,1435526726
354,1722,3.5,1200865334
63,3996,4.0,1443199984
82,4367,4.5,1084465075
608,4022,3.0,1117408281
462,34338,3.5,1125636716
561,1259,4.0,1491091939
136,188,5.0,832451540
509,112175,4.5,1435996472
312,1876,3.0,1043177016
93,1917,5.0,942946588
513,920,5.0,1159980400
234,1291,3.0,1004408014
580,2641,2.5,1167674994
217,2273,3.0,955940625
339,53000,4.5,1460346482
610,2976,4.0,1479542190
610,8838,4.0,1479542220
288,2120,2.0,976122092
313,4518,4.0,1030475717
24,47610,3.0,1458941035
580,1036,4.0,1167673418
288,1259,3.5,1054569635
105,7327,4.0,1446572021
586,68157,4.0,1529899358
272,2167,3.5,1533566237
45,1221,4.0,950723493
19,410,2.0,965706683
555,851,3.0,978749155
4,2997,4.0,986848610
542,1997,1.5,1163386631
452,110,5.0,1013394732
495,68157,4.5,1458635341
448,129428,2.5,1459192248
187,27879,4.5,1161850368
590,3,3.0,1258416995
606,1784,4.0,1173823790
603,4711,4.0,1000194120
563,1907,3.5,1448749252
474,7983,4.0,1135824491
555,1974,3.0,978823349
142,34,4.0,838932132
119,364,5.0,1437815672
177,1947,2.0,1435534899
7,4963,4.0,1106636702
256,4643,3.5,1446580464
448,3646,3.0,1178981400
91,597,2.5,1112711248
15,166635,3.5,1510572516
28,2539,1.5,1242290775
384,4396,1.0,994038917
484,88129,2.0,1342296750
448,7895,3.5,1358694176
66,1214,4.0,1093747875
432,49272,4.0,1328232735
313,101,5.0,1030557466
475,33493,4.5,1498030177
7,2688,2.5,1106713072
506,58154,3.0,1424487238
68,95441,3.5,1526948408
239,2167,4.0,1221866495
1,1500,4.0,964980985
226,4239,4.0,1097545778
610,97285,3.5,1479545041
483,4993,4.5,1178292943
294,539,3.0,966595946
448,356,3.0,1019127614
446,151,4.0,843839401
608,1193,3.5,1117503152
357,51540,4.0,1348610460
318,3653,4.5,1296942125
177,58154,4.0,1435837359
292,5349,4.0,1039915101
594,5364,4.5,1109036148
391,5477,5.0,1030824589
474,4621,2.0,1046887573
606,3408,4.0,1173570247
288,2498,1.0,975692259
596,1356,4.5,1535709677
79,1200,4.0,975281975
105,101088,4.0,1526207190
226,54997,4.0,1190445190
603,1735,4.0,954482666
21,5445,4.5,1418932153
605,2857,2.5,1277176095
263,1722,3.0,941590842
267,1270,5.0,994467801
608,2134,1.0,1117505147
79,2427,2.0,975281975
247,32,3.0,1467661273
602,47,5.0,840875668
493,110,5.0,1001562412
326,4995,4.5,1324921736
292,161,4.0,1323631927
21,53121,4.5,1403460883
232,45442,3.0,1160773862
605,317,3.5,1277176505
122,106782,5.0,1461561445
488,1198,3.5,1112382073
599,2005,1.5,1498532042
414,228,1.0,961439623
304,707,4.0,891173643
318,47200,3.0,1426361443
91,2355,3.5,1112713442
489,2617,2.5,1333101740
448,4351,1.0,1160936767
199,1178,5.0,940380424
600,2136,3.5,1237858532
89,157775,5.0,1520409437
562,1682,5.0,1368893987
448,2973,4.0,1028529865
483,786,2.0,1181494991
571,2789,3.0,966900650
64,4235,5.0,1161529057
94,282,3.0,843406930
68,5015,4.0,1158533657
599,49272,3.0,1498521825
274,356,4.5,1171409739
542,5418,4.0,1163387392
103,55820,4.5,1431957871
313,2643,2.0,1030475115
211,2949,3.5,1350912534
57,2641,2.0,969754664
249,673,3.0,1440669034
97,4638,4.0,1043383075
318,137337,4.0,1441533964
438,5792,4.0,1105654036
489,8641,4.0,1333022772
506,52973,3.5,1424486889
428,3033,2.5,1111523499
10,8869,5.0,1455303064
580,2918,1.0,1167673421
474,4447,4.0,1014924360
102,160,3.0,835876194
599,2080,2.5,1519122108
599,45186,3.0,1498523321
140,5291,1.0,1117729298
555,2124,4.0,978748308
606,46,4.0,1171757334
408,63131,4.0,1468266657
387,1282,4.0,1094877252
274,54004,3.5,1188060813
45,54272,5.0,1193288817
525,71535,3.5,1476477631
115,2723,4.0,957647342
191,306,5.0,829760898
182,1095,4.0,1069633744
68,1206,3.0,1252727946
242,300,5.0,834073153
197,356,3.0,947461058
318,86293,3.5,1428910241
314,15,2.0,834428676
125,1261,4.5,1474411870
358,88163,4.0,1339546383
556,94780,3.5,1534321052
552,3113,2.0,1112151398
474,1573,4.5,1100291472
64,316,3.0,1161520309
198,3949,4.0,1039796697
177,6412,4.0,1435540167
274,30793,2.5,1177013127
474,605,3.0,1089387293
111,61024,5.0,1516141215
280,35836,3.5,1348532957
602,208,3.0,840875622
365,48385,1.0,1488333343
477,2011,4.0,1200946254
380,3301,3.0,1494613127
282,4776,4.5,1378491638
590,3827,3.0,1258428886
168,1209,4.5,1306802855
162,509,4.0,836511364
105,3687,5.0,1448214505
607,1370,5.0,963080089
599,2074,3.0,1498525066
419,8641,4.0,1350347669
274,60074,3.5,1248337481
22,4993,1.0,1268726251
527,1270,4.0,1033173871
480,420,2.0,1179178922
537,97306,2.5,1424141852
387,25963,4.0,1185170990
480,1193,3.5,1179160200
242,225,4.0,834073178
246,57669,4.5,1353869542
603,568,3.0,963179880
17,4226,4.0,1305696762
608,1704,4.5,1189471145
387,6744,1.5,1095117637
217,371,4.0,955944348
31,1356,4.0,850466719
416,509,4.5,1187495640
606,1916,3.0,1173392294
301,5989,4.0,1211378412
226,3271,4.0,1139535538
61,6874,4.0,1145532616
489,1080,3.5,1333101639
479,4718,3.0,1039362308
484,6944,4.0,1342228066
434,1246,4.0,1271039472
590,5572,3.0,1267150982
380,6016,4.0,1493423330
429,317,5.0,828124616
502,4034,4.5,1111757256
57,3269,3.0,965798397
156,915,3.0,946799588
356,3623,3.0,1229143338
232,70334,3.5,1283133774
592,163,5.0,837350419
603,4424,4.0,1000194402
307,61024,4.0,1233346487
304,173,3.0,933714862
380,393,2.0,1494036132
288,3672,3.0,978468053
169,3448,4.0,1059428218
64,4016,4.5,1161564478
169,3147,4.5,1078285074
187,5618,5.0,1161849806
298,4018,2.0,1449592093
28,2194,3.5,1234338803
28,3317,2.5,1236314754
32,25,4.0,856736119
86,3300,4.0,1343944734
353,367,3.0,831940260
274,4238,4.0,1285026576
274,61248,3.5,1232442522
380,128968,3.0,1536874659
357,800,3.5,1348609796
274,1272,3.5,1186752545
64,608,4.0,1161520658
117,288,2.0,844162850
18,5445,4.0,1455209691
82,6541,4.0,1084467490
276,7,4.0,858350645
474,2395,3.0,1129579357
113,74,3.0,980051922
584,337,3.0,834987866
129,597,4.0,1167376309
18,73321,3.5,1456750745
432,33158,1.5,1315242713
119,5064,4.5,1438440197
221,1610,3.0,1111175981
255,2706,2.0,1005717608
521,707,3.0,852713330
414,761,2.0,961595057
610,59784,3.5,1479542284
387,27831,3.0,1179381050
51,56367,5.0,1230932765
51,1834,4.0,1230930432
144,1028,4.5,1137324274
462,1258,2.5,1123893567
105,170777,5.0,1526206867
86,5445,4.0,1344082829
414,2861,3.0,975941113
391,2248,4.0,1030828021
414,6339,3.5,1089641305
10,109853,4.0,1455357656
600,266,3.5,1237713584
370,293,3.5,1159161974
495,97938,5.0,1458636559
332,54286,3.5,1352671774
249,6338,2.5,1354225791
589,736,5.0,856038815
305,44972,4.0,1460366310
38,48,3.0,841341570
384,2683,4.0,996440816
380,160438,3.0,1508200574
599,6565,2.5,1498518012
162,381,5.0,836511478
590,49278,3.0,1258427897
365,51255,4.0,1488332596
221,8464,4.5,1111178281
265,3831,4.0,967559209
169,1682,5.0,1078284875
135,2321,2.0,1009694854
414,6370,5.0,1062512504
264,1320,2.5,1136978338
125,114935,4.0,1474375014
45,1407,4.5,1121724749
220,912,5.0,1230061664
64,8783,3.5,1161529386
50,2571,2.5,1514237967
604,23,4.0,832081042
177,4920,4.5,1435537226
416,830,1.5,1187495328
391,1912,2.0,1030827275
603,1265,5.0,954482210
560,1193,3.5,1469652451
563,75805,3.0,1446856690
318,64969,3.5,1434395008
607,1917,5.0,963080278
226,1278,4.0,1095662963
68,4069,4.0,1158535881
597,2580,4.0,940420065
47,1961,4.0,1496205246
414,5139,3.5,1073680658
112,1356,4.0,1513989988
585,68157,5.0,1307418137
132,5970,3.0,1157996778
116,590,4.5,1337199720
187,1884,3.0,1161849635
602,367,5.0,840875700
425,2918,3.0,1085478005
51,1196,5.0,1230929268
425,2762,3.5,1085477566
246,68486,5.0,1354127920
474,2640,4.0,983033492
488,6385,5.0,1112382210
425,2291,3.5,1085478009
438,1682,4.0,1105649779
594,2125,4.5,1119928062
599,26870,2.5,1498515044
608,364,3.5,1117408428
328,1258,4.0,1494210672
326,109487,3.0,1442344399
247,48385,3.0,1467661229
483,1377,3.5,1215895528
608,1021,1.5,1117507207
351,1073,4.0,1326106755
166,5349,4.5,1189037860
481,1687,2.0,884773940
436,596,4.0,833531134
19,2002,3.0,965707724
414,4623,4.0,1026225670
387,480,3.0,1094942988
590,329,3.0,1258420604
290,1967,3.0,974943209
298,2716,3.0,1447584577
561,1387,5.0,1491090966
603,3494,3.0,963176536
357,96563,4.0,1348611468
298,2931,4.0,1447584624
414,3594,3.0,961437914
570,1291,4.0,1181478635
477,5502,3.5,1200943177
189,5952,4.0,1439465085
555,541,4.0,978819723
68,104,4.5,1158532958
94,435,1.0,843406914
352,593,4.0,1493931966
509,7444,2.5,1435994272
84,1269,4.0,860397207
298,6548,1.5,1447598757
439,1198,4.5,1436943790
140,5266,3.0,1058312998
356,62434,5.0,1228073384
606,4359,4.0,1349082709
63,1270,5.0,1443199663
368,151,3.0,971274866
274,3698,3.5,1171785668
45,2997,4.0,959624096
95,1247,4.5,1105400639
534,102125,3.0,1459787998
380,147384,3.0,1494697398
156,3341,4.0,951113027
480,3255,4.0,1179162607
298,65982,3.0,1453032973
111,4239,3.0,1516143293
408,54286,4.0,1468362104
483,1676,3.0,1178294131
435,485,3.5,1366675852
509,94503,3.5,1436030743
210,81564,4.5,1473882072
39,1862,2.0,974787293
497,92259,2.0,1429127459
288,6645,3.5,1182171749
428,1120,3.5,1111523582
239,231,3.5,1221158416
66,4591,3.5,1113189010
603,3994,1.0,980732199
462,5735,1.5,1123892538
195,3053,3.0,1008558152
30,110,5.0,1500370456
555,1665,3.0,978747500
167,1291,4.5,1177515984
608,1,2.5,1117408267
414,1600,3.0,961518195
474,3983,4.5,1100291597
256,1210,4.0,1446579739
17,3039,4.5,1305696285
525,364,4.0,1476476559
469,3255,3.0,965425762
28,1209,3.0,1235805640
476,48,4.0,835022192
610,5449,2.5,1493849399
474,480,4.5,1100119725
438,8798,3.0,1113763758
104,8533,4.0,1377184795
40,62,5.0,832059339
597,2951,4.0,941729405
305,4105,4.0,1524897911
376,5445,5.0,1364994389
111,94953,4.5,1516154994
599,1527,4.0,1498498913
275,4002,3.0,1049076883
405,4878,4.0,1295933975
426,63082,2.5,1451081239
368,3918,2.0,971273835
89,915,2.0,1520408307
43,11,4.0,848993928
573,3948,4.0,1186590130
111,4367,3.5,1516141042
425,377,3.5,1085477328
182,5618,4.5,1065660030
514,6787,4.0,1534048162
42,2700,4.0,996218871
62,3114,3.0,1525636897
6,47,4.0,845553317
288,2412,1.0,976125031
332,26564,3.5,1352671253
387,948,3.0,1095119611
599,34150,2.5,1498515064
47,2144,3.0,1496205630
20,3972,3.0,1054147174
42,1835,4.0,996220726
283,141,1.0,901228396
217,45,2.0,955943999
387,904,3.5,1121052573
298,8966,1.0,1447599151
200,2628,3.0,1229885944
381,1777,4.5,1200824491
247,96821,3.0,1467759723
139,6537,2.5,1453924353
121,252,3.0,847656203
561,136020,2.5,1491094553
140,3969,3.0,997958279
307,2501,2.5,1186162848
107,349,4.0,832003644
597,2076,4.0,941639968
29,80489,4.0,1362016591
243,173,3.0,837155242
599,92008,3.0,1498524570
602,529,3.0,840876498
380,6707,4.0,1494530204
367,4031,2.0,997813206
465,1573,3.0,959896270
610,54999,3.0,1493847568
606,5810,4.0,1171578584
288,3994,4.5,1054568271
484,34530,4.5,1342366241
438,4387,3.0,1105669339
610,116823,4.0,1493845570
84,1193,4.0,858772258
483,2125,4.0,1215872289
179,316,3.0,840907418
249,56782,5.0,1347317542
514,59369,4.0,1533872847
520,2010,5.0,1326608054
100,95,4.5,1100185961
298,56012,2.0,1479058069
367,1569,4.0,997812483
339,72733,3.0,1460183737
64,8798,4.0,1161521094
600,429,3.0,1237714759
558,367,3.0,1035415962
409,3835,4.0,968985680
480,6874,4.0,1179162511
21,148675,2.0,1452051802
249,108949,4.0,1401373237
341,2694,4.0,1439751267
570,318,4.0,1181476497
525,953,3.5,1476481374
292,3564,2.0,1015374833
495,106916,4.5,1458636639
462,3467,3.5,1163121634
111,168248,4.0,1516141936
125,111743,4.0,1474374125
45,589,5.0,950726569
516,1090,3.0,994625023
517,6942,5.0,1487953468
137,1,4.0,1204859907
191,32,5.0,829759809
364,260,4.0,869443424
128,940,5.0,899032847
414,1216,3.0,1028643755
298,68157,3.0,1447584427
254,8950,4.0,1180563960
297,6,5.0,900871748
476,153,3.0,835021342
590,4954,3.5,1258419334
304,318,4.0,931811802
308,79132,1.0,1421373818
474,3863,3.0,974666330
111,1367,2.5,1518640841
166,6534,3.0,1189037954
599,3864,2.0,1519240351
325,3742,4.0,1039398784
420,8337,4.0,1218037243
552,2082,2.0,1112151498
482,8948,2.0,1105397183
307,1544,2.0,1189529191
414,1438,2.0,961516204
448,86293,2.0,1342280329
177,90647,3.0,1435837803
249,158872,4.5,1484340119
477,1283,3.0,1200946901
599,6811,3.0,1519279420
596,1307,3.5,1535826939
410,1251,4.0,990729062
11,511,4.0,902154514
66,592,4.0,1104643920
105,1172,4.0,1447574093
571,152,2.0,966900418
212,122922,4.0,1523216918
50,1289,3.0,1514239232
322,5618,3.0,1217677087
135,2455,3.0,1009690737
562,88129,3.0,1368894042
428,2717,2.0,1111524426
41,1682,3.0,1458938835
274,2995,3.5,1171828813
288,2352,3.0,975692503
160,2916,4.0,971114033
226,3688,3.5,1096421062
318,4300,4.0,1525674517
380,204,3.0,1494035868
590,68954,4.0,1258426822
187,39427,4.0,1180301554
204,858,4.0,1327183341
503,1611,5.0,1335219132
290,2731,5.0,974938211
18,6934,3.0,1455750324
256,72998,4.5,1446579764
169,918,4.0,1070250186
178,8874,4.0,1163673719
606,48997,4.0,1178315740
66,5283,4.0,1113190503
274,377,3.5,1171934616
103,260,4.0,1431954922
317,2858,5.0,1430361447
414,1035,5.0,961681635
227,1196,4.0,1447189623
393,53996,0.5,1430507647
220,32,4.5,1230055680
425,8807,4.0,1106482713
290,2761,4.0,974938393
182,370,0.5,1054779649
98,116797,5.0,1532457767
137,2020,4.5,1204859049
41,71033,4.0,1459367490
506,54259,3.0,1424486947
385,1022,3.0,842892370
514,34,4.0,1533872519
186,480,4.0,1031079589
343,52328,5.0,1202060657
471,8360,2.0,1496671908
590,4321,4.0,1258415334
249,55820,4.0,1346757671
568,3053,4.0,1243575993
474,31410,3.5,1123505034
597,615,3.0,941640505
607,3020,5.0,963080331
305,37727,4.0,1460303834
562,79695,4.5,1368896281
474,3386,4.0,1108389753
480,5620,2.0,1179165595
122,57528,4.0,1461562746
125,337,5.0,1474294944
569,434,4.0,849190654
381,7090,3.0,1166972079
318,102823,3.5,1445630436
82,163,4.0,1084521290
580,2117,4.0,1167793054
19,1748,3.0,965703785
382,72737,4.5,1515161153
317,64614,3.0,1430597324
132,356,4.0,1157920481
590,1947,4.0,1258422552
387,4571,2.5,1095041258
288,551,4.0,978469847
480,2908,4.0,1179160963
489,60684,4.0,1332774113
113,293,5.0,980051638
200,1721,2.5,1229886327
493,2028,4.0,1001562535
323,3252,2.5,1422640631
469,3405,3.0,965333831
597,17,3.0,940362409
105,77455,5.0,1446610793
298,38038,3.0,1447598541
308,5816,5.0,1421375075
298,8370,4.0,1447599282
249,105351,3.0,1440074720
561,3994,4.0,1491094393
391,1094,4.0,1031030749
122,3949,5.0,1461561463
448,1476,5.0,1019127982
220,3510,4.0,1230054596
28,1201,4.0,1234338285
140,2686,3.5,1055092442
315,2896,3.0,939922322
424,147,3.5,1457901610
313,2467,5.0,1030556075
275,4499,4.0,1049077005
599,140852,1.0,1498531106
610,81591,3.5,1493849078
477,27611,5.0,1228715259
524,1240,4.0,851609392
564,104374,4.0,1478452231
288,1240,3.0,975691813
89,27826,4.0,1520409031
286,4011,5.0,1119562201
539,527,3.5,1332474781
469,1248,5.0,965335241
249,33615,3.5,1349466506
160,1810,3.0,1058457100
290,2648,5.0,974938253
414,85414,4.0,1312506393
489,372,3.5,1333231948
280,910,3.0,1348434929
103,88810,3.5,1431955378
489,8368,4.0,1334170404
483,74789,3.5,1271633598
125,288,5.0,1474294680
514,3363,4.5,1533948798
199,56367,3.5,1208645976
469,2729,4.0,965846493
66,1,4.0,1104643957
179,592,3.0,840907313
489,551,4.5,1333101666
522,112852,5.0,1449724951
447,48,3.0,836961178
610,55290,4.0,1493845347
249,97304,4.5,1360112099
523,92259,4.0,1503125877
597,2985,4.0,941729264
328,588,3.5,1494212258
448,97860,2.5,1384612498
334,61729,3.5,1234627139
534,6550,4.5,1459787996
269,76,2.0,850865622
68,4239,4.0,1158534882
581,527,5.0,1447007076
608,4018,4.0,1117491701
381,1207,3.0,1164383649
160,2194,3.0,971113611
191,110,3.0,829760897
596,34405,4.0,1535708498
414,6502,4.0,1091716512
318,127114,4.0,1447871076
590,1653,3.0,1258421018
438,5106,2.0,1105654436
339,3176,5.0,1461877407
312,1350,3.0,1043176038
567,130576,2.5,1525288139
425,1641,3.5,1085490338
453,3243,4.0,1005967402
590,1221,5.0,1258416472
249,4643,3.0,1407880396
274,1407,3.0,1171491472
307,6868,4.0,1192631810
305,6879,3.5,1460303517
64,5878,3.5,1161531238
70,1682,3.5,1355198544
236,1388,1.0,943013976
448,1171,4.0,1178980929
457,1356,3.0,993610777
68,118696,3.0,1526948415
590,63082,4.5,1258783233
328,4011,4.0,1494210542
103,41569,4.0,1431969086
288,1198,5.0,976138178
177,89745,4.0,1435524779
509,2052,3.0,1436000140
474,497,5.0,974668666
265,2445,3.0,965319932
103,59784,3.0,1431969490
282,2470,4.0,1378497876
232,32017,2.5,1218169532
135,919,5.0,1009693267
168,3462,4.0,1306801950
372,1357,5.0,874414749
195,1449,3.0,997156781
177,30793,2.5,1435524610
160,2762,5.0,971113327
387,2183,4.0,1094876866
606,48883,3.0,1178473486
393,8529,3.0,1430507690
68,4343,3.5,1261623411
45,2746,3.0,950726248
448,100487,2.0,1392480189
221,30818,2.0,1111176186
607,1327,5.0,963079647
386,377,3.0,842610286
448,86880,1.5,1333998916
606,3462,4.0,1171501099
610,41569,3.5,1493846756
198,1625,2.0,1034139049
518,1380,2.0,1056907448
288,54995,4.5,1238332688
219,5151,3.5,1195945043
311,6461,4.0,1057854696
514,11,4.0,1533949297
560,7147,3.0,1469650096
73,103141,4.5,1464196999
140,1370,3.0,967049042
117,6,3.0,844163102
104,5618,4.0,1087721492
202,1682,4.0,975012973
149,1965,2.0,902084798
208,2571,5.0,940638581
453,543,4.0,1005967028
520,2375,4.0,1326611168
28,1199,2.0,1243837575
469,2662,3.0,965335401
580,1198,4.5,1167673435
572,2355,5.0,945893736
288,2100,4.0,975692602
160,2977,2.0,991925792
50,87222,2.0,1527108208
325,4117,4.0,1039398807
456,694,4.0,856883540
428,1997,2.5,1111623841
428,5989,3.0,1111524670
93,1894,3.0,942946588
606,6183,3.0,1182353292
587,1230,5.0,953137777
474,6724,3.5,1181348314
116,920,1.0,1337200265
517,919,4.5,1487954346
232,52975,4.0,1241922905
89,40962,4.5,1520409014
438,4228,2.5,1105654146
599,32554,3.0,1498519770
610,96811,4.0,1493847640
51,4878,4.0,1230929401
239,8984,4.0,1221866544
552,356,4.0,1111473075
597,2791,5.0,941641622
393,32587,0.5,1430506599
606,1176,4.0,1171327257
573,2394,3.5,1186588724
401,1136,4.0,1515527938
477,5438,3.0,1201166809
297,587,1.0,900872295
479,5651,3.0,1039362123
479,616,4.0,1039362482
331,53972,3.0,1537158440
168,908,5.0,1306802820
432,3707,4.0,1315243228
458,185,5.0,845651761
232,1370,3.5,1218166157
599,8860,3.0,1498523857
373,196,2.0,846830149
52,44665,4.0,1468051544
307,3160,3.5,1194912445
434,3052,4.5,1270606930
122,86347,5.0,1461562877
277,786,4.0,861812827
274,1405,3.0,1171759066
292,3418,3.0,990062513
20,2141,4.5,1054038233
477,60684,4.5,1236482587
464,2959,5.0,1275549612
84,181,3.0,860397928
300,4848,4.0,1425352220
249,53996,4.0,1353801212
600,4280,4.0,1237715713
80,3863,3.5,1377306391
448,1009,3.0,1019125424
601,1584,3.5,1521397691
422,260,5.0,986173117
166,2028,4.5,1189038178
425,6593,3.0,1114173461
132,2108,3.0,1157968789
414,2253,1.0,1008691553
480,49649,2.5,1179165958
610,115569,4.5,1493845291
296,110,5.0,1532993855
232,79293,4.0,1283133882
286,7153,5.0,1119561518
50,72378,1.0,1518168080
352,2712,5.0,1493673604
83,1862,0.5,1332839062
298,608,3.0,1447597789
524,260,5.0,851609016
275,1192,5.0,1049078616
356,7419,4.0,1231029929
339,1258,5.0,1460186271
480,1380,3.0,1179178422
182,3836,4.0,1054782881
68,3178,3.0,1261623910
249,64614,4.5,1346757927
506,62293,4.0,1424487485
387,104,2.0,1095040613
462,7013,3.0,1199339136
534,1682,5.0,1459787998
221,1244,4.5,1119984488
587,2247,3.0,953139541
387,6378,3.0,1094942295
247,6365,3.0,1467645431
193,1207,5.0,1435857322
68,89087,2.0,1332628536
414,3993,4.0,1024324315
111,5989,4.0,1516140866
599,1237,4.0,1498498783
610,133832,3.5,1493848796
21,500,2.5,1407617852
68,3783,3.0,1240093265
381,5816,4.0,1164876974
567,59315,3.0,1525287103
318,71464,4.0,1413116894
365,71535,3.5,1488332647
232,35836,3.5,1206992597
586,4993,5.0,1529899282
68,4558,2.5,1269122927
220,356,5.0,1230061657
177,5989,4.5,1435524309
274,3114,4.0,1171934808
571,3499,4.0,966900228
534,116724,4.0,1459787997
438,33162,2.0,1115596653
329,858,2.0,1523468326
462,3422,4.0,1122653599
152,72378,2.0,1450867865
600,2321,4.0,1237763495
28,7090,2.0,1236314730
608,6539,4.0,1117162561
132,1219,4.0,1157922823
234,2568,3.0,1004408723
82,4015,4.5,1084466683
573,1291,5.0,1186589585
605,986,4.0,1277094969
29,3591,3.0,1307906057
305,31658,4.5,1460302952
560,134853,3.5,1469647901
86,588,4.0,1344082668
68,546,2.0,1269122893
477,53464,3.5,1200942157
280,2718,4.0,1347604921
559,10,3.0,845475880
201,1573,4.0,941211302
605,50796,2.0,1277176884
95,480,3.5,1105400942
226,1247,4.0,1159219631
59,1552,3.0,953609496
403,47,5.0,1225243620
425,316,3.5,1085477351
96,527,5.0,964772956
605,78105,3.5,1277176533
307,3033,3.0,1186162179
66,2316,3.5,1113188714
219,46965,4.0,1195699591
380,8666,1.0,1494071594
95,1307,5.0,1044744558
288,879,2.0,976138891
274,52435,3.5,1228303525
520,2012,4.0,1326608524
21,6166,2.0,1419794816
489,55768,2.5,1333831348
224,260,2.0,971812185
407,58559,5.0,1424349176
89,69720,4.5,1520409212
246,60684,5.0,1354124484
249,175569,4.5,1531598502
414,3275,5.0,998322752
555,3478,3.0,978749054
42,3247,2.0,996219026
122,1748,5.0,1461562430
156,2076,5.0,939898085
220,1387,5.0,1230328034
478,1073,4.0,1121467563
483,1214,4.0,1178293094
534,79428,3.5,1459787996
522,89492,4.0,1325653283
204,91104,1.0,1327184246
156,1171,3.0,946799453
610,1968,4.0,1493850238
353,196,3.0,831939826
111,4306,3.0,1516140840
112,1198,5.0,1442535778
455,110,4.0,836436000
217,564,1.0,955945521
105,4388,4.0,1446750677
294,2502,4.0,966595639
460,1,4.5,1359177505
590,27831,3.5,1258427631
517,101577,0.5,1487957195
414,1627,2.0,961516093
217,2268,3.0,955942896
599,67193,2.5,1498515584
234,1215,2.0,1004408088
186,4366,3.0,1031087604
132,3261,2.0,1161799366
318,184245,5.0,1517774414
603,2829,4.0,953927295
27,3791,3.0,965149357
603,949,4.0,953926558
232,51255,3.5,1234141890
509,53322,3.0,1435994136
73,109487,4.5,1464197113
448,62956,3.0,1262543184
102,432,3.0,835876239
448,6807,3.0,1066069801
20,1088,4.5,1054147512
169,5171,3.0,1059494397
448,3688,5.0,1019128536
42,1196,3.0,996215831
228,260,4.5,1363222887
424,111,4.0,1457902773
216,471,3.0,975212641
305,16,4.5,1460136042
522,71535,4.0,1258778547
292,45672,2.0,1169929390
554,899,5.0,944900147
489,3825,1.5,1333233752
105,1289,4.0,1447586830
523,81591,3.5,1503126132
274,380,4.0,1171409745
525,4720,4.0,1476479424
43,542,4.0,848994546
477,1278,4.0,1200940842
447,253,4.0,836960825
234,1582,3.0,1004409049
177,123545,3.0,1435720217
414,553,4.0,961513402
292,112852,4.5,1442098885
232,6539,4.5,1078451197
448,912,4.5,1113129247
141,6874,3.0,1513129978
469,223,3.0,965425699
525,8873,3.5,1476479726
368,1049,3.0,975829531
240,500,5.0,849122256
40,609,4.0,832060059
177,955,5.0,1435535908
419,593,3.0,1321659439
27,1210,4.0,962684909
563,70293,3.5,1446589980
132,48780,3.5,1329983602
402,477,3.0,849654510
141,296,4.0,1513130625
271,969,4.0,1234301699
610,39381,4.0,1493846973
587,1374,4.0,953142126
173,10,3.0,843397944
217,2376,3.0,955940894
5,590,5.0,847434747
589,1097,4.0,856043430
57,3639,3.0,969754343
523,152081,4.5,1503126170
105,170597,5.0,1526207809
331,96610,3.5,1537158150
21,6548,3.5,1421521954
528,6157,2.5,1391736766
599,610,3.5,1498797422
160,3087,1.0,971113866
474,92,3.5,1087832141
227,6874,4.0,1447210226
577,2415,3.0,945978669
414,52283,3.0,1194293717
402,1036,5.0,849601325
414,2003,4.0,961595866
188,1212,5.0,962560383
593,7153,4.5,1181007545
561,86298,1.5,1491091589
419,2706,4.5,1321659304
546,2455,3.0,973588435
610,1230,3.0,1493850321
391,1594,5.0,1032390126
244,547,4.0,975090740
109,21,3.0,841107538
313,5039,4.0,1030475342
484,3203,1.0,1342366074
597,1663,5.0,941641183
414,49649,1.5,1195587198
558,2987,4.0,1035415942
599,1220,3.5,1498501792
298,87520,1.0,1447517178
31,1196,4.0,850467408
599,5944,2.5,1498517342
169,1947,5.0,1078285264
322,2502,3.5,1217676628
307,1263,4.0,1186162229
337,358,3.0,860256159
95,1513,3.0,1043340210
318,1265,4.0,1312876495
441,7153,5.0,1449070473
43,432,4.0,848993928
380,1982,5.0,1494804017
608,2986,1.5,1117674822
298,110102,3.0,1447584751
278,2427,4.5,1193753136
232,62511,3.5,1269572093
567,58559,4.0,1525285588
592,10,3.0,837349966
91,6678,3.5,1112717289
45,4979,3.0,1034343730
448,47640,2.5,1191104574
474,3683,3.5,1137521116
538,595,5.0,1307846730
610,3752,3.5,1479544274
518,1876,4.5,1056907529
567,101070,2.5,1525287867
39,2762,5.0,974788030
249,588,4.0,1353800716
256,96079,4.0,1446579964
605,2291,3.5,1277175955
132,3882,2.5,1157997411
292,592,3.5,1265680327
424,589,2.0,1457844832
105,7458,3.5,1446749862
10,82499,2.0,1455398390
69,4876,3.0,1021645393
448,70286,3.5,1288640726
469,3681,5.0,965662177
601,3000,4.0,1521467860
603,2727,3.0,953925349
79,1197,4.0,975282009
20,5463,2.0,1054147287
610,48678,3.0,1495959053
610,4027,4.5,1479544343
294,2124,3.0,966595713
610,8983,3.5,1493845284
339,750,5.0,1460519033
74,27773,5.0,1207501803
292,2683,3.0,1016841591
62,98809,4.5,1521489734
305,134214,3.0,1460134466
32,1409,4.0,856736477
217,1380,3.0,955943967
368,225,3.0,971276975
469,2034,4.0,965335911
475,4701,4.0,1498030776
227,7147,5.0,1447210839
489,4299,0.5,1333231954
328,111759,4.0,1494211533
480,6754,3.5,1179165658
18,1954,4.0,1455749673
182,4383,2.5,1055153274
304,261,4.0,891173910
71,852,4.0,864738060
391,1057,3.0,1032648883
480,2329,5.0,1179160064
249,95441,3.5,1355677423
292,79293,3.5,1421974604
135,485,5.0,1009692293
156,921,3.0,946799400
198,3578,3.0,1034134690
134,592,3.0,832840928
283,785,3.0,901228470
414,2802,3.0,961514359
298,93443,2.0,1479057612
610,30793,3.0,1493846721
292,53996,4.5,1195948519
462,4878,2.0,1137445400
373,141,4.0,846830149
64,236,3.5,1161529390
202,3029,4.0,974921336
373,231,1.0,846829901
415,99114,4.5,1382470214
555,1994,4.0,978821985
167,1197,4.5,1154721881
534,102686,3.0,1459787998
409,1078,5.0,967920117
159,7143,4.0,1508640310
453,1923,4.0,972621329
80,5103,4.0,1377307819
328,82459,1.0,1494211021
573,58998,4.5,1370377729
492,990,4.0,863977525
43,588,5.0,848993660
474,2919,4.0,1137367870
604,105,2.0,832080193
68,8961,3.5,1158531177
265,3308,3.0,965318108
182,784,2.0,1055156182
140,3108,3.0,949667371
28,6,3.5,1234570483
457,110,5.0,993610382
414,848,4.0,961516964
600,4069,2.5,1237742763
525,5991,4.5,1476478362
177,4014,3.0,1435524493
414,32116,2.5,1109962272
72,150,4.0,1217324795
434,3000,5.0,1270604962
182,1199,5.0,1054779665
380,6721,3.0,1501787201
217,2748,2.0,955941623
29,953,5.0,1307906372
89,73822,5.0,1520409356
521,5,3.0,852713143
594,6793,4.0,1138587645
298,2232,3.0,1450369401
288,1909,3.5,1103647777
608,435,0.5,1117408418
495,3081,2.0,1458635864
226,7143,4.0,1097545497
230,8644,4.5,1196304992
230,1321,3.0,1196304162
509,6586,2.0,1435994666
198,5459,2.0,1034135451
365,593,0.5,1488332713
156,2065,3.0,939854008
63,111781,5.0,1443200278
24,102407,3.5,1458941328
232,72011,4.0,1283133101
249,356,4.5,1346841583
599,2826,2.5,1498516942
367,4321,4.0,997812510
372,800,2.0,874415402
323,105,3.0,1422640550
384,2959,4.0,996440903
429,339,5.0,828124616
64,3176,3.5,1161521172
209,1704,4.5,1524522185
339,56367,3.5,1460346323
580,2021,4.5,1167792885
307,57536,3.0,1211379268
113,1357,5.0,980051757
610,87529,2.5,1493848043
160,1734,5.0,971113112
218,2699,4.0,1111624851
330,5445,3.5,1285905295
312,2012,4.0,1043176998
416,26810,5.0,1187496255
302,589,4.0,854473232
346,4025,1.0,1125858314
328,2003,3.0,1494211253
232,6541,3.0,1218167223
495,1499,2.5,1458636525
247,136864,2.5,1467644011
380,5679,3.0,1494528205
469,1204,4.0,965661836
525,62434,3.5,1476476638
332,79702,2.0,1352672684
453,1729,4.0,972622944
562,1961,5.0,1368893918
541,371,3.0,835643759
294,2641,2.0,966634119
382,7573,3.0,1515249538
448,48516,4.0,1192374218
121,95,3.0,847656129
387,8199,4.0,1187066760
301,8949,3.5,1211378829
474,7053,4.0,1070286716
279,7143,4.0,1506395399
156,648,3.5,1106854675
524,1374,5.0,851609688
580,5378,4.0,1167792574
603,2677,5.0,954481981
380,164909,4.0,1495475873
70,69757,4.0,1355185504
249,60069,4.0,1346758138
448,648,3.0,1019125129
105,3753,3.5,1446573700
308,1028,4.0,1421375725
202,3638,3.0,974919214
288,2404,1.0,978467133
273,589,5.0,835861286
5,36,4.0,847435292
603,1701,5.0,963178307
232,43904,2.0,1218169297
212,6350,4.0,1490203098
561,364,4.0,1491091015
608,4545,2.5,1117506922
590,648,3.5,1258419662
553,55269,3.0,1219555980
489,4681,3.0,1333656669
594,593,5.0,1109036554
606,80,4.0,1171409272
477,1293,4.5,1203701716
286,1527,2.5,1119563220
489,48,4.0,1334587634
606,4239,3.5,1171834292
599,106072,2.5,1498529505
177,33493,3.0,1435524379
505,8874,5.0,1298780096
475,588,5.0,1498031529
298,8950,2.0,1447560508
474,280,3.0,1004131763
274,5080,4.0,1172109808
382,3826,3.5,1515175005
479,2384,4.0,1039362276
600,3269,2.5,1237713846
65,2028,4.0,1494768486
341,69122,2.5,1522174598
270,7,3.0,853918793
210,147382,4.5,1527266128
199,6016,4.0,1261363782
247,99114,3.5,1467644121
20,4246,5.0,1054037200
592,594,3.0,837350487
525,76251,3.5,1476476697
357,3247,3.0,1348628242
474,2130,3.5,1114445508
597,1953,3.0,940421094
182,4246,3.5,1055157072
84,122,3.0,858772698
475,1210,5.0,1498029362
58,588,5.0,847718433
352,91658,4.0,1493674355
19,2414,3.0,965709785
182,4007,4.0,1057526405
204,90746,3.5,1327181745
237,91658,3.0,1410632905
606,3076,4.0,1171363038
123,68157,4.0,1447292276
166,3438,3.5,1189038031
68,88129,3.0,1332628226
605,44225,1.0,1277176873
469,2301,3.0,965425863
608,7076,4.0,1117503270
19,497,3.0,965706045
336,1380,2.5,1120567995
415,909,4.5,1382470181
16,849,4.0,1377476589
448,80590,2.0,1322329754
438,4866,3.0,1105664320
331,4638,2.0,1537158146
514,149330,4.0,1535944005
452,541,5.0,1013395184
177,898,5.0,1435535236
103,1588,4.5,1431969602
534,94015,4.0,1459789137
438,2012,3.0,1113763653
188,2312,5.0,962559492
448,112370,1.5,1433790679
414,2338,2.0,961682465
292,68358,4.0,1262376359
605,72998,3.5,1277097079
599,99638,3.0,1498527023
561,8633,3.5,1491095475
380,122882,4.0,1494803849
178,1883,4.5,1163673613
82,2628,3.5,1084467885
282,40819,4.0,1378491599
274,4899,1.5,1172026130
233,1721,3.5,1529334058
148,5816,4.0,1482548755
64,1968,3.5,1161520955
288,1747,2.5,1246852265
517,1597,1.5,1487953938
3,5048,0.5,1306464284
249,44665,3.0,1346757958
600,6750,3.5,1237710409
534,72308,4.0,1459787996
377,2791,5.0,1340343300
252,166643,4.0,1498284578
477,6707,2.0,1201072669
379,454,4.0,847397421
534,27251,4.5,1459793333
561,1997,3.5,1491092023
560,1111,3.5,1469677595
606,69844,4.0,1253746811
326,20,3.5,1322250792
474,6547,2.5,1089387216
310,1233,5.0,1078647887
56,592,3.0,835799034
64,3100,3.5,1161620653
169,3911,4.5,1059428269
416,4995,2.5,1187496628
113,1244,4.0,980306983
230,593,3.0,1196304314
524,1027,2.0,851609037
525,5785,0.5,1476479806
560,71156,4.0,1469651767
381,56152,3.5,1197247512
4,4765,5.0,1007569445
590,940,5.0,1258417339
68,3969,3.0,1158535156
380,5541,4.0,1495475921
610,27905,3.5,1493848501
334,1249,3.0,1225477235
447,520,3.0,836962002
348,79132,5.0,1378850281
222,7438,4.0,1391350241
168,7333,4.5,1306802841
474,38038,4.5,1139664180
262,728,3.0,840309986
607,366,5.0,963079441
160,780,1.0,971114316
184,162982,3.0,1537098924
599,53322,2.5,1498527228
372,590,3.0,874417021
469,329,2.0,965334310
490,69122,3.0,1324374205
352,527,5.0,1493931921
64,39,4.0,1161520967
56,593,5.0,835799139
160,592,4.0,971113741
186,2054,4.0,1031080305
414,5094,2.0,1044287079
387,3587,1.5,1155110941
217,2384,4.0,955943627
424,3176,5.0,1457845011
115,590,3.0,944951378
198,2023,4.0,1034137256
81,288,3.0,845299800
149,329,1.0,902085002
182,1627,3.5,1055154253
138,1960,4.0,1222676075
288,4720,3.0,1029873895
69,2476,4.0,1021643744
298,111659,1.0,1453033364
263,1197,4.0,941591735
404,151,3.0,838376027
334,231,3.5,1225477886
600,2657,4.5,1237858702
219,2791,4.5,1194931972
28,1230,2.0,1243837368
80,5349,4.0,1377309022
414,2500,3.0,961438373
42,153,2.0,996255744
414,441,4.0,961438413
448,33166,4.0,1205147908
550,2571,4.5,1488629924
555,1200,5.0,978748483
232,1032,3.0,1182910079
561,4545,3.5,1491092076
10,8533,5.0,1455301847
111,61323,2.5,1517441208
387,26131,4.5,1117354763
74,2908,5.0,1207499117
339,1221,4.5,1460346330
89,4701,4.0,1520408431
483,1266,4.5,1327277266
560,54372,4.0,1469675096
534,1387,4.5,1459787997
18,115713,4.5,1455051411
605,1032,1.0,1277096214
448,122490,1.5,1474301155
567,76175,0.5,1525289854
414,804,3.0,961439308
101,3717,4.0,968441029
200,7373,4.0,1229887487
599,4394,1.5,1519331093
368,3438,2.0,975830036
226,2151,3.0,1101596136
313,924,3.0,1030474705
596,8371,3.0,1535712291
339,106782,5.0,1460182409
610,3717,2.5,1493845921
441,4571,5.0,1449070947
610,924,4.5,1493850330
39,364,4.0,974788976
63,344,5.0,1443201075
6,196,3.0,845553586
70,1172,5.0,1355184567
164,3578,5.0,999708257
387,3176,4.0,1151624367
61,1090,4.0,1145532596
121,282,3.0,847656113
528,99813,3.0,1391736746
68,59615,1.0,1230497684
305,59421,3.5,1518198907
476,587,4.0,835022003
51,5254,2.5,1230929994
359,1721,4.5,1198112164
368,3841,3.0,975830276
414,58293,2.0,1273978054
478,368,3.5,1121467292
572,1234,5.0,945892338
166,51255,3.5,1189038769
448,4198,3.0,1019226921
434,3863,1.0,1270602440
387,743,1.5,1158561248
596,1527,3.5,1535827368
7,8984,4.0,1106636101
39,2391,5.0,974789727
288,3812,3.0,978559764
270,736,4.0,853918728
125,59784,4.0,1474424744
58,587,4.0,847718674
599,1703,2.0,1519346501
599,991,3.5,1519233999
484,2059,2.5,1342227954
80,44199,5.0,1377308758
93,2302,4.0,942767045
226,432,3.0,1095662911
226,4980,4.0,1101596116
489,2396,2.5,1333101514
391,1256,5.0,1032388098
68,44709,4.0,1261085771
156,47,3.5,1106854709
422,4835,4.0,1004470004
251,1259,5.0,1470676840
366,4993,4.5,1445546419
328,1032,3.0,1494212057
322,1056,2.5,1217675520
1,2617,2.0,964982588
57,1283,5.0,965798574
177,45950,4.0,1435525275
387,3244,3.0,1117429941
4,1517,4.0,945079790
198,3863,2.0,1034195222
368,3984,3.0,975828739
17,80463,4.0,1305696734
68,3098,3.0,1261623513
68,54001,5.0,1198454306
284,485,3.0,832699795
39,1210,5.0,974787586
391,2574,2.0,1030825317
109,266,3.0,841107725
354,344,2.5,1200870094
178,1270,4.5,1164355299
135,1674,4.0,1009691562
198,2692,4.0,1034136057
318,86377,4.0,1413560299
561,56174,2.5,1491094550
111,4974,1.0,1516141433
293,420,2.0,1044871002
12,4018,4.5,1247264420
448,6645,2.5,1064154408
321,161,3.0,843212458
453,2325,4.0,1005967598
222,33794,3.5,1391350083
428,1665,3.0,1111525427
165,5218,4.0,1046741394
250,2085,4.0,1121217942
356,916,4.5,1228072704
603,1428,3.0,953927486
382,72696,0.5,1515163384
62,3948,4.0,1521490259
387,4614,2.5,1144394665
105,172587,5.0,1526207610
414,51091,4.0,1216146659
304,1,5.0,881428344
562,7160,4.0,1368897230
45,4886,5.0,1007483502
122,4886,5.0,1461561432
140,6565,3.5,1067987025
182,319,4.5,1057526383
448,131013,2.0,1456147797
573,50068,3.0,1186589452
610,909,4.5,1494273054
387,44555,4.0,1210488033
555,2410,2.0,978823389
267,110,4.0,959806612
66,608,4.0,1093748067
179,34,5.0,840907679
599,4006,2.5,1519327986
155,3578,4.0,963872698
561,94864,2.0,1491091469
68,71282,4.5,1271544397
305,168266,3.5,1530817805
249,84942,3.5,1369396933
592,380,5.0,837349831
356,3363,4.5,1228072634
487,4306,4.0,1428574200
434,110,4.5,1270604574
562,27140,3.0,1368893557
448,8447,1.0,1087150729
182,1961,4.0,1063285692
414,3526,4.0,961595566
491,171867,2.0,1523206915
590,1032,4.0,1258426923
495,6365,3.0,1458636069
91,58,2.0,1112710933
202,2022,3.0,975015080
177,86332,4.0,1435525204
603,1676,5.0,963177406
573,8361,4.0,1186722130
346,8973,4.0,1125857372
464,67534,2.5,1325594145
582,88125,5.0,1446792703
182,2140,2.5,1054779833
610,4638,3.0,1493845472
249,5445,4.0,1346847731
124,318,4.5,1336412895
405,1209,3.5,1298431405
159,2959,3.0,1508640222
137,2064,5.0,1204859055
217,2151,3.0,955944863
380,44972,2.0,1494071638
414,80126,4.0,1294085413
414,2342,3.0,961438127
57,1884,2.0,972175395
608,2,2.0,1117490786
305,166528,3.0,1518198335
103,72407,2.5,1431955494
89,140541,4.0,1520409521
608,3534,2.5,1117490870
